-- MySQL dump 10.13  Distrib 8.0.45, for Linux (x86_64)
--
-- Host: localhost    Database: lineup_db
-- ------------------------------------------------------
-- Server version	8.0.45

/*!40101 SET @OLD_CHARACTER_SET_CLIENT=@@CHARACTER_SET_CLIENT */;
/*!40101 SET @OLD_CHARACTER_SET_RESULTS=@@CHARACTER_SET_RESULTS */;
/*!40101 SET @OLD_COLLATION_CONNECTION=@@COLLATION_CONNECTION */;
/*!50503 SET NAMES utf8mb4 */;
/*!40103 SET @OLD_TIME_ZONE=@@TIME_ZONE */;
/*!40103 SET TIME_ZONE='+00:00' */;
/*!40014 SET @OLD_UNIQUE_CHECKS=@@UNIQUE_CHECKS, UNIQUE_CHECKS=0 */;
/*!40014 SET @OLD_FOREIGN_KEY_CHECKS=@@FOREIGN_KEY_CHECKS, FOREIGN_KEY_CHECKS=0 */;
/*!40101 SET @OLD_SQL_MODE=@@SQL_MODE, SQL_MODE='NO_AUTO_VALUE_ON_ZERO' */;
/*!40111 SET @OLD_SQL_NOTES=@@SQL_NOTES, SQL_NOTES=0 */;

--
-- Table structure for table `clubs`
--

DROP TABLE IF EXISTS `clubs`;
/*!40101 SET @saved_cs_client     = @@character_set_client */;
/*!50503 SET character_set_client = utf8mb4 */;
CREATE TABLE `clubs` (
  `id` int NOT NULL AUTO_INCREMENT,
  `name` varchar(100) NOT NULL,
  `created_at` datetime NOT NULL DEFAULT CURRENT_TIMESTAMP,
  PRIMARY KEY (`id`)
) ENGINE=InnoDB AUTO_INCREMENT=2 DEFAULT CHARSET=utf8mb4 COLLATE=utf8mb4_0900_ai_ci;
/*!40101 SET character_set_client = @saved_cs_client */;

--
-- Dumping data for table `clubs`
--

LOCK TABLES `clubs` WRITE;
/*!40000 ALTER TABLE `clubs` DISABLE KEYS */;
INSERT INTO `clubs` VALUES (1,'Onze Club','2026-04-17 19:50:56');
/*!40000 ALTER TABLE `clubs` ENABLE KEYS */;
UNLOCK TABLES;

--
-- Table structure for table `coaches`
--

DROP TABLE IF EXISTS `coaches`;
/*!40101 SET @saved_cs_client     = @@character_set_client */;
/*!50503 SET character_set_client = utf8mb4 */;
CREATE TABLE `coaches` (
  `id` int NOT NULL AUTO_INCREMENT,
  `team_id` int DEFAULT NULL,
  `name` varchar(100) NOT NULL,
  `created_at` timestamp NULL DEFAULT CURRENT_TIMESTAMP,
  PRIMARY KEY (`id`),
  UNIQUE KEY `name` (`name`),
  KEY `FK_Coaches_Teams` (`team_id`),
  CONSTRAINT `FK_Coaches_Teams` FOREIGN KEY (`team_id`) REFERENCES `teams` (`id`) ON DELETE CASCADE
) ENGINE=InnoDB AUTO_INCREMENT=5 DEFAULT CHARSET=utf8mb4 COLLATE=utf8mb4_0900_ai_ci;
/*!40101 SET character_set_client = @saved_cs_client */;

--
-- Dumping data for table `coaches`
--

LOCK TABLES `coaches` WRITE;
/*!40000 ALTER TABLE `coaches` DISABLE KEYS */;
INSERT INTO `coaches` VALUES (1,1,'Brent','2026-04-18 19:57:31'),(2,1,'Shirley','2026-04-18 19:57:31'),(4,2,'Robin Stroobants','2026-04-20 18:03:38');
/*!40000 ALTER TABLE `coaches` ENABLE KEYS */;
UNLOCK TABLES;

--
-- Table structure for table `game_lineups`
--

DROP TABLE IF EXISTS `game_lineups`;
/*!40101 SET @saved_cs_client     = @@character_set_client */;
/*!50503 SET character_set_client = utf8mb4 */;
CREATE TABLE `game_lineups` (
  `id` int NOT NULL AUTO_INCREMENT,
  `game_id` int NOT NULL,
  `schema_id` int NOT NULL,
  `player_order` varchar(255) NOT NULL,
  `score` float DEFAULT '0',
  `is_final` tinyint(1) DEFAULT '0',
  `created_at` timestamp NULL DEFAULT CURRENT_TIMESTAMP,
  PRIMARY KEY (`id`),
  KEY `game_id` (`game_id`),
  CONSTRAINT `game_lineups_ibfk_1` FOREIGN KEY (`game_id`) REFERENCES `games` (`id`) ON DELETE CASCADE
) ENGINE=InnoDB AUTO_INCREMENT=105 DEFAULT CHARSET=utf8mb4 COLLATE=utf8mb4_0900_ai_ci;
/*!40101 SET character_set_client = @saved_cs_client */;

--
-- Dumping data for table `game_lineups`
--

LOCK TABLES `game_lineups` WRITE;
/*!40000 ALTER TABLE `game_lineups` DISABLE KEYS */;
INSERT INTO `game_lineups` VALUES (1,1,209,'19,11,8,2,12,16,3,10,15,5',0,1,'2026-04-17 22:04:50'),(2,2,84,'19,16,12,3,13,2,10,5,15,11,8',0,1,'2026-04-17 22:04:50'),(3,3,87,'4,2,12,15,34,16,13,10,5,3,8',0,1,'2026-04-17 22:04:50'),(4,5,209,'4,15,8,3,12,10,2,13,11,5',0,1,'2026-04-17 22:04:50'),(5,6,91,'19,5,12,11,8,13,15,10,2,16,3',0,1,'2026-04-17 22:04:50'),(6,7,10,'4,15,8,13,2,16,3,10,11,5',0,1,'2026-04-17 22:04:50'),(7,8,2,'19,6,22,17,7,20,35,14,21',0,1,'2026-04-17 22:04:50'),(8,9,999,'4,11,17,7,6,16,14,15,3,22',0,1,'2026-04-17 22:04:50'),(9,10,424,'4,7,34,14,17,6,20,21,35,22',0,1,'2026-04-17 22:04:50'),(10,11,82,'19,5,13,8,2,16,12,10,11,15,3',0,1,'2026-04-17 22:04:50'),(11,12,628,'19,7,14,17,22,35,20,21,34,9',0,1,'2026-04-17 22:04:50'),(12,13,3,'19,35,2,5,9,10,34,20,21,8,13,12',0,1,'2026-04-17 22:04:50'),(13,14,1234,'4,17,35,7,34,14,9,20,21,22',0,1,'2026-04-17 22:04:50'),(14,15,88,'19,11,12,2,5,10,13,16,15,3,8',0,1,'2026-04-17 22:04:50'),(15,16,83,'18,15,16,8,11,13,5,3,2,12,10',0,1,'2026-04-17 22:04:50'),(16,18,102,'19,21,9,17,34,20,35,14,7',0,1,'2026-04-17 22:04:50'),(17,20,9,'4,11,13,12,16,10,3,8,2,5',0,1,'2026-04-17 22:04:50'),(18,21,92,'19,7,35,34,22,17,6,20,21,9,14',0,1,'2026-04-17 22:04:50'),(19,22,10,'4,6,9,2,35,10,3,13,7,15',0,1,'2026-04-17 22:04:50'),(20,23,8,'18,11,22,34,12,19,14,8,21,5',0,1,'2026-04-17 22:04:50'),(21,24,1,'35,5,2,6,9,10,14,13,15',0,1,'2026-04-17 22:04:50'),(22,25,8,'19,21,12,8,20,17,34,11,22,7',0,1,'2026-04-17 22:04:50'),(23,26,93,'4,6,3,7,2,9,10,13,15,16,35',0,1,'2026-04-17 22:04:50'),(24,28,95,'4,7,6,13,9,35,16,10,15,3,2',0,1,'2026-04-17 22:04:50'),(25,29,7,'4,6,9,35,2,10,3,13,7,16',0,1,'2026-04-17 22:04:50'),(26,30,85,'18,17,12,19,11,22,5,8,21,20,34',0,1,'2026-04-17 22:04:50'),(27,31,117,'4,6,35,2,7,10,13,9,15,16',0,1,'2026-04-17 22:04:50'),(28,32,98,'18,21,11,17,34,22,12,20,5,8,14,19',0,1,'2026-04-17 22:04:50'),(29,33,103,'4,6,9,2,16,11,13,35,7',0,1,'2026-04-17 22:04:50'),(30,34,6,'18,11,19,12,17,8,34,20,21,5',0,1,'2026-04-17 22:04:50'),(31,35,82,'18,11,8,14,22,20,5,34,17,21,12',0,1,'2026-04-17 22:04:50'),(32,36,97,'4,7,3,6,13,35,10,9,15,16,2',0,1,'2026-04-17 22:04:50'),(33,37,11,'4,6,9,2,35,10,3,13,7,16',0,1,'2026-04-17 22:04:50'),(34,38,91,'18,21,12,20,34,8,5,11,17,14,22',0,1,'2026-04-17 22:04:50'),(35,39,82,'4,6,2,13,10,16,35,9,7,15,3',0,1,'2026-04-17 22:04:50'),(36,40,88,'18,11,34,17,5,19,8,12,21,22,20',0,1,'2026-04-17 22:04:50'),(37,41,105,'18,17,8,22,5,21,20,14,11',0,1,'2026-04-17 22:04:50'),(38,42,14,'4,7,2,9,3,13,10,35,6,16',0,1,'2026-04-17 22:04:50'),(40,44,10,'18,21,14,22,17,8,34,12,11,5',0,1,'2026-04-17 22:04:50'),(41,45,2,'16,35,3,9,15,13,2,7,6',0,1,'2026-04-17 22:04:50');
/*!40000 ALTER TABLE `game_lineups` ENABLE KEYS */;
UNLOCK TABLES;

--
-- Table structure for table `game_playtime_logs`
--

DROP TABLE IF EXISTS `game_playtime_logs`;
/*!40101 SET @saved_cs_client     = @@character_set_client */;
/*!50503 SET character_set_client = utf8mb4 */;
CREATE TABLE `game_playtime_logs` (
  `id` int NOT NULL AUTO_INCREMENT,
  `game_id` int NOT NULL,
  `player_id` int NOT NULL,
  `coach_id` int DEFAULT NULL,
  `seconds_played` int DEFAULT '0',
  `seconds_bank` int DEFAULT '0',
  `seconds_gk` int DEFAULT '0',
  `created_at` timestamp NULL DEFAULT CURRENT_TIMESTAMP,
  PRIMARY KEY (`id`),
  UNIQUE KEY `uq_game_player` (`game_id`,`player_id`),
  KEY `player_id` (`player_id`),
  KEY `coach_id` (`coach_id`),
  CONSTRAINT `game_playtime_logs_ibfk_1` FOREIGN KEY (`game_id`) REFERENCES `games` (`id`) ON DELETE CASCADE,
  CONSTRAINT `game_playtime_logs_ibfk_2` FOREIGN KEY (`player_id`) REFERENCES `players` (`id`) ON DELETE CASCADE,
  CONSTRAINT `game_playtime_logs_ibfk_3` FOREIGN KEY (`coach_id`) REFERENCES `users` (`id`) ON DELETE SET NULL
) ENGINE=InnoDB AUTO_INCREMENT=1445 DEFAULT CHARSET=utf8mb4 COLLATE=utf8mb4_0900_ai_ci;
/*!40101 SET character_set_client = @saved_cs_client */;

--
-- Dumping data for table `game_playtime_logs`
--

LOCK TABLES `game_playtime_logs` WRITE;
/*!40000 ALTER TABLE `game_playtime_logs` DISABLE KEYS */;
INSERT INTO `game_playtime_logs` VALUES (417,13,19,3,3600,0,3600,'2026-04-22 14:57:34'),(418,13,35,3,2100,1500,0,'2026-04-22 14:57:34'),(419,13,2,3,2100,1500,0,'2026-04-22 14:57:34'),(420,13,5,3,2400,1200,0,'2026-04-22 14:57:34'),(421,13,9,3,2100,1500,0,'2026-04-22 14:57:34'),(422,13,10,3,2100,1500,0,'2026-04-22 14:57:34'),(423,13,34,3,2400,1200,0,'2026-04-22 14:57:34'),(424,13,20,3,2400,1200,0,'2026-04-22 14:57:34'),(425,13,21,3,2400,1200,0,'2026-04-22 14:57:34'),(426,13,8,3,2400,1200,0,'2026-04-22 14:57:34'),(427,13,13,3,2400,1200,0,'2026-04-22 14:57:34'),(428,13,12,3,2400,1200,0,'2026-04-22 14:57:34'),(542,29,4,2,3600,0,3600,'2026-04-22 14:57:36'),(543,29,6,2,2700,900,0,'2026-04-22 14:57:36'),(544,29,9,2,2700,900,0,'2026-04-22 14:57:36'),(545,29,35,2,3150,450,0,'2026-04-22 14:57:36'),(546,29,2,2,2700,900,0,'2026-04-22 14:57:36'),(547,29,10,2,2700,900,0,'2026-04-22 14:57:36'),(548,29,3,2,2700,900,0,'2026-04-22 14:57:36'),(549,29,13,2,2700,900,0,'2026-04-22 14:57:36'),(550,29,7,2,2700,900,0,'2026-04-22 14:57:36'),(551,29,16,2,3150,450,0,'2026-04-22 14:57:36'),(615,36,4,2,3600,0,3600,'2026-04-22 14:57:36'),(616,36,7,2,2250,1350,0,'2026-04-22 14:57:36'),(617,36,3,2,2700,900,0,'2026-04-22 14:57:36'),(618,36,6,2,2250,1350,0,'2026-04-22 14:57:36'),(619,36,13,2,2250,1350,0,'2026-04-22 14:57:36'),(620,36,35,2,2700,900,0,'2026-04-22 14:57:36'),(621,36,10,2,2700,900,0,'2026-04-22 14:57:36'),(622,36,9,2,2250,1350,0,'2026-04-22 14:57:36'),(623,36,15,2,2700,900,0,'2026-04-22 14:57:36'),(624,36,16,2,2700,900,0,'2026-04-22 14:57:36'),(625,36,2,2,2700,900,0,'2026-04-22 14:57:36'),(647,39,4,3,3600,0,3600,'2026-04-22 14:57:37'),(648,39,6,3,2250,1350,0,'2026-04-22 14:57:37'),(649,39,2,3,2250,1350,0,'2026-04-22 14:57:37'),(650,39,13,3,2700,900,0,'2026-04-22 14:57:37'),(651,39,10,3,2700,900,0,'2026-04-22 14:57:37'),(652,39,16,3,2700,900,0,'2026-04-22 14:57:37'),(653,39,35,3,2250,1350,0,'2026-04-22 14:57:37'),(654,39,9,3,2250,1350,0,'2026-04-22 14:57:37'),(655,39,7,3,2700,900,0,'2026-04-22 14:57:37'),(656,39,15,3,2700,900,0,'2026-04-22 14:57:37'),(657,39,3,3,2700,900,0,'2026-04-22 14:57:37'),(658,40,18,2,3600,0,3600,'2026-04-22 14:57:37'),(659,40,11,2,2700,900,0,'2026-04-22 14:57:37'),(660,40,34,2,2700,900,0,'2026-04-22 14:57:37'),(661,40,17,2,2250,1350,0,'2026-04-22 14:57:37'),(662,40,5,2,2250,1350,0,'2026-04-22 14:57:37'),(663,40,19,2,2250,1350,0,'2026-04-22 14:57:37'),(664,40,8,2,2700,900,0,'2026-04-22 14:57:37'),(665,40,12,2,2250,1350,0,'2026-04-22 14:57:37'),(666,40,21,2,2700,900,0,'2026-04-22 14:57:37'),(667,40,22,2,2700,900,0,'2026-04-22 14:57:37'),(668,40,20,2,2700,900,0,'2026-04-22 14:57:37'),(1042,38,18,2,3600,0,3600,'2026-04-22 15:05:40'),(1043,38,21,2,2700,900,0,'2026-04-22 15:05:40'),(1044,38,12,2,2700,900,0,'2026-04-22 15:05:40'),(1045,38,20,2,2250,1350,0,'2026-04-22 15:05:40'),(1046,38,34,2,2250,1350,0,'2026-04-22 15:05:40'),(1047,38,8,2,2250,1350,0,'2026-04-22 15:05:40'),(1048,38,5,2,2700,900,0,'2026-04-22 15:05:40'),(1049,38,11,2,2250,1350,0,'2026-04-22 15:05:40'),(1050,38,17,2,2700,900,0,'2026-04-22 15:05:40'),(1051,38,14,2,2700,900,0,'2026-04-22 15:05:40'),(1052,38,22,2,2700,900,0,'2026-04-22 15:05:40'),(1053,35,18,3,3600,0,3600,'2026-04-22 15:05:40'),(1054,35,11,3,2250,1350,0,'2026-04-22 15:05:40'),(1055,35,8,3,2250,1350,0,'2026-04-22 15:05:40'),(1056,35,14,3,2700,900,0,'2026-04-22 15:05:40'),(1057,35,22,3,2700,900,0,'2026-04-22 15:05:40'),(1058,35,20,3,2700,900,0,'2026-04-22 15:05:40'),(1059,35,5,3,2250,1350,0,'2026-04-22 15:05:40'),(1060,35,34,3,2250,1350,0,'2026-04-22 15:05:40'),(1061,35,17,3,2700,900,0,'2026-04-22 15:05:40'),(1062,35,21,3,2700,900,0,'2026-04-22 15:05:40'),(1063,35,12,3,2700,900,0,'2026-04-22 15:05:40'),(1064,34,18,3,3600,0,3600,'2026-04-22 15:05:40'),(1065,34,11,3,2700,900,0,'2026-04-22 15:05:40'),(1066,34,19,3,2700,900,0,'2026-04-22 15:05:40'),(1067,34,12,3,3150,450,0,'2026-04-22 15:05:40'),(1068,34,17,3,2700,900,0,'2026-04-22 15:05:40'),(1069,34,8,3,2700,900,0,'2026-04-22 15:05:40'),(1070,34,34,3,2700,900,0,'2026-04-22 15:05:40'),(1071,34,20,3,2700,900,0,'2026-04-22 15:05:40'),(1072,34,21,3,2700,900,0,'2026-04-22 15:05:40'),(1073,34,5,3,3150,450,0,'2026-04-22 15:05:40'),(1074,32,18,3,3600,0,3600,'2026-04-22 15:05:40'),(1075,32,21,3,2250,1350,0,'2026-04-22 15:05:40'),(1076,32,11,3,2250,1350,0,'2026-04-22 15:05:40'),(1077,32,17,3,2250,1350,0,'2026-04-22 15:05:40'),(1078,32,34,3,2250,1350,0,'2026-04-22 15:05:40'),(1079,32,22,3,2250,1350,0,'2026-04-22 15:05:40'),(1080,32,12,3,2250,1350,0,'2026-04-22 15:05:40'),(1081,32,20,3,2250,1350,0,'2026-04-22 15:05:40'),(1082,32,5,3,2250,1350,0,'2026-04-22 15:05:40'),(1083,32,8,3,2250,1350,0,'2026-04-22 15:05:40'),(1084,32,14,3,2700,900,0,'2026-04-22 15:05:40'),(1085,32,19,3,2250,1350,0,'2026-04-22 15:05:40'),(1086,30,18,3,3600,0,3600,'2026-04-22 15:05:40'),(1087,30,17,3,2700,900,0,'2026-04-22 15:05:40'),(1088,30,12,3,2700,900,0,'2026-04-22 15:05:40'),(1089,30,19,3,2250,1350,0,'2026-04-22 15:05:40'),(1090,30,11,3,2250,1350,0,'2026-04-22 15:05:40'),(1091,30,22,3,2250,1350,0,'2026-04-22 15:05:40'),(1092,30,5,3,2700,900,0,'2026-04-22 15:05:40'),(1093,30,8,3,2250,1350,0,'2026-04-22 15:05:40'),(1094,30,21,3,2700,900,0,'2026-04-22 15:05:40'),(1095,30,20,3,2700,900,0,'2026-04-22 15:05:40'),(1096,30,34,3,2700,900,0,'2026-04-22 15:05:40'),(1097,27,18,3,3600,0,3600,'2026-04-22 15:05:40'),(1098,27,11,3,2700,900,0,'2026-04-22 15:05:40'),(1099,27,5,3,2700,900,0,'2026-04-22 15:05:40'),(1100,27,34,3,2250,1350,0,'2026-04-22 15:05:40'),(1101,27,14,3,2250,1350,0,'2026-04-22 15:05:40'),(1102,27,19,3,2250,1350,0,'2026-04-22 15:05:40'),(1103,27,17,3,2700,900,0,'2026-04-22 15:05:40'),(1104,27,8,3,2250,1350,0,'2026-04-22 15:05:40'),(1105,27,21,3,2700,900,0,'2026-04-22 15:05:40'),(1106,27,20,3,2700,900,0,'2026-04-22 15:05:40'),(1107,27,22,3,2700,900,0,'2026-04-22 15:05:40'),(1108,25,19,3,3600,0,3600,'2026-04-22 15:05:40'),(1109,25,21,3,3150,450,0,'2026-04-22 15:05:40'),(1110,25,12,3,1800,1800,0,'2026-04-22 15:05:40'),(1111,25,8,3,3150,450,0,'2026-04-22 15:05:40'),(1112,25,20,3,3150,450,0,'2026-04-22 15:05:40'),(1113,25,17,3,2700,900,0,'2026-04-22 15:05:40'),(1114,25,34,3,3150,450,0,'2026-04-22 15:05:40'),(1115,25,11,3,3150,450,0,'2026-04-22 15:05:40'),(1116,25,22,3,3150,450,0,'2026-04-22 15:05:40'),(1117,25,7,3,3150,450,0,'2026-04-22 15:05:40'),(1118,23,18,2,3600,0,3600,'2026-04-22 15:05:40'),(1119,23,11,2,2700,900,0,'2026-04-22 15:05:40'),(1120,23,22,2,2700,900,0,'2026-04-22 15:05:40'),(1121,23,34,2,3150,450,0,'2026-04-22 15:05:40'),(1122,23,12,2,2700,900,0,'2026-04-22 15:05:40'),(1123,23,19,2,2700,900,0,'2026-04-22 15:05:40'),(1124,23,14,2,2700,900,0,'2026-04-22 15:05:40'),(1125,23,8,2,2700,900,0,'2026-04-22 15:05:40'),(1126,23,21,2,2700,900,0,'2026-04-22 15:05:40'),(1127,23,5,2,3150,450,0,'2026-04-22 15:05:40'),(1128,42,4,3,3600,0,3600,'2026-04-22 15:05:40'),(1129,42,7,3,3150,450,0,'2026-04-22 15:05:40'),(1130,42,2,3,2700,900,0,'2026-04-22 15:05:40'),(1131,42,9,3,2700,900,0,'2026-04-22 15:05:40'),(1132,42,3,3,2700,900,0,'2026-04-22 15:05:40'),(1133,42,13,3,2700,900,0,'2026-04-22 15:05:40'),(1134,42,10,3,2700,900,0,'2026-04-22 15:05:40'),(1135,42,35,3,2700,900,0,'2026-04-22 15:05:40'),(1136,42,6,3,2700,900,0,'2026-04-22 15:05:40'),(1137,42,16,3,3150,450,0,'2026-04-22 15:05:40'),(1138,43,4,3,3600,0,3600,'2026-04-22 15:05:40'),(1139,43,6,3,2700,900,0,'2026-04-22 15:05:40'),(1140,43,2,3,2700,900,0,'2026-04-22 15:05:40'),(1141,43,7,3,3150,450,0,'2026-04-22 15:05:40'),(1142,43,3,3,2700,900,0,'2026-04-22 15:05:40'),(1143,43,10,3,2700,900,0,'2026-04-22 15:05:40'),(1144,43,35,3,2700,900,0,'2026-04-22 15:05:40'),(1145,43,9,3,2700,900,0,'2026-04-22 15:05:40'),(1146,43,13,3,2700,900,0,'2026-04-22 15:05:40'),(1147,43,16,3,3150,450,0,'2026-04-22 15:05:40'),(1148,45,16,3,3150,450,1800,'2026-04-22 15:05:40'),(1149,45,35,3,3600,0,1800,'2026-04-22 15:05:40'),(1150,45,3,3,3150,450,0,'2026-04-22 15:05:40'),(1151,45,9,3,3150,450,0,'2026-04-22 15:05:40'),(1152,45,15,3,3150,450,0,'2026-04-22 15:05:40'),(1153,45,13,3,3150,450,0,'2026-04-22 15:05:40'),(1154,45,10,3,0,3600,0,'2026-04-22 15:05:40'),(1155,45,2,3,2250,1350,0,'2026-04-22 15:05:40'),(1156,45,7,3,3600,0,0,'2026-04-22 15:05:40'),(1157,45,6,3,3600,0,0,'2026-04-22 15:05:40'),(1158,37,4,3,3600,0,3600,'2026-04-22 15:05:40'),(1159,37,6,3,2700,900,0,'2026-04-22 15:05:41'),(1160,37,9,3,2700,900,0,'2026-04-22 15:05:41'),(1161,37,2,3,3150,450,0,'2026-04-22 15:05:41'),(1162,37,35,3,2700,900,0,'2026-04-22 15:05:41'),(1163,37,10,3,2700,900,0,'2026-04-22 15:05:41'),(1164,37,3,3,2700,900,0,'2026-04-22 15:05:41'),(1165,37,13,3,2700,900,0,'2026-04-22 15:05:41'),(1166,37,7,3,2700,900,0,'2026-04-22 15:05:41'),(1167,37,16,3,3150,450,0,'2026-04-22 15:05:41'),(1168,33,4,2,3600,0,3600,'2026-04-22 15:05:41'),(1169,33,6,2,3150,450,0,'2026-04-22 15:05:41'),(1170,33,9,2,2700,900,0,'2026-04-22 15:05:41'),(1171,33,2,2,3150,450,0,'2026-04-22 15:05:41'),(1172,33,16,2,3600,0,0,'2026-04-22 15:05:41'),(1173,33,11,2,3150,450,0,'2026-04-22 15:05:41'),(1174,33,13,2,2700,900,0,'2026-04-22 15:05:41'),(1175,33,35,2,3150,450,0,'2026-04-22 15:05:41'),(1176,33,7,2,3600,0,0,'2026-04-22 15:05:41'),(1177,31,4,2,5400,0,5400,'2026-04-22 15:05:41'),(1178,31,6,2,4500,900,0,'2026-04-22 15:05:41'),(1179,31,35,2,4050,1350,0,'2026-04-22 15:05:41'),(1180,31,2,2,4500,900,0,'2026-04-22 15:05:41'),(1181,31,7,2,4050,1350,0,'2026-04-22 15:05:41'),(1182,31,10,2,4050,1350,0,'2026-04-22 15:05:41'),(1183,31,13,2,4050,1350,0,'2026-04-22 15:05:41'),(1184,31,9,2,4050,1350,0,'2026-04-22 15:05:41'),(1185,31,15,2,4050,1350,0,'2026-04-22 15:05:41'),(1186,31,16,2,4500,900,0,'2026-04-22 15:05:41'),(1187,28,4,2,3600,0,3600,'2026-04-22 15:05:41'),(1188,28,7,2,2700,900,0,'2026-04-22 15:05:41'),(1189,28,6,2,2700,900,0,'2026-04-22 15:05:41'),(1190,28,13,2,2250,1350,0,'2026-04-22 15:05:41'),(1191,28,9,2,2250,1350,0,'2026-04-22 15:05:41'),(1192,28,35,2,2250,1350,0,'2026-04-22 15:05:41'),(1193,28,16,2,2700,900,0,'2026-04-22 15:05:41'),(1194,28,10,2,2250,1350,0,'2026-04-22 15:05:41'),(1195,28,15,2,2700,900,0,'2026-04-22 15:05:41'),(1196,28,3,2,2700,900,0,'2026-04-22 15:05:41'),(1197,28,2,2,2700,900,0,'2026-04-22 15:05:41'),(1198,26,4,2,3600,0,3600,'2026-04-22 15:05:41'),(1199,26,6,2,2250,1350,0,'2026-04-22 15:05:41'),(1200,26,3,2,2700,900,0,'2026-04-22 15:05:41'),(1201,26,7,2,2250,1350,0,'2026-04-22 15:05:41'),(1202,26,2,2,2250,1350,0,'2026-04-22 15:05:41'),(1203,26,9,2,2700,900,0,'2026-04-22 15:05:41'),(1204,26,10,2,2700,900,0,'2026-04-22 15:05:41'),(1205,26,13,2,2250,1350,0,'2026-04-22 15:05:41'),(1206,26,15,2,2700,900,0,'2026-04-22 15:05:41'),(1207,26,16,2,2700,900,0,'2026-04-22 15:05:41'),(1208,26,35,2,2700,900,0,'2026-04-22 15:05:41'),(1209,24,35,2,3150,450,1800,'2026-04-22 15:05:41'),(1210,24,5,2,3150,450,900,'2026-04-22 15:05:41'),(1211,24,2,2,3150,450,900,'2026-04-22 15:05:41'),(1212,24,6,2,3150,450,0,'2026-04-22 15:05:41'),(1213,24,9,2,3150,450,0,'2026-04-22 15:05:41'),(1214,24,10,2,3150,450,0,'2026-04-22 15:05:41'),(1215,24,14,2,3600,0,0,'2026-04-22 15:05:41'),(1216,24,13,2,3150,450,0,'2026-04-22 15:05:41'),(1217,24,15,2,3150,450,0,'2026-04-22 15:05:41'),(1218,22,4,2,3600,0,3600,'2026-04-22 15:05:41'),(1219,22,6,2,2700,900,0,'2026-04-22 15:05:41'),(1220,22,9,2,2700,900,0,'2026-04-22 15:05:41'),(1221,22,2,2,3150,450,0,'2026-04-22 15:05:41'),(1222,22,35,2,2700,900,0,'2026-04-22 15:05:41'),(1223,22,10,2,2700,900,0,'2026-04-22 15:05:41'),(1224,22,3,2,2700,900,0,'2026-04-22 15:05:41'),(1225,22,13,2,2700,900,0,'2026-04-22 15:05:41'),(1226,22,7,2,2700,900,0,'2026-04-22 15:05:41'),(1227,22,15,2,3150,450,0,'2026-04-22 15:05:41'),(1228,41,18,2,3600,0,3600,'2026-04-22 15:05:41'),(1229,41,17,2,3150,450,0,'2026-04-22 15:05:41'),(1230,41,8,2,3150,450,0,'2026-04-22 15:05:41'),(1231,41,22,2,3150,450,0,'2026-04-22 15:05:41'),(1232,41,5,2,3150,450,0,'2026-04-22 15:05:41'),(1233,41,21,2,3150,450,0,'2026-04-22 15:05:41'),(1234,41,20,2,3150,450,0,'2026-04-22 15:05:41'),(1235,41,14,2,3150,450,0,'2026-04-22 15:05:41'),(1236,41,11,2,3150,450,0,'2026-04-22 15:05:41'),(1237,44,18,2,3600,0,3600,'2026-04-22 15:05:41'),(1238,44,21,2,2700,900,0,'2026-04-22 15:05:41'),(1239,44,14,2,2700,900,0,'2026-04-22 15:05:41'),(1240,44,22,2,3150,450,0,'2026-04-22 15:05:41'),(1241,44,17,2,2700,900,0,'2026-04-22 15:05:41'),(1242,44,8,2,2700,900,0,'2026-04-22 15:05:41'),(1243,44,34,2,2700,900,0,'2026-04-22 15:05:41'),(1244,44,12,2,2700,900,0,'2026-04-22 15:05:41'),(1245,44,11,2,2700,900,0,'2026-04-22 15:05:41'),(1246,44,5,2,3150,450,0,'2026-04-22 15:05:41'),(1247,20,4,2,3600,0,3600,'2026-04-22 15:05:41'),(1248,20,11,2,2700,900,0,'2026-04-22 15:05:41'),(1249,20,13,2,2700,900,0,'2026-04-22 15:05:41'),(1250,20,12,2,3150,450,0,'2026-04-22 15:05:41'),(1251,20,16,2,2700,900,0,'2026-04-22 15:05:41'),(1252,20,10,2,2700,900,0,'2026-04-22 15:05:41'),(1253,20,3,2,2700,900,0,'2026-04-22 15:05:41'),(1254,20,8,2,2700,900,0,'2026-04-22 15:05:41'),(1255,20,2,2,2700,900,0,'2026-04-22 15:05:41'),(1256,20,5,2,3150,450,0,'2026-04-22 15:05:41'),(1257,19,18,2,1800,1800,1800,'2026-04-22 15:05:41'),(1258,19,4,2,1800,1800,1800,'2026-04-22 15:05:41'),(1259,19,15,2,2700,900,0,'2026-04-22 15:05:41'),(1260,19,8,2,2700,900,0,'2026-04-22 15:05:41'),(1261,19,2,2,3150,450,0,'2026-04-22 15:05:41'),(1262,19,16,2,2700,900,0,'2026-04-22 15:05:41'),(1263,19,10,2,2700,900,0,'2026-04-22 15:05:41'),(1264,19,12,2,2700,900,0,'2026-04-22 15:05:41'),(1265,19,3,2,2700,900,0,'2026-04-22 15:05:41'),(1266,19,11,2,2700,900,0,'2026-04-22 15:05:41'),(1267,19,5,2,3150,450,0,'2026-04-22 15:05:41'),(1268,16,18,3,3600,0,3600,'2026-04-22 15:05:41'),(1269,16,15,3,2700,900,0,'2026-04-22 15:05:41'),(1270,16,16,3,2700,900,0,'2026-04-22 15:05:41'),(1271,16,8,3,2250,1350,0,'2026-04-22 15:05:41'),(1272,16,11,3,2250,1350,0,'2026-04-22 15:05:41'),(1273,16,13,3,2250,1350,0,'2026-04-22 15:05:41'),(1274,16,5,3,2700,900,0,'2026-04-22 15:05:41'),(1275,16,3,3,2250,1350,0,'2026-04-22 15:05:41'),(1276,16,2,3,2700,900,0,'2026-04-22 15:05:41'),(1277,16,12,3,2700,900,0,'2026-04-22 15:05:41'),(1278,16,10,3,2700,900,0,'2026-04-22 15:05:41'),(1279,15,19,2,3600,0,3600,'2026-04-22 15:05:41'),(1280,15,11,2,2700,900,0,'2026-04-22 15:05:41'),(1281,15,12,2,2700,900,0,'2026-04-22 15:05:41'),(1282,15,2,2,2250,1350,0,'2026-04-22 15:05:41'),(1283,15,5,2,2250,1350,0,'2026-04-22 15:05:41'),(1284,15,10,2,2250,1350,0,'2026-04-22 15:05:41'),(1285,15,13,2,2700,900,0,'2026-04-22 15:05:41'),(1286,15,16,2,2250,1350,0,'2026-04-22 15:05:41'),(1287,15,15,2,2700,900,0,'2026-04-22 15:05:41'),(1288,15,3,2,2700,900,0,'2026-04-22 15:05:41'),(1289,15,8,2,2700,900,0,'2026-04-22 15:05:41'),(1290,11,19,2,3600,0,3600,'2026-04-22 15:05:41'),(1291,11,5,2,2250,1350,0,'2026-04-22 15:05:41'),(1292,11,13,2,2250,1350,0,'2026-04-22 15:05:41'),(1293,11,8,2,2700,900,0,'2026-04-22 15:05:41'),(1294,11,2,2,2700,900,0,'2026-04-22 15:05:41'),(1295,11,16,2,2700,900,0,'2026-04-22 15:05:41'),(1296,11,12,2,2250,1350,0,'2026-04-22 15:05:41'),(1297,11,10,2,2250,1350,0,'2026-04-22 15:05:41'),(1298,11,11,2,2700,900,0,'2026-04-22 15:05:41'),(1299,11,15,2,2700,900,0,'2026-04-22 15:05:41'),(1300,11,3,2,2700,900,0,'2026-04-22 15:05:41'),(1301,5,4,2,3600,0,3600,'2026-04-22 15:05:41'),(1302,5,15,2,2700,900,0,'2026-04-22 15:05:41'),(1303,5,8,2,2700,900,0,'2026-04-22 15:05:41'),(1304,5,3,2,3150,450,0,'2026-04-22 15:05:41'),(1305,5,12,2,2700,900,0,'2026-04-22 15:05:41'),(1306,5,10,2,2700,900,0,'2026-04-22 15:05:41'),(1307,5,2,2,2700,900,0,'2026-04-22 15:05:41'),(1308,5,13,2,2700,900,0,'2026-04-22 15:05:41'),(1309,5,11,2,2700,900,0,'2026-04-22 15:05:41'),(1310,5,5,2,3150,450,0,'2026-04-22 15:05:41'),(1311,4,4,2,1800,1800,1800,'2026-04-22 15:05:41'),(1312,4,19,2,1800,1800,1800,'2026-04-22 15:05:41'),(1313,4,15,2,2700,900,0,'2026-04-22 15:05:41'),(1314,4,8,2,2700,900,0,'2026-04-22 15:05:41'),(1315,4,2,2,3150,450,0,'2026-04-22 15:05:41'),(1316,4,16,2,2700,900,0,'2026-04-22 15:05:41'),(1317,4,12,2,2700,900,0,'2026-04-22 15:05:41'),(1318,4,10,2,2700,900,0,'2026-04-22 15:05:41'),(1319,4,13,2,2700,900,0,'2026-04-22 15:05:41'),(1320,4,11,2,2700,900,0,'2026-04-22 15:05:41'),(1321,4,5,2,3150,450,0,'2026-04-22 15:05:41'),(1322,3,4,2,3600,0,3600,'2026-04-22 15:05:41'),(1323,3,2,2,2250,1350,0,'2026-04-22 15:05:41'),(1324,3,12,2,2700,900,0,'2026-04-22 15:05:41'),(1325,3,15,2,2250,1350,0,'2026-04-22 15:05:41'),(1326,3,34,2,2250,1350,0,'2026-04-22 15:05:41'),(1327,3,16,2,2700,900,0,'2026-04-22 15:05:41'),(1328,3,13,2,2700,900,0,'2026-04-22 15:05:41'),(1329,3,10,2,2250,1350,0,'2026-04-22 15:05:41'),(1330,3,5,2,2700,900,0,'2026-04-22 15:05:41'),(1331,3,3,2,2700,900,0,'2026-04-22 15:05:41'),(1332,3,8,2,2700,900,0,'2026-04-22 15:05:41'),(1333,1,19,2,3600,0,3600,'2026-04-22 15:05:41'),(1334,1,11,2,2700,900,0,'2026-04-22 15:05:41'),(1335,1,8,2,2700,900,0,'2026-04-22 15:05:41'),(1336,1,2,2,3150,450,0,'2026-04-22 15:05:41'),(1337,1,12,2,2700,900,0,'2026-04-22 15:05:41'),(1338,1,16,2,2700,900,0,'2026-04-22 15:05:41'),(1339,1,3,2,2700,900,0,'2026-04-22 15:05:41'),(1340,1,10,2,2700,900,0,'2026-04-22 15:05:41'),(1341,1,15,2,2700,900,0,'2026-04-22 15:05:41'),(1342,1,5,2,3150,450,0,'2026-04-22 15:05:41'),(1343,2,19,2,3600,0,3600,'2026-04-22 15:05:41'),(1344,2,16,2,2700,900,0,'2026-04-22 15:05:41'),(1345,2,12,2,2700,900,0,'2026-04-22 15:05:41'),(1346,2,3,2,2250,1350,0,'2026-04-22 15:05:41'),(1347,2,13,2,2250,1350,0,'2026-04-22 15:05:41'),(1348,2,2,2,2250,1350,0,'2026-04-22 15:05:41'),(1349,2,10,2,2700,900,0,'2026-04-22 15:05:41'),(1350,2,5,2,2250,1350,0,'2026-04-22 15:05:41'),(1351,2,15,2,2700,900,0,'2026-04-22 15:05:41'),(1352,2,11,2,2700,900,0,'2026-04-22 15:05:42'),(1353,2,8,2,2700,900,0,'2026-04-22 15:05:42'),(1354,21,19,2,3600,0,3600,'2026-04-22 15:05:42'),(1355,21,7,2,2700,900,0,'2026-04-22 15:05:42'),(1356,21,35,2,2700,900,0,'2026-04-22 15:05:42'),(1357,21,34,2,2250,1350,0,'2026-04-22 15:05:42'),(1358,21,22,2,2250,1350,0,'2026-04-22 15:05:42'),(1359,21,17,2,2250,1350,0,'2026-04-22 15:05:42'),(1360,21,6,2,2700,900,0,'2026-04-22 15:05:42'),(1361,21,20,2,2250,1350,0,'2026-04-22 15:05:42'),(1362,21,21,2,2700,900,0,'2026-04-22 15:05:42'),(1363,21,9,2,2700,900,0,'2026-04-22 15:05:42'),(1364,21,14,2,2700,900,0,'2026-04-22 15:05:42'),(1365,18,19,2,3600,0,3600,'2026-04-22 15:05:42'),(1366,18,21,2,3150,450,0,'2026-04-22 15:05:42'),(1367,18,9,2,3150,450,0,'2026-04-22 15:05:42'),(1368,18,17,2,3150,450,0,'2026-04-22 15:05:42'),(1369,18,34,2,3150,450,0,'2026-04-22 15:05:42'),(1370,18,20,2,3150,450,0,'2026-04-22 15:05:42'),(1371,18,35,2,3150,450,0,'2026-04-22 15:05:42'),(1372,18,14,2,3150,450,0,'2026-04-22 15:05:42'),(1373,18,7,2,3150,450,0,'2026-04-22 15:05:42'),(1374,17,4,2,1800,1800,1800,'2026-04-22 15:05:42'),(1375,17,19,2,1800,1800,1800,'2026-04-22 15:05:42'),(1376,17,7,2,2700,900,0,'2026-04-22 15:05:42'),(1377,17,22,2,2700,900,0,'2026-04-22 15:05:42'),(1378,17,35,2,3150,450,0,'2026-04-22 15:05:42'),(1379,17,20,2,2700,900,0,'2026-04-22 15:05:42'),(1380,17,34,2,2700,900,0,'2026-04-22 15:05:42'),(1381,17,9,2,2700,900,0,'2026-04-22 15:05:42'),(1382,17,14,2,2700,900,0,'2026-04-22 15:05:42'),(1383,17,21,2,2700,900,0,'2026-04-22 15:05:42'),(1384,17,17,2,3150,450,0,'2026-04-22 15:05:42'),(1385,14,4,2,3600,0,3600,'2026-04-22 15:05:42'),(1386,14,17,2,2700,900,0,'2026-04-22 15:05:42'),(1387,14,35,2,2700,900,0,'2026-04-22 15:05:42'),(1388,14,7,2,2250,1350,0,'2026-04-22 15:05:42'),(1389,14,34,2,2250,1350,0,'2026-04-22 15:05:42'),(1390,14,14,2,2250,1350,0,'2026-04-22 15:05:42'),(1391,14,9,2,2700,900,0,'2026-04-22 15:05:42'),(1392,14,20,2,2250,1350,0,'2026-04-22 15:05:42'),(1393,14,21,2,2700,900,0,'2026-04-22 15:05:42'),(1394,14,22,2,2700,900,0,'2026-04-22 15:05:42'),(1395,12,19,2,3600,0,3600,'2026-04-22 15:05:42'),(1396,12,7,2,2700,900,0,'2026-04-22 15:05:42'),(1397,12,14,2,2700,900,0,'2026-04-22 15:05:42'),(1398,12,17,2,2250,1350,0,'2026-04-22 15:05:42'),(1399,12,22,2,2250,1350,0,'2026-04-22 15:05:42'),(1400,12,35,2,2250,1350,0,'2026-04-22 15:05:42'),(1401,12,20,2,2700,900,0,'2026-04-22 15:05:42'),(1402,12,21,2,2700,900,0,'2026-04-22 15:05:42'),(1403,12,34,2,2700,900,0,'2026-04-22 15:05:42'),(1404,12,9,2,2700,900,0,'2026-04-22 15:05:42'),(1405,8,19,2,3600,0,3600,'2026-04-22 15:05:42'),(1406,8,6,2,2700,900,0,'2026-04-22 15:05:42'),(1407,8,22,2,2700,900,0,'2026-04-22 15:05:42'),(1408,8,17,2,3150,450,0,'2026-04-22 15:05:42'),(1409,8,7,2,2700,900,0,'2026-04-22 15:05:42'),(1410,8,20,2,2700,900,0,'2026-04-22 15:05:42'),(1411,8,35,2,2700,900,0,'2026-04-22 15:05:42'),(1412,8,14,2,2700,900,0,'2026-04-22 15:05:42'),(1413,8,21,2,2700,900,0,'2026-04-22 15:05:42'),(1414,10,4,2,3600,0,3600,'2026-04-22 15:05:42'),(1415,10,7,2,2700,900,0,'2026-04-22 15:05:42'),(1416,10,34,2,2700,900,0,'2026-04-22 15:05:42'),(1417,10,14,2,2250,1350,0,'2026-04-22 15:05:42'),(1418,10,17,2,2250,1350,0,'2026-04-22 15:05:42'),(1419,10,6,2,2700,900,0,'2026-04-22 15:05:42'),(1420,10,20,2,2250,1350,0,'2026-04-22 15:05:42'),(1421,10,21,2,2700,900,0,'2026-04-22 15:05:42'),(1422,10,35,2,2700,900,0,'2026-04-22 15:05:42'),(1423,10,22,2,2700,900,0,'2026-04-22 15:05:42'),(1424,6,19,2,3600,0,3600,'2026-04-22 15:05:42'),(1425,6,5,2,2700,900,0,'2026-04-22 15:05:42'),(1426,6,12,2,2700,900,0,'2026-04-22 15:05:42'),(1427,6,11,2,2250,1350,0,'2026-04-22 15:05:42'),(1428,6,8,2,2250,1350,0,'2026-04-22 15:05:42'),(1429,6,13,2,2250,1350,0,'2026-04-22 15:05:42'),(1430,6,15,2,2700,900,0,'2026-04-22 15:05:42'),(1431,6,10,2,2250,1350,0,'2026-04-22 15:05:42'),(1432,6,2,2,2700,900,0,'2026-04-22 15:05:42'),(1433,6,16,2,2700,900,0,'2026-04-22 15:05:42'),(1434,6,3,2,2700,900,0,'2026-04-22 15:05:42'),(1435,7,4,3,3600,0,3600,'2026-04-22 15:05:42'),(1436,7,15,3,2700,900,0,'2026-04-22 15:05:42'),(1437,7,8,3,2700,900,0,'2026-04-22 15:05:42'),(1438,7,13,3,3150,450,0,'2026-04-22 15:05:42'),(1439,7,2,3,2700,900,0,'2026-04-22 15:05:42'),(1440,7,16,3,2700,900,0,'2026-04-22 15:05:42'),(1441,7,3,3,2700,900,0,'2026-04-22 15:05:42'),(1442,7,10,3,2700,900,0,'2026-04-22 15:05:42'),(1443,7,11,3,2700,900,0,'2026-04-22 15:05:42'),(1444,7,5,3,3150,450,0,'2026-04-22 15:05:42');
/*!40000 ALTER TABLE `game_playtime_logs` ENABLE KEYS */;
UNLOCK TABLES;

--
-- Table structure for table `game_selections`
--

DROP TABLE IF EXISTS `game_selections`;
/*!40101 SET @saved_cs_client     = @@character_set_client */;
/*!50503 SET character_set_client = utf8mb4 */;
CREATE TABLE `game_selections` (
  `id` int NOT NULL AUTO_INCREMENT,
  `game_id` int NOT NULL,
  `player_id` int NOT NULL,
  `status_id` tinyint NOT NULL,
  `is_goalkeeper` tinyint(1) NOT NULL DEFAULT '0',
  PRIMARY KEY (`id`),
  UNIQUE KEY `uq_game_player` (`game_id`,`player_id`),
  KEY `FK_Selections_Players` (`player_id`),
  CONSTRAINT `FK_Selections_Games` FOREIGN KEY (`game_id`) REFERENCES `games` (`id`),
  CONSTRAINT `FK_Selections_Players` FOREIGN KEY (`player_id`) REFERENCES `players` (`id`),
  CONSTRAINT `game_selections_chk_1` CHECK ((`status_id` in (1,2)))
) ENGINE=InnoDB AUTO_INCREMENT=851 DEFAULT CHARSET=utf8mb4 COLLATE=utf8mb4_0900_ai_ci;
/*!40101 SET character_set_client = @saved_cs_client */;

--
-- Dumping data for table `game_selections`
--

LOCK TABLES `game_selections` WRITE;
/*!40000 ALTER TABLE `game_selections` DISABLE KEYS */;
INSERT INTO `game_selections` VALUES (1,1,11,2,0),(2,1,8,2,0),(3,1,2,2,0),(4,1,12,2,0),(5,1,16,2,0),(6,1,3,2,0),(7,1,10,2,0),(8,1,15,2,0),(9,1,5,2,0),(10,1,19,2,1),(11,2,16,2,0),(12,2,12,2,0),(13,2,3,2,0),(14,2,13,2,0),(15,2,2,2,0),(16,2,10,2,0),(17,2,5,2,0),(18,2,15,2,0),(19,2,11,2,0),(20,2,8,2,0),(21,2,19,2,1),(22,3,2,2,0),(23,3,12,2,0),(24,3,15,2,0),(25,3,34,2,0),(26,3,16,2,0),(27,3,13,2,0),(28,3,10,2,0),(29,3,5,2,0),(30,3,3,2,0),(31,3,8,2,0),(32,3,4,2,1),(33,4,15,2,0),(34,4,8,2,0),(35,4,2,2,0),(36,4,16,2,0),(37,4,12,2,0),(38,4,10,2,0),(39,4,13,2,0),(40,4,11,2,0),(41,4,5,2,0),(42,4,4,2,1),(43,4,19,2,1),(44,5,15,2,0),(45,5,8,2,0),(46,5,3,2,0),(47,5,12,2,0),(48,5,10,2,0),(49,5,2,2,0),(50,5,13,2,0),(51,5,11,2,0),(52,5,5,2,0),(53,5,4,2,1),(54,6,5,2,0),(55,6,12,2,0),(56,6,11,2,0),(57,6,8,2,0),(58,6,13,2,0),(59,6,15,2,0),(60,6,10,2,0),(61,6,2,2,0),(62,6,16,2,0),(63,6,3,2,0),(64,6,19,2,1),(65,7,15,2,0),(66,7,8,2,0),(67,7,13,2,0),(68,7,2,2,0),(69,7,16,2,0),(70,7,3,2,0),(71,7,10,2,0),(72,7,11,2,0),(73,7,5,2,0),(74,7,4,2,1),(75,8,6,2,0),(76,8,22,2,0),(77,8,17,2,0),(78,8,7,2,0),(79,8,20,2,0),(80,8,35,2,0),(81,8,14,2,0),(82,8,21,2,0),(83,8,19,2,1),(84,9,11,2,0),(85,9,17,2,0),(86,9,7,2,0),(87,9,6,2,0),(88,9,16,2,0),(89,9,14,2,0),(90,9,15,2,0),(91,9,3,2,0),(92,9,22,2,0),(93,9,4,2,1),(94,10,7,2,0),(95,10,34,2,0),(96,10,14,2,0),(97,10,17,2,0),(98,10,6,2,0),(99,10,20,2,0),(100,10,21,2,0),(101,10,35,2,0),(102,10,22,2,0),(103,10,4,2,1),(104,11,5,2,0),(105,11,13,2,0),(106,11,8,2,0),(107,11,2,2,0),(108,11,16,2,0),(109,11,12,2,0),(110,11,10,2,0),(111,11,11,2,0),(112,11,15,2,0),(113,11,3,2,0),(114,11,19,2,1),(115,12,7,2,0),(116,12,14,2,0),(117,12,17,2,0),(118,12,22,2,0),(119,12,35,2,0),(120,12,20,2,0),(121,12,21,2,0),(122,12,34,2,0),(123,12,9,2,0),(124,12,19,2,1),(125,13,35,2,0),(126,13,2,2,0),(127,13,5,2,0),(128,13,9,2,0),(129,13,10,2,0),(130,13,34,2,0),(131,13,20,2,0),(132,13,21,2,0),(133,13,8,2,0),(134,13,13,2,0),(135,13,12,2,0),(136,13,19,2,1),(137,14,17,2,0),(138,14,35,2,0),(139,14,7,2,0),(140,14,34,2,0),(141,14,14,2,0),(142,14,9,2,0),(143,14,20,2,0),(144,14,21,2,0),(145,14,22,2,0),(146,14,4,2,1),(147,15,11,2,0),(148,15,12,2,0),(149,15,2,2,0),(150,15,5,2,0),(151,15,10,2,0),(152,15,13,2,0),(153,15,16,2,0),(154,15,15,2,0),(155,15,3,2,0),(156,15,8,2,0),(157,15,19,2,1),(158,16,15,2,0),(159,16,16,2,0),(160,16,8,2,0),(161,16,11,2,0),(162,16,13,2,0),(163,16,5,2,0),(164,16,3,2,0),(165,16,2,2,0),(166,16,12,2,0),(167,16,10,2,0),(168,16,18,2,1),(169,17,7,2,0),(170,17,22,2,0),(171,17,35,2,0),(172,17,20,2,0),(173,17,34,2,0),(174,17,9,2,0),(175,17,14,2,0),(176,17,21,2,0),(177,17,17,2,0),(178,17,4,2,1),(179,17,19,2,1),(180,18,21,2,0),(181,18,9,2,0),(182,18,17,2,0),(183,18,34,2,0),(184,18,20,2,0),(185,18,35,2,0),(186,18,14,2,0),(187,18,7,2,0),(188,18,19,2,1),(189,19,15,2,0),(190,19,8,2,0),(191,19,2,2,0),(192,19,16,2,0),(193,19,10,2,0),(194,19,12,2,0),(195,19,3,2,0),(196,19,11,2,0),(197,19,5,2,0),(198,19,18,2,1),(199,19,4,2,1),(200,20,11,2,0),(201,20,13,2,0),(202,20,12,2,0),(203,20,16,2,0),(204,20,10,2,0),(205,20,3,2,0),(206,20,8,2,0),(207,20,2,2,0),(208,20,5,2,0),(209,20,4,2,1),(210,21,7,2,0),(211,21,35,2,0),(212,21,34,2,0),(213,21,22,2,0),(214,21,17,2,0),(215,21,6,2,0),(216,21,20,2,0),(217,21,21,2,0),(218,21,9,2,0),(219,21,14,2,0),(220,21,19,2,1),(221,22,6,2,0),(222,22,9,2,0),(223,22,2,2,0),(224,22,35,2,0),(225,22,10,2,0),(226,22,3,2,0),(227,22,13,2,0),(228,22,7,2,0),(229,22,15,2,0),(230,22,4,2,1),(231,23,11,2,0),(232,23,22,2,0),(233,23,34,2,0),(234,23,12,2,0),(235,23,19,2,0),(236,23,14,2,0),(237,23,8,2,0),(238,23,21,2,0),(239,23,5,2,0),(240,23,18,2,1),(241,24,35,2,0),(242,24,5,2,0),(243,24,2,2,0),(244,24,6,2,0),(245,24,9,2,0),(246,24,10,2,0),(247,24,14,2,0),(248,24,13,2,0),(249,24,15,2,0),(250,25,21,2,0),(251,25,12,2,0),(252,25,8,2,0),(253,25,20,2,0),(254,25,17,2,0),(255,25,34,2,0),(256,25,11,2,0),(257,25,22,2,0),(258,25,7,2,0),(259,25,19,2,1),(260,26,6,2,0),(261,26,3,2,0),(262,26,7,2,0),(263,26,2,2,0),(264,26,9,2,0),(265,26,10,2,0),(266,26,13,2,0),(267,26,15,2,0),(268,26,16,2,0),(269,26,35,2,0),(270,26,4,2,1),(271,27,21,2,0),(272,27,8,2,0),(273,27,5,2,0),(274,27,11,2,0),(275,27,12,2,0),(276,27,17,2,0),(277,27,22,2,0),(278,27,19,2,0),(279,27,14,2,0),(280,27,34,2,0),(281,27,20,2,0),(282,27,18,2,1),(283,28,7,2,0),(284,28,6,2,0),(285,28,13,2,0),(286,28,9,2,0),(287,28,35,2,0),(288,28,16,2,0),(289,28,10,2,0),(290,28,15,2,0),(291,28,3,2,0),(292,28,2,2,0),(293,28,4,2,1),(294,29,6,2,0),(295,29,9,2,0),(296,29,35,2,0),(297,29,2,2,0),(298,29,10,2,0),(299,29,3,2,0),(300,29,13,2,0),(301,29,7,2,0),(302,29,16,2,0),(303,29,4,2,1),(304,30,17,2,0),(305,30,12,2,0),(306,30,19,2,0),(307,30,11,2,0),(308,30,22,2,0),(309,30,5,2,0),(310,30,8,2,0),(311,30,21,2,0),(312,30,20,2,0),(313,30,34,2,0),(314,30,18,2,1),(315,31,6,2,0),(316,31,35,2,0),(317,31,2,2,0),(318,31,7,2,0),(319,31,10,2,0),(320,31,13,2,0),(321,31,9,2,0),(322,31,15,2,0),(323,31,16,2,0),(324,31,4,2,1),(325,32,21,2,0),(326,32,11,2,0),(327,32,17,2,0),(328,32,34,2,0),(329,32,22,2,0),(330,32,12,2,0),(331,32,20,2,0),(332,32,5,2,0),(333,32,8,2,0),(334,32,14,2,0),(335,32,19,2,0),(336,32,18,2,1),(337,33,6,2,0),(338,33,9,2,0),(339,33,2,2,0),(340,33,16,2,0),(341,33,11,2,0),(342,33,13,2,0),(343,33,35,2,0),(344,33,7,2,0),(345,33,4,2,1),(346,34,11,2,0),(347,34,19,2,0),(348,34,12,2,0),(349,34,17,2,0),(350,34,8,2,0),(351,34,34,2,0),(352,34,20,2,0),(353,34,21,2,0),(354,34,5,2,0),(355,34,18,2,1),(356,35,11,2,0),(357,35,8,2,0),(358,35,14,2,0),(359,35,22,2,0),(360,35,20,2,0),(361,35,5,2,0),(362,35,34,2,0),(363,35,17,2,0),(364,35,21,2,0),(365,35,12,2,0),(366,35,18,2,1),(367,36,7,2,0),(368,36,3,2,0),(369,36,6,2,0),(370,36,13,2,0),(371,36,35,2,0),(372,36,10,2,0),(373,36,9,2,0),(374,36,15,2,0),(375,36,16,2,0),(376,36,2,2,0),(377,36,4,2,1),(378,37,6,2,0),(379,37,9,2,0),(380,37,2,2,0),(381,37,35,2,0),(382,37,10,2,0),(383,37,3,2,0),(384,37,13,2,0),(385,37,7,2,0),(386,37,16,2,0),(387,37,4,2,1),(388,38,21,2,0),(389,38,12,2,0),(390,38,20,2,0),(391,38,34,2,0),(392,38,8,2,0),(393,38,5,2,0),(394,38,11,2,0),(395,38,17,2,0),(396,38,14,2,0),(397,38,22,2,0),(398,38,18,2,1),(399,39,6,2,0),(400,39,2,2,0),(401,39,13,2,0),(402,39,10,2,0),(403,39,16,2,0),(404,39,35,2,0),(405,39,9,2,0),(406,39,7,2,0),(407,39,15,2,0),(408,39,3,2,0),(409,39,4,2,1),(410,40,11,2,0),(411,40,34,2,0),(412,40,17,2,0),(413,40,5,2,0),(414,40,19,2,0),(415,40,8,2,0),(416,40,12,2,0),(417,40,21,2,0),(418,40,22,2,0),(419,40,20,2,0),(420,40,18,2,1),(421,41,17,2,0),(422,41,8,2,0),(423,41,22,2,0),(424,41,5,2,0),(425,41,21,2,0),(426,41,20,2,0),(427,41,14,2,0),(428,41,11,2,0),(429,41,18,2,1),(430,42,7,2,0),(431,42,2,2,0),(432,42,9,2,0),(433,42,3,2,0),(434,42,13,2,0),(435,42,10,2,0),(436,42,35,2,0),(437,42,6,2,0),(438,42,16,2,0),(439,42,4,2,1),(440,43,6,2,0),(441,43,2,2,0),(442,43,7,2,0),(443,43,3,2,0),(444,43,10,2,0),(445,43,35,2,0),(446,43,9,2,0),(447,43,13,2,0),(448,43,16,2,0),(449,43,4,2,1),(450,44,21,2,0),(451,44,14,2,0),(452,44,22,2,0),(453,44,17,2,0),(454,44,8,2,0),(455,44,34,2,0),(456,44,12,2,0),(457,44,11,2,0),(458,44,5,2,0),(459,44,18,2,1),(460,45,3,2,0),(461,45,9,2,0),(462,45,15,2,0),(463,45,13,2,0),(465,45,2,2,0),(466,45,7,2,0),(467,45,6,2,0),(468,45,16,2,1),(469,45,35,2,1),(470,46,15,2,0),(471,46,2,2,0),(472,46,12,2,0),(473,46,5,2,0),(474,46,8,2,0),(475,46,3,2,0),(476,46,14,2,0),(477,46,21,2,0),(478,46,16,2,0),(479,46,18,2,1),(540,47,3,2,0),(541,47,13,2,0),(542,47,7,2,0),(543,47,2,2,0),(544,47,9,2,0),(545,47,15,2,0),(546,47,16,2,0),(547,47,4,2,1),(548,47,6,2,0),(549,47,35,2,0),(638,48,3,2,0),(639,48,13,2,0),(640,48,7,2,0),(641,48,2,2,0),(642,48,9,2,0),(643,48,15,2,0),(644,48,16,2,0),(645,48,4,2,1),(646,48,6,2,0),(647,48,35,2,0),(648,70,41,2,1),(649,70,37,2,0),(650,70,50,2,0),(651,70,38,2,0),(652,70,46,2,0),(653,70,44,2,0),(654,70,42,2,0),(655,70,48,2,0),(656,70,40,2,0),(657,70,43,2,0),(740,92,18,1,1),(741,92,12,1,0),(742,92,22,1,0),(743,92,8,1,0),(744,92,5,1,0),(745,92,20,1,0),(746,92,34,1,0),(747,92,14,1,0),(748,92,21,1,0),(841,111,21,2,0),(842,111,18,2,1),(843,111,12,2,0),(844,111,8,2,0),(845,111,20,2,0),(846,111,34,2,0),(847,111,5,2,0),(848,111,22,2,0),(849,111,14,2,0);
/*!40000 ALTER TABLE `game_selections` ENABLE KEYS */;
UNLOCK TABLES;

--
-- Table structure for table `game_shift_logs`
--

DROP TABLE IF EXISTS `game_shift_logs`;
/*!40101 SET @saved_cs_client     = @@character_set_client */;
/*!50503 SET character_set_client = utf8mb4 */;
CREATE TABLE `game_shift_logs` (
  `id` int NOT NULL AUTO_INCREMENT,
  `game_id` int NOT NULL,
  `player_id` int NOT NULL,
  `shift_index` int NOT NULL,
  `position` varchar(20) NOT NULL,
  `duration_seconds` int NOT NULL,
  `created_at` timestamp NULL DEFAULT CURRENT_TIMESTAMP,
  PRIMARY KEY (`id`),
  UNIQUE KEY `uq_game_player_shift` (`game_id`,`player_id`,`shift_index`),
  KEY `player_id` (`player_id`),
  CONSTRAINT `game_shift_logs_ibfk_1` FOREIGN KEY (`game_id`) REFERENCES `games` (`id`) ON DELETE CASCADE,
  CONSTRAINT `game_shift_logs_ibfk_2` FOREIGN KEY (`player_id`) REFERENCES `players` (`id`) ON DELETE CASCADE
) ENGINE=InnoDB AUTO_INCREMENT=8566 DEFAULT CHARSET=utf8mb4 COLLATE=utf8mb4_0900_ai_ci;
/*!40101 SET character_set_client = @saved_cs_client */;

--
-- Dumping data for table `game_shift_logs`
--

LOCK TABLES `game_shift_logs` WRITE;
/*!40000 ALTER TABLE `game_shift_logs` DISABLE KEYS */;
INSERT INTO `game_shift_logs` VALUES (3369,13,19,0,'1',600,'2026-04-22 14:57:34'),(3370,13,8,0,'2',600,'2026-04-22 14:57:34'),(3371,13,21,0,'4',600,'2026-04-22 14:57:34'),(3372,13,34,0,'5',600,'2026-04-22 14:57:34'),(3373,13,9,0,'7',600,'2026-04-22 14:57:34'),(3374,13,12,0,'9',600,'2026-04-22 14:57:34'),(3375,13,2,0,'10',600,'2026-04-22 14:57:34'),(3376,13,5,0,'11',600,'2026-04-22 14:57:34'),(3377,13,35,0,'BANK',600,'2026-04-22 14:57:34'),(3378,13,10,0,'BANK',600,'2026-04-22 14:57:34'),(3379,13,20,0,'BANK',600,'2026-04-22 14:57:34'),(3380,13,13,0,'BANK',600,'2026-04-22 14:57:34'),(3381,13,19,1,'1',600,'2026-04-22 14:57:34'),(3382,13,10,1,'2',600,'2026-04-22 14:57:34'),(3383,13,21,1,'4',600,'2026-04-22 14:57:34'),(3384,13,34,1,'5',600,'2026-04-22 14:57:34'),(3385,13,20,1,'7',600,'2026-04-22 14:57:34'),(3386,13,12,1,'9',600,'2026-04-22 14:57:34'),(3387,13,35,1,'10',600,'2026-04-22 14:57:34'),(3388,13,13,1,'11',600,'2026-04-22 14:57:34'),(3389,13,2,1,'BANK',600,'2026-04-22 14:57:34'),(3390,13,5,1,'BANK',600,'2026-04-22 14:57:34'),(3391,13,9,1,'BANK',600,'2026-04-22 14:57:34'),(3392,13,8,1,'BANK',600,'2026-04-22 14:57:34'),(3393,13,19,2,'1',600,'2026-04-22 14:57:34'),(3394,13,9,2,'2',600,'2026-04-22 14:57:34'),(3395,13,5,2,'4',600,'2026-04-22 14:57:34'),(3396,13,20,2,'5',600,'2026-04-22 14:57:34'),(3397,13,35,2,'7',600,'2026-04-22 14:57:34'),(3398,13,8,2,'9',600,'2026-04-22 14:57:34'),(3399,13,21,2,'10',600,'2026-04-22 14:57:34'),(3400,13,12,2,'11',600,'2026-04-22 14:57:34'),(3401,13,2,2,'BANK',600,'2026-04-22 14:57:34'),(3402,13,10,2,'BANK',600,'2026-04-22 14:57:34'),(3403,13,34,2,'BANK',600,'2026-04-22 14:57:34'),(3404,13,13,2,'BANK',600,'2026-04-22 14:57:34'),(3405,13,19,3,'1',600,'2026-04-22 14:57:34'),(3406,13,10,3,'2',600,'2026-04-22 14:57:34'),(3407,13,5,3,'4',600,'2026-04-22 14:57:34'),(3408,13,20,3,'5',600,'2026-04-22 14:57:34'),(3409,13,34,3,'7',600,'2026-04-22 14:57:34'),(3410,13,8,3,'9',600,'2026-04-22 14:57:34'),(3411,13,2,3,'10',600,'2026-04-22 14:57:34'),(3412,13,13,3,'11',600,'2026-04-22 14:57:34'),(3413,13,35,3,'BANK',600,'2026-04-22 14:57:34'),(3414,13,9,3,'BANK',600,'2026-04-22 14:57:34'),(3415,13,21,3,'BANK',600,'2026-04-22 14:57:34'),(3416,13,12,3,'BANK',600,'2026-04-22 14:57:34'),(3417,13,19,4,'1',300,'2026-04-22 14:57:34'),(3418,13,8,4,'2',300,'2026-04-22 14:57:34'),(3419,13,21,4,'4',300,'2026-04-22 14:57:34'),(3420,13,12,4,'5',300,'2026-04-22 14:57:34'),(3421,13,9,4,'7',300,'2026-04-22 14:57:34'),(3422,13,13,4,'9',300,'2026-04-22 14:57:34'),(3423,13,34,4,'10',300,'2026-04-22 14:57:34'),(3424,13,10,4,'11',300,'2026-04-22 14:57:34'),(3425,13,35,4,'BANK',300,'2026-04-22 14:57:34'),(3426,13,2,4,'BANK',300,'2026-04-22 14:57:34'),(3427,13,5,4,'BANK',300,'2026-04-22 14:57:34'),(3428,13,20,4,'BANK',300,'2026-04-22 14:57:34'),(3429,13,19,5,'1',300,'2026-04-22 14:57:34'),(3430,13,20,5,'2',300,'2026-04-22 14:57:34'),(3431,13,35,5,'4',300,'2026-04-22 14:57:34'),(3432,13,5,5,'5',300,'2026-04-22 14:57:34'),(3433,13,9,5,'7',300,'2026-04-22 14:57:34'),(3434,13,13,5,'9',300,'2026-04-22 14:57:34'),(3435,13,2,5,'10',300,'2026-04-22 14:57:34'),(3436,13,10,5,'11',300,'2026-04-22 14:57:34'),(3437,13,34,5,'BANK',300,'2026-04-22 14:57:34'),(3438,13,21,5,'BANK',300,'2026-04-22 14:57:34'),(3439,13,8,5,'BANK',300,'2026-04-22 14:57:34'),(3440,13,12,5,'BANK',300,'2026-04-22 14:57:34'),(3441,13,19,6,'1',300,'2026-04-22 14:57:34'),(3442,13,34,6,'2',300,'2026-04-22 14:57:34'),(3443,13,35,6,'4',300,'2026-04-22 14:57:34'),(3444,13,21,6,'5',300,'2026-04-22 14:57:34'),(3445,13,8,6,'7',300,'2026-04-22 14:57:34'),(3446,13,13,6,'9',300,'2026-04-22 14:57:34'),(3447,13,12,6,'10',300,'2026-04-22 14:57:34'),(3448,13,2,6,'11',300,'2026-04-22 14:57:34'),(3449,13,5,6,'BANK',300,'2026-04-22 14:57:34'),(3450,13,9,6,'BANK',300,'2026-04-22 14:57:34'),(3451,13,10,6,'BANK',300,'2026-04-22 14:57:34'),(3452,13,20,6,'BANK',300,'2026-04-22 14:57:34'),(3453,13,19,7,'1',300,'2026-04-22 14:57:34'),(3454,13,20,7,'2',300,'2026-04-22 14:57:34'),(3455,13,35,7,'4',300,'2026-04-22 14:57:34'),(3456,13,9,7,'5',300,'2026-04-22 14:57:34'),(3457,13,10,7,'7',300,'2026-04-22 14:57:34'),(3458,13,13,7,'9',300,'2026-04-22 14:57:34'),(3459,13,5,7,'10',300,'2026-04-22 14:57:34'),(3460,13,2,7,'11',300,'2026-04-22 14:57:34'),(3461,13,34,7,'BANK',300,'2026-04-22 14:57:34'),(3462,13,21,7,'BANK',300,'2026-04-22 14:57:34'),(3463,13,8,7,'BANK',300,'2026-04-22 14:57:34'),(3464,13,12,7,'BANK',300,'2026-04-22 14:57:34'),(4369,29,4,0,'1',450,'2026-04-22 14:57:36'),(4370,29,10,0,'2',450,'2026-04-22 14:57:36'),(4371,29,7,0,'4',450,'2026-04-22 14:57:36'),(4372,29,16,0,'5',450,'2026-04-22 14:57:36'),(4373,29,13,0,'7',450,'2026-04-22 14:57:36'),(4374,29,9,0,'9',450,'2026-04-22 14:57:36'),(4375,29,6,0,'10',450,'2026-04-22 14:57:36'),(4376,29,35,0,'11',450,'2026-04-22 14:57:36'),(4377,29,2,0,'BANK',450,'2026-04-22 14:57:36'),(4378,29,3,0,'BANK',450,'2026-04-22 14:57:36'),(4379,29,4,1,'1',450,'2026-04-22 14:57:36'),(4380,29,3,1,'2',450,'2026-04-22 14:57:36'),(4381,29,7,1,'4',450,'2026-04-22 14:57:36'),(4382,29,16,1,'5',450,'2026-04-22 14:57:36'),(4383,29,2,1,'7',450,'2026-04-22 14:57:36'),(4384,29,9,1,'9',450,'2026-04-22 14:57:36'),(4385,29,6,1,'10',450,'2026-04-22 14:57:36'),(4386,29,35,1,'11',450,'2026-04-22 14:57:36'),(4387,29,10,1,'BANK',450,'2026-04-22 14:57:36'),(4388,29,13,1,'BANK',450,'2026-04-22 14:57:36'),(4389,29,4,2,'1',450,'2026-04-22 14:57:36'),(4390,29,10,2,'2',450,'2026-04-22 14:57:36'),(4391,29,6,2,'4',450,'2026-04-22 14:57:36'),(4392,29,2,2,'5',450,'2026-04-22 14:57:36'),(4393,29,13,2,'7',450,'2026-04-22 14:57:36'),(4394,29,9,2,'9',450,'2026-04-22 14:57:36'),(4395,29,16,2,'10',450,'2026-04-22 14:57:36'),(4396,29,3,2,'11',450,'2026-04-22 14:57:36'),(4397,29,35,2,'BANK',450,'2026-04-22 14:57:36'),(4398,29,7,2,'BANK',450,'2026-04-22 14:57:36'),(4399,29,4,3,'1',450,'2026-04-22 14:57:36'),(4400,29,10,3,'2',450,'2026-04-22 14:57:36'),(4401,29,6,3,'4',450,'2026-04-22 14:57:36'),(4402,29,2,3,'5',450,'2026-04-22 14:57:36'),(4403,29,13,3,'7',450,'2026-04-22 14:57:36'),(4404,29,35,3,'9',450,'2026-04-22 14:57:36'),(4405,29,7,3,'10',450,'2026-04-22 14:57:36'),(4406,29,3,3,'11',450,'2026-04-22 14:57:36'),(4407,29,9,3,'BANK',450,'2026-04-22 14:57:36'),(4408,29,16,3,'BANK',450,'2026-04-22 14:57:36'),(4409,29,4,4,'1',450,'2026-04-22 14:57:36'),(4410,29,16,4,'2',450,'2026-04-22 14:57:36'),(4411,29,7,4,'4',450,'2026-04-22 14:57:36'),(4412,29,35,4,'5',450,'2026-04-22 14:57:36'),(4413,29,9,4,'7',450,'2026-04-22 14:57:36'),(4414,29,13,4,'9',450,'2026-04-22 14:57:36'),(4415,29,2,4,'10',450,'2026-04-22 14:57:36'),(4416,29,10,4,'11',450,'2026-04-22 14:57:36'),(4417,29,6,4,'BANK',450,'2026-04-22 14:57:36'),(4418,29,3,4,'BANK',450,'2026-04-22 14:57:36'),(4419,29,4,5,'1',450,'2026-04-22 14:57:36'),(4420,29,16,5,'2',450,'2026-04-22 14:57:36'),(4421,29,6,5,'4',450,'2026-04-22 14:57:36'),(4422,29,35,5,'5',450,'2026-04-22 14:57:36'),(4423,29,3,5,'7',450,'2026-04-22 14:57:36'),(4424,29,13,5,'9',450,'2026-04-22 14:57:36'),(4425,29,2,5,'10',450,'2026-04-22 14:57:36'),(4426,29,10,5,'11',450,'2026-04-22 14:57:36'),(4427,29,9,5,'BANK',450,'2026-04-22 14:57:36'),(4428,29,7,5,'BANK',450,'2026-04-22 14:57:36'),(4429,29,4,6,'1',450,'2026-04-22 14:57:36'),(4430,29,13,6,'2',450,'2026-04-22 14:57:36'),(4431,29,16,6,'4',450,'2026-04-22 14:57:36'),(4432,29,2,6,'5',450,'2026-04-22 14:57:36'),(4433,29,3,6,'7',450,'2026-04-22 14:57:36'),(4434,29,35,6,'9',450,'2026-04-22 14:57:36'),(4435,29,7,6,'10',450,'2026-04-22 14:57:36'),(4436,29,9,6,'11',450,'2026-04-22 14:57:36'),(4437,29,6,6,'BANK',450,'2026-04-22 14:57:36'),(4438,29,10,6,'BANK',450,'2026-04-22 14:57:36'),(4439,29,4,7,'1',450,'2026-04-22 14:57:36'),(4440,29,6,7,'2',450,'2026-04-22 14:57:36'),(4441,29,16,7,'4',450,'2026-04-22 14:57:36'),(4442,29,10,7,'5',450,'2026-04-22 14:57:36'),(4443,29,3,7,'7',450,'2026-04-22 14:57:36'),(4444,29,35,7,'9',450,'2026-04-22 14:57:36'),(4445,29,7,7,'10',450,'2026-04-22 14:57:36'),(4446,29,9,7,'11',450,'2026-04-22 14:57:36'),(4447,29,2,7,'BANK',450,'2026-04-22 14:57:36'),(4448,29,13,7,'BANK',450,'2026-04-22 14:57:36'),(4993,36,4,0,'1',450,'2026-04-22 14:57:36'),(4994,36,16,0,'2',450,'2026-04-22 14:57:36'),(4995,36,15,0,'4',450,'2026-04-22 14:57:36'),(4996,36,10,0,'5',450,'2026-04-22 14:57:36'),(4997,36,6,0,'7',450,'2026-04-22 14:57:36'),(4998,36,13,0,'9',450,'2026-04-22 14:57:36'),(4999,36,7,0,'10',450,'2026-04-22 14:57:36'),(5000,36,3,0,'11',450,'2026-04-22 14:57:36'),(5001,36,35,0,'BANK',450,'2026-04-22 14:57:36'),(5002,36,9,0,'BANK',450,'2026-04-22 14:57:36'),(5003,36,2,0,'BANK',450,'2026-04-22 14:57:36'),(5004,36,4,1,'1',450,'2026-04-22 14:57:36'),(5005,36,35,1,'2',450,'2026-04-22 14:57:36'),(5006,36,15,1,'4',450,'2026-04-22 14:57:36'),(5007,36,10,1,'5',450,'2026-04-22 14:57:36'),(5008,36,2,1,'7',450,'2026-04-22 14:57:36'),(5009,36,9,1,'9',450,'2026-04-22 14:57:36'),(5010,36,7,1,'10',450,'2026-04-22 14:57:36'),(5011,36,3,1,'11',450,'2026-04-22 14:57:36'),(5012,36,6,1,'BANK',450,'2026-04-22 14:57:36'),(5013,36,13,1,'BANK',450,'2026-04-22 14:57:36'),(5014,36,16,1,'BANK',450,'2026-04-22 14:57:36'),(5015,36,4,2,'1',450,'2026-04-22 14:57:36'),(5016,36,7,2,'2',450,'2026-04-22 14:57:36'),(5017,36,6,2,'4',450,'2026-04-22 14:57:36'),(5018,36,9,2,'5',450,'2026-04-22 14:57:36'),(5019,36,16,2,'7',450,'2026-04-22 14:57:36'),(5020,36,2,2,'9',450,'2026-04-22 14:57:36'),(5021,36,13,2,'10',450,'2026-04-22 14:57:36'),(5022,36,35,2,'11',450,'2026-04-22 14:57:36'),(5023,36,3,2,'BANK',450,'2026-04-22 14:57:36'),(5024,36,10,2,'BANK',450,'2026-04-22 14:57:36'),(5025,36,15,2,'BANK',450,'2026-04-22 14:57:36'),(5026,36,4,3,'1',450,'2026-04-22 14:57:36'),(5027,36,3,3,'2',450,'2026-04-22 14:57:36'),(5028,36,6,3,'4',450,'2026-04-22 14:57:36'),(5029,36,9,3,'5',450,'2026-04-22 14:57:36'),(5030,36,10,3,'7',450,'2026-04-22 14:57:36'),(5031,36,2,3,'9',450,'2026-04-22 14:57:36'),(5032,36,15,3,'10',450,'2026-04-22 14:57:36'),(5033,36,35,3,'11',450,'2026-04-22 14:57:36'),(5034,36,7,3,'BANK',450,'2026-04-22 14:57:36'),(5035,36,13,3,'BANK',450,'2026-04-22 14:57:36'),(5036,36,16,3,'BANK',450,'2026-04-22 14:57:36'),(5037,36,4,4,'1',450,'2026-04-22 14:57:36'),(5038,36,10,4,'2',450,'2026-04-22 14:57:36'),(5039,36,6,4,'4',450,'2026-04-22 14:57:36'),(5040,36,16,4,'5',450,'2026-04-22 14:57:36'),(5041,36,35,4,'7',450,'2026-04-22 14:57:36'),(5042,36,15,4,'9',450,'2026-04-22 14:57:36'),(5043,36,2,4,'10',450,'2026-04-22 14:57:36'),(5044,36,13,4,'11',450,'2026-04-22 14:57:36'),(5045,36,7,4,'BANK',450,'2026-04-22 14:57:36'),(5046,36,3,4,'BANK',450,'2026-04-22 14:57:36'),(5047,36,9,4,'BANK',450,'2026-04-22 14:57:36'),(5048,36,4,5,'1',450,'2026-04-22 14:57:36'),(5049,36,9,5,'2',450,'2026-04-22 14:57:36'),(5050,36,7,5,'4',450,'2026-04-22 14:57:36'),(5051,36,16,5,'5',450,'2026-04-22 14:57:36'),(5052,36,35,5,'7',450,'2026-04-22 14:57:36'),(5053,36,3,5,'9',450,'2026-04-22 14:57:36'),(5054,36,2,5,'10',450,'2026-04-22 14:57:36'),(5055,36,13,5,'11',450,'2026-04-22 14:57:36'),(5056,36,6,5,'BANK',450,'2026-04-22 14:57:36'),(5057,36,10,5,'BANK',450,'2026-04-22 14:57:36'),(5058,36,15,5,'BANK',450,'2026-04-22 14:57:36'),(5059,36,4,6,'1',450,'2026-04-22 14:57:36'),(5060,36,16,6,'2',450,'2026-04-22 14:57:36'),(5061,36,15,6,'4',450,'2026-04-22 14:57:36'),(5062,36,9,6,'5',450,'2026-04-22 14:57:36'),(5063,36,3,6,'7',450,'2026-04-22 14:57:36'),(5064,36,13,6,'9',450,'2026-04-22 14:57:36'),(5065,36,6,6,'10',450,'2026-04-22 14:57:36'),(5066,36,10,6,'11',450,'2026-04-22 14:57:36'),(5067,36,7,6,'BANK',450,'2026-04-22 14:57:36'),(5068,36,35,6,'BANK',450,'2026-04-22 14:57:36'),(5069,36,2,6,'BANK',450,'2026-04-22 14:57:36'),(5070,36,4,7,'1',450,'2026-04-22 14:57:36'),(5071,36,16,7,'2',450,'2026-04-22 14:57:36'),(5072,36,15,7,'4',450,'2026-04-22 14:57:36'),(5073,36,35,7,'5',450,'2026-04-22 14:57:36'),(5074,36,3,7,'7',450,'2026-04-22 14:57:36'),(5075,36,2,7,'9',450,'2026-04-22 14:57:36'),(5076,36,7,7,'10',450,'2026-04-22 14:57:36'),(5077,36,10,7,'11',450,'2026-04-22 14:57:36'),(5078,36,6,7,'BANK',450,'2026-04-22 14:57:36'),(5079,36,13,7,'BANK',450,'2026-04-22 14:57:36'),(5080,36,9,7,'BANK',450,'2026-04-22 14:57:36'),(5249,39,4,0,'1',450,'2026-04-22 14:57:37'),(5250,39,3,0,'2',450,'2026-04-22 14:57:37'),(5251,39,15,0,'4',450,'2026-04-22 14:57:37'),(5252,39,35,0,'5',450,'2026-04-22 14:57:37'),(5253,39,16,0,'7',450,'2026-04-22 14:57:37'),(5254,39,2,0,'9',450,'2026-04-22 14:57:37'),(5255,39,6,0,'10',450,'2026-04-22 14:57:37'),(5256,39,10,0,'11',450,'2026-04-22 14:57:37'),(5257,39,13,0,'BANK',450,'2026-04-22 14:57:37'),(5258,39,9,0,'BANK',450,'2026-04-22 14:57:37'),(5259,39,7,0,'BANK',450,'2026-04-22 14:57:37'),(5260,39,4,1,'1',450,'2026-04-22 14:57:37'),(5261,39,3,1,'2',450,'2026-04-22 14:57:37'),(5262,39,15,1,'4',450,'2026-04-22 14:57:37'),(5263,39,35,1,'5',450,'2026-04-22 14:57:37'),(5264,39,9,1,'7',450,'2026-04-22 14:57:37'),(5265,39,13,1,'9',450,'2026-04-22 14:57:37'),(5266,39,6,1,'10',450,'2026-04-22 14:57:37'),(5267,39,7,1,'11',450,'2026-04-22 14:57:37'),(5268,39,2,1,'BANK',450,'2026-04-22 14:57:37'),(5269,39,10,1,'BANK',450,'2026-04-22 14:57:37'),(5270,39,16,1,'BANK',450,'2026-04-22 14:57:37'),(5271,39,4,2,'1',450,'2026-04-22 14:57:37'),(5272,39,10,2,'2',450,'2026-04-22 14:57:37'),(5273,39,7,2,'4',450,'2026-04-22 14:57:37'),(5274,39,16,2,'5',450,'2026-04-22 14:57:37'),(5275,39,9,2,'7',450,'2026-04-22 14:57:37'),(5276,39,13,2,'9',450,'2026-04-22 14:57:37'),(5277,39,35,2,'10',450,'2026-04-22 14:57:37'),(5278,39,2,2,'11',450,'2026-04-22 14:57:37'),(5279,39,6,2,'BANK',450,'2026-04-22 14:57:37'),(5280,39,15,2,'BANK',450,'2026-04-22 14:57:37'),(5281,39,3,2,'BANK',450,'2026-04-22 14:57:37'),(5282,39,4,3,'1',450,'2026-04-22 14:57:37'),(5283,39,6,3,'2',450,'2026-04-22 14:57:37'),(5284,39,7,3,'4',450,'2026-04-22 14:57:37'),(5285,39,16,3,'5',450,'2026-04-22 14:57:37'),(5286,39,9,3,'7',450,'2026-04-22 14:57:37'),(5287,39,13,3,'9',450,'2026-04-22 14:57:37'),(5288,39,15,3,'10',450,'2026-04-22 14:57:37'),(5289,39,3,3,'11',450,'2026-04-22 14:57:37'),(5290,39,2,3,'BANK',450,'2026-04-22 14:57:37'),(5291,39,10,3,'BANK',450,'2026-04-22 14:57:37'),(5292,39,35,3,'BANK',450,'2026-04-22 14:57:37'),(5293,39,4,4,'1',450,'2026-04-22 14:57:37'),(5294,39,16,4,'2',450,'2026-04-22 14:57:37'),(5295,39,15,4,'4',450,'2026-04-22 14:57:37'),(5296,39,10,4,'5',450,'2026-04-22 14:57:37'),(5297,39,3,4,'7',450,'2026-04-22 14:57:37'),(5298,39,2,4,'9',450,'2026-04-22 14:57:37'),(5299,39,6,4,'10',450,'2026-04-22 14:57:37'),(5300,39,35,4,'11',450,'2026-04-22 14:57:37'),(5301,39,13,4,'BANK',450,'2026-04-22 14:57:37'),(5302,39,9,4,'BANK',450,'2026-04-22 14:57:37'),(5303,39,7,4,'BANK',450,'2026-04-22 14:57:37'),(5304,39,4,5,'1',450,'2026-04-22 14:57:37'),(5305,39,16,5,'2',450,'2026-04-22 14:57:37'),(5306,39,15,5,'4',450,'2026-04-22 14:57:37'),(5307,39,10,5,'5',450,'2026-04-22 14:57:37'),(5308,39,13,5,'7',450,'2026-04-22 14:57:37'),(5309,39,2,5,'9',450,'2026-04-22 14:57:37'),(5310,39,7,5,'10',450,'2026-04-22 14:57:37'),(5311,39,9,5,'11',450,'2026-04-22 14:57:37'),(5312,39,6,5,'BANK',450,'2026-04-22 14:57:37'),(5313,39,35,5,'BANK',450,'2026-04-22 14:57:37'),(5314,39,3,5,'BANK',450,'2026-04-22 14:57:37'),(5315,39,4,6,'1',450,'2026-04-22 14:57:37'),(5316,39,35,6,'2',450,'2026-04-22 14:57:37'),(5317,39,6,6,'4',450,'2026-04-22 14:57:37'),(5318,39,10,6,'5',450,'2026-04-22 14:57:37'),(5319,39,3,6,'7',450,'2026-04-22 14:57:37'),(5320,39,9,6,'9',450,'2026-04-22 14:57:37'),(5321,39,7,6,'10',450,'2026-04-22 14:57:37'),(5322,39,13,6,'11',450,'2026-04-22 14:57:37'),(5323,39,2,6,'BANK',450,'2026-04-22 14:57:37'),(5324,39,16,6,'BANK',450,'2026-04-22 14:57:37'),(5325,39,15,6,'BANK',450,'2026-04-22 14:57:37'),(5326,39,4,7,'1',450,'2026-04-22 14:57:37'),(5327,39,16,7,'2',450,'2026-04-22 14:57:37'),(5328,39,15,7,'4',450,'2026-04-22 14:57:37'),(5329,39,10,7,'5',450,'2026-04-22 14:57:37'),(5330,39,3,7,'7',450,'2026-04-22 14:57:37'),(5331,39,2,7,'9',450,'2026-04-22 14:57:37'),(5332,39,7,7,'10',450,'2026-04-22 14:57:37'),(5333,39,13,7,'11',450,'2026-04-22 14:57:37'),(5334,39,6,7,'BANK',450,'2026-04-22 14:57:37'),(5335,39,35,7,'BANK',450,'2026-04-22 14:57:37'),(5336,39,9,7,'BANK',450,'2026-04-22 14:57:37'),(5337,40,18,0,'1',450,'2026-04-22 14:57:37'),(5338,40,22,0,'2',450,'2026-04-22 14:57:37'),(5339,40,21,0,'4',450,'2026-04-22 14:57:37'),(5340,40,8,0,'5',450,'2026-04-22 14:57:37'),(5341,40,17,0,'7',450,'2026-04-22 14:57:37'),(5342,40,34,0,'9',450,'2026-04-22 14:57:37'),(5343,40,11,0,'10',450,'2026-04-22 14:57:37'),(5344,40,5,0,'11',450,'2026-04-22 14:57:37'),(5345,40,19,0,'BANK',450,'2026-04-22 14:57:37'),(5346,40,12,0,'BANK',450,'2026-04-22 14:57:37'),(5347,40,20,0,'BANK',450,'2026-04-22 14:57:37'),(5348,40,18,1,'1',450,'2026-04-22 14:57:37'),(5349,40,19,1,'2',450,'2026-04-22 14:57:37'),(5350,40,21,1,'4',450,'2026-04-22 14:57:37'),(5351,40,8,1,'5',450,'2026-04-22 14:57:37'),(5352,40,20,1,'7',450,'2026-04-22 14:57:37'),(5353,40,34,1,'9',450,'2026-04-22 14:57:37'),(5354,40,11,1,'10',450,'2026-04-22 14:57:37'),(5355,40,12,1,'11',450,'2026-04-22 14:57:37'),(5356,40,17,1,'BANK',450,'2026-04-22 14:57:37'),(5357,40,5,1,'BANK',450,'2026-04-22 14:57:37'),(5358,40,22,1,'BANK',450,'2026-04-22 14:57:37'),(5359,40,18,2,'1',450,'2026-04-22 14:57:37'),(5360,40,12,2,'2',450,'2026-04-22 14:57:37'),(5361,40,11,2,'4',450,'2026-04-22 14:57:37'),(5362,40,5,2,'5',450,'2026-04-22 14:57:37'),(5363,40,22,2,'7',450,'2026-04-22 14:57:37'),(5364,40,20,2,'9',450,'2026-04-22 14:57:37'),(5365,40,21,2,'10',450,'2026-04-22 14:57:37'),(5366,40,17,2,'11',450,'2026-04-22 14:57:37'),(5367,40,34,2,'BANK',450,'2026-04-22 14:57:37'),(5368,40,19,2,'BANK',450,'2026-04-22 14:57:37'),(5369,40,8,2,'BANK',450,'2026-04-22 14:57:37'),(5370,40,18,3,'1',450,'2026-04-22 14:57:37'),(5371,40,12,3,'2',450,'2026-04-22 14:57:37'),(5372,40,11,3,'4',450,'2026-04-22 14:57:37'),(5373,40,19,3,'5',450,'2026-04-22 14:57:37'),(5374,40,8,3,'7',450,'2026-04-22 14:57:37'),(5375,40,20,3,'9',450,'2026-04-22 14:57:37'),(5376,40,34,3,'10',450,'2026-04-22 14:57:37'),(5377,40,17,3,'11',450,'2026-04-22 14:57:37'),(5378,40,5,3,'BANK',450,'2026-04-22 14:57:37'),(5379,40,21,3,'BANK',450,'2026-04-22 14:57:37'),(5380,40,22,3,'BANK',450,'2026-04-22 14:57:37'),(5381,40,18,4,'1',450,'2026-04-22 14:57:37'),(5382,40,8,4,'2',450,'2026-04-22 14:57:37'),(5383,40,17,4,'4',450,'2026-04-22 14:57:37'),(5384,40,21,4,'5',450,'2026-04-22 14:57:37'),(5385,40,19,4,'7',450,'2026-04-22 14:57:37'),(5386,40,20,4,'9',450,'2026-04-22 14:57:37'),(5387,40,5,4,'10',450,'2026-04-22 14:57:37'),(5388,40,22,4,'11',450,'2026-04-22 14:57:37'),(5389,40,11,4,'BANK',450,'2026-04-22 14:57:37'),(5390,40,34,4,'BANK',450,'2026-04-22 14:57:37'),(5391,40,12,4,'BANK',450,'2026-04-22 14:57:37'),(5392,40,18,5,'1',450,'2026-04-22 14:57:37'),(5393,40,11,5,'2',450,'2026-04-22 14:57:37'),(5394,40,12,5,'4',450,'2026-04-22 14:57:37'),(5395,40,34,5,'5',450,'2026-04-22 14:57:37'),(5396,40,19,5,'7',450,'2026-04-22 14:57:37'),(5397,40,20,5,'9',450,'2026-04-22 14:57:37'),(5398,40,5,5,'10',450,'2026-04-22 14:57:37'),(5399,40,22,5,'11',450,'2026-04-22 14:57:37'),(5400,40,17,5,'BANK',450,'2026-04-22 14:57:37'),(5401,40,8,5,'BANK',450,'2026-04-22 14:57:37'),(5402,40,21,5,'BANK',450,'2026-04-22 14:57:37'),(5403,40,18,6,'1',450,'2026-04-22 14:57:37'),(5404,40,34,6,'2',450,'2026-04-22 14:57:37'),(5405,40,21,6,'4',450,'2026-04-22 14:57:37'),(5406,40,5,6,'5',450,'2026-04-22 14:57:37'),(5407,40,22,6,'7',450,'2026-04-22 14:57:37'),(5408,40,8,6,'9',450,'2026-04-22 14:57:37'),(5409,40,17,6,'10',450,'2026-04-22 14:57:37'),(5410,40,12,6,'11',450,'2026-04-22 14:57:37'),(5411,40,11,6,'BANK',450,'2026-04-22 14:57:37'),(5412,40,19,6,'BANK',450,'2026-04-22 14:57:37'),(5413,40,20,6,'BANK',450,'2026-04-22 14:57:37'),(5414,40,18,7,'1',450,'2026-04-22 14:57:37'),(5415,40,34,7,'2',450,'2026-04-22 14:57:37'),(5416,40,21,7,'4',450,'2026-04-22 14:57:37'),(5417,40,19,7,'5',450,'2026-04-22 14:57:37'),(5418,40,22,7,'7',450,'2026-04-22 14:57:37'),(5419,40,8,7,'9',450,'2026-04-22 14:57:37'),(5420,40,11,7,'10',450,'2026-04-22 14:57:37'),(5421,40,20,7,'11',450,'2026-04-22 14:57:37'),(5422,40,17,7,'BANK',450,'2026-04-22 14:57:37'),(5423,40,5,7,'BANK',450,'2026-04-22 14:57:37'),(5424,40,12,7,'BANK',450,'2026-04-22 14:57:37'),(7023,38,18,0,'1',3600,'2026-04-22 15:05:40'),(7024,38,21,0,'4',1350,'2026-04-22 15:05:40'),(7025,38,21,1,'5',450,'2026-04-22 15:05:40'),(7026,38,21,2,'10',900,'2026-04-22 15:05:40'),(7027,38,21,3,'BANK',900,'2026-04-22 15:05:40'),(7028,38,12,0,'2',900,'2026-04-22 15:05:40'),(7029,38,12,1,'5',450,'2026-04-22 15:05:40'),(7030,38,12,2,'9',900,'2026-04-22 15:05:40'),(7031,38,12,3,'10',450,'2026-04-22 15:05:40'),(7032,38,12,4,'BANK',900,'2026-04-22 15:05:40'),(7033,38,20,0,'5',450,'2026-04-22 15:05:40'),(7034,38,20,1,'7',450,'2026-04-22 15:05:40'),(7035,38,20,2,'9',450,'2026-04-22 15:05:40'),(7036,38,20,3,'11',900,'2026-04-22 15:05:40'),(7037,38,20,4,'BANK',1350,'2026-04-22 15:05:40'),(7038,38,34,0,'5',450,'2026-04-22 15:05:40'),(7039,38,34,1,'9',450,'2026-04-22 15:05:40'),(7040,38,34,2,'11',1350,'2026-04-22 15:05:40'),(7041,38,34,3,'BANK',1350,'2026-04-22 15:05:40'),(7042,38,8,0,'2',450,'2026-04-22 15:05:40'),(7043,38,8,1,'5',450,'2026-04-22 15:05:40'),(7044,38,8,2,'9',1350,'2026-04-22 15:05:40'),(7045,38,8,3,'BANK',1350,'2026-04-22 15:05:40'),(7046,38,5,0,'4',1350,'2026-04-22 15:05:40'),(7047,38,5,1,'5',900,'2026-04-22 15:05:40'),(7048,38,5,2,'9',450,'2026-04-22 15:05:40'),(7049,38,5,3,'BANK',900,'2026-04-22 15:05:40'),(7050,38,11,0,'2',450,'2026-04-22 15:05:40'),(7051,38,11,1,'7',900,'2026-04-22 15:05:40'),(7052,38,11,2,'11',900,'2026-04-22 15:05:40'),(7053,38,11,3,'BANK',1350,'2026-04-22 15:05:40'),(7054,38,17,0,'2',450,'2026-04-22 15:05:40'),(7055,38,17,1,'4',900,'2026-04-22 15:05:40'),(7056,38,17,2,'10',1350,'2026-04-22 15:05:40'),(7057,38,17,3,'BANK',900,'2026-04-22 15:05:40'),(7058,38,14,0,'2',450,'2026-04-22 15:05:40'),(7059,38,14,1,'5',450,'2026-04-22 15:05:40'),(7060,38,14,2,'7',900,'2026-04-22 15:05:40'),(7061,38,14,3,'10',900,'2026-04-22 15:05:40'),(7062,38,14,4,'BANK',900,'2026-04-22 15:05:40'),(7063,38,22,0,'2',900,'2026-04-22 15:05:40'),(7064,38,22,1,'7',1350,'2026-04-22 15:05:40'),(7065,38,22,2,'11',450,'2026-04-22 15:05:40'),(7066,38,22,3,'BANK',900,'2026-04-22 15:05:40'),(7067,35,18,0,'1',3600,'2026-04-22 15:05:40'),(7068,35,11,0,'2',450,'2026-04-22 15:05:40'),(7069,35,11,1,'4',450,'2026-04-22 15:05:40'),(7070,35,11,2,'10',1350,'2026-04-22 15:05:40'),(7071,35,11,3,'BANK',1350,'2026-04-22 15:05:40'),(7072,35,8,0,'9',1800,'2026-04-22 15:05:40'),(7073,35,8,1,'11',450,'2026-04-22 15:05:40'),(7074,35,8,2,'BANK',1350,'2026-04-22 15:05:40'),(7075,35,14,0,'7',450,'2026-04-22 15:05:40'),(7076,35,14,1,'9',1350,'2026-04-22 15:05:40'),(7077,35,14,2,'11',900,'2026-04-22 15:05:40'),(7078,35,14,3,'BANK',900,'2026-04-22 15:05:40'),(7079,35,22,0,'2',450,'2026-04-22 15:05:40'),(7080,35,22,1,'5',1800,'2026-04-22 15:05:40'),(7081,35,22,2,'11',450,'2026-04-22 15:05:40'),(7082,35,22,3,'BANK',900,'2026-04-22 15:05:40'),(7083,35,20,0,'2',1350,'2026-04-22 15:05:40'),(7084,35,20,1,'5',900,'2026-04-22 15:05:40'),(7085,35,20,2,'7',450,'2026-04-22 15:05:40'),(7086,35,20,3,'BANK',900,'2026-04-22 15:05:40'),(7087,35,5,0,'2',450,'2026-04-22 15:05:40'),(7088,35,5,1,'5',900,'2026-04-22 15:05:40'),(7089,35,5,2,'10',450,'2026-04-22 15:05:40'),(7090,35,5,3,'11',450,'2026-04-22 15:05:40'),(7091,35,5,4,'BANK',1350,'2026-04-22 15:05:40'),(7092,35,34,0,'7',1350,'2026-04-22 15:05:40'),(7093,35,34,1,'9',450,'2026-04-22 15:05:40'),(7094,35,34,2,'11',450,'2026-04-22 15:05:40'),(7095,35,34,3,'BANK',1350,'2026-04-22 15:05:40'),(7096,35,17,0,'4',900,'2026-04-22 15:05:40'),(7097,35,17,1,'10',1350,'2026-04-22 15:05:40'),(7098,35,17,2,'11',450,'2026-04-22 15:05:40'),(7099,35,17,3,'BANK',900,'2026-04-22 15:05:40'),(7100,35,21,0,'4',2250,'2026-04-22 15:05:40'),(7101,35,21,1,'10',450,'2026-04-22 15:05:40'),(7102,35,21,2,'BANK',900,'2026-04-22 15:05:40'),(7103,35,12,0,'2',900,'2026-04-22 15:05:40'),(7104,35,12,1,'7',1350,'2026-04-22 15:05:40'),(7105,35,12,2,'11',450,'2026-04-22 15:05:40'),(7106,35,12,3,'BANK',900,'2026-04-22 15:05:40'),(7107,34,18,0,'1',3600,'2026-04-22 15:05:40'),(7108,34,11,0,'2',450,'2026-04-22 15:05:40'),(7109,34,11,1,'4',1350,'2026-04-22 15:05:40'),(7110,34,11,2,'10',900,'2026-04-22 15:05:40'),(7111,34,11,3,'BANK',900,'2026-04-22 15:05:40'),(7112,34,19,0,'7',450,'2026-04-22 15:05:40'),(7113,34,19,1,'9',1350,'2026-04-22 15:05:40'),(7114,34,19,2,'11',900,'2026-04-22 15:05:40'),(7115,34,19,3,'BANK',900,'2026-04-22 15:05:40'),(7116,34,12,0,'5',900,'2026-04-22 15:05:40'),(7117,34,12,1,'9',450,'2026-04-22 15:05:40'),(7118,34,12,2,'10',900,'2026-04-22 15:05:40'),(7119,34,12,3,'11',900,'2026-04-22 15:05:40'),(7120,34,12,4,'BANK',450,'2026-04-22 15:05:40'),(7121,34,17,0,'5',1350,'2026-04-22 15:05:40'),(7122,34,17,1,'7',450,'2026-04-22 15:05:40'),(7123,34,17,2,'10',900,'2026-04-22 15:05:40'),(7124,34,17,3,'BANK',900,'2026-04-22 15:05:40'),(7125,34,8,0,'2',1350,'2026-04-22 15:05:40'),(7126,34,8,1,'5',450,'2026-04-22 15:05:40'),(7127,34,8,2,'11',900,'2026-04-22 15:05:40'),(7128,34,8,3,'BANK',900,'2026-04-22 15:05:40'),(7129,34,34,0,'2',450,'2026-04-22 15:05:40'),(7130,34,34,1,'7',1350,'2026-04-22 15:05:40'),(7131,34,34,2,'11',900,'2026-04-22 15:05:40'),(7132,34,34,3,'BANK',900,'2026-04-22 15:05:40'),(7133,34,20,0,'2',450,'2026-04-22 15:05:40'),(7134,34,20,1,'7',1350,'2026-04-22 15:05:40'),(7135,34,20,2,'9',900,'2026-04-22 15:05:40'),(7136,34,20,3,'BANK',900,'2026-04-22 15:05:40'),(7137,34,21,0,'4',1350,'2026-04-22 15:05:40'),(7138,34,21,1,'9',900,'2026-04-22 15:05:40'),(7139,34,21,2,'10',450,'2026-04-22 15:05:40'),(7140,34,21,3,'BANK',900,'2026-04-22 15:05:40'),(7141,34,5,0,'2',900,'2026-04-22 15:05:40'),(7142,34,5,1,'4',900,'2026-04-22 15:05:40'),(7143,34,5,2,'5',900,'2026-04-22 15:05:40'),(7144,34,5,3,'10',450,'2026-04-22 15:05:40'),(7145,34,5,4,'BANK',450,'2026-04-22 15:05:40'),(7146,32,18,0,'1',3600,'2026-04-22 15:05:40'),(7147,32,21,0,'4',1350,'2026-04-22 15:05:40'),(7148,32,21,1,'7',450,'2026-04-22 15:05:40'),(7149,32,21,2,'10',450,'2026-04-22 15:05:40'),(7150,32,21,3,'BANK',1350,'2026-04-22 15:05:40'),(7151,32,11,0,'10',1350,'2026-04-22 15:05:40'),(7152,32,11,1,'11',900,'2026-04-22 15:05:40'),(7153,32,11,2,'BANK',1350,'2026-04-22 15:05:40'),(7154,32,17,0,'4',900,'2026-04-22 15:05:40'),(7155,32,17,1,'5',450,'2026-04-22 15:05:40'),(7156,32,17,2,'10',450,'2026-04-22 15:05:40'),(7157,32,17,3,'11',450,'2026-04-22 15:05:40'),(7158,32,17,4,'BANK',1350,'2026-04-22 15:05:40'),(7159,32,34,0,'2',450,'2026-04-22 15:05:40'),(7160,32,34,1,'5',450,'2026-04-22 15:05:40'),(7161,32,34,2,'7',1350,'2026-04-22 15:05:40'),(7162,32,34,3,'BANK',1350,'2026-04-22 15:05:40'),(7163,32,22,0,'2',900,'2026-04-22 15:05:40'),(7164,32,22,1,'7',450,'2026-04-22 15:05:40'),(7165,32,22,2,'11',900,'2026-04-22 15:05:40'),(7166,32,22,3,'BANK',1350,'2026-04-22 15:05:40'),(7167,32,12,0,'2',450,'2026-04-22 15:05:40'),(7168,32,12,1,'5',900,'2026-04-22 15:05:40'),(7169,32,12,2,'7',450,'2026-04-22 15:05:40'),(7170,32,12,3,'10',450,'2026-04-22 15:05:40'),(7171,32,12,4,'BANK',1350,'2026-04-22 15:05:40'),(7172,32,20,0,'2',900,'2026-04-22 15:05:40'),(7173,32,20,1,'5',900,'2026-04-22 15:05:40'),(7174,32,20,2,'7',450,'2026-04-22 15:05:40'),(7175,32,20,3,'BANK',1350,'2026-04-22 15:05:40'),(7176,32,5,0,'4',1350,'2026-04-22 15:05:40'),(7177,32,5,1,'5',450,'2026-04-22 15:05:40'),(7178,32,5,2,'10',450,'2026-04-22 15:05:40'),(7179,32,5,3,'BANK',1350,'2026-04-22 15:05:40'),(7180,32,8,0,'2',900,'2026-04-22 15:05:40'),(7181,32,8,1,'7',450,'2026-04-22 15:05:40'),(7182,32,8,2,'9',900,'2026-04-22 15:05:40'),(7183,32,8,3,'BANK',1350,'2026-04-22 15:05:40'),(7184,32,14,0,'9',1800,'2026-04-22 15:05:40'),(7185,32,14,1,'11',900,'2026-04-22 15:05:40'),(7186,32,14,2,'BANK',900,'2026-04-22 15:05:40'),(7187,32,19,0,'5',450,'2026-04-22 15:05:40'),(7188,32,19,1,'9',900,'2026-04-22 15:05:40'),(7189,32,19,2,'10',450,'2026-04-22 15:05:40'),(7190,32,19,3,'11',450,'2026-04-22 15:05:40'),(7191,32,19,4,'BANK',1350,'2026-04-22 15:05:40'),(7192,30,18,0,'1',3600,'2026-04-22 15:05:40'),(7193,30,17,0,'4',1350,'2026-04-22 15:05:40'),(7194,30,17,1,'5',450,'2026-04-22 15:05:40'),(7195,30,17,2,'10',900,'2026-04-22 15:05:40'),(7196,30,17,3,'BANK',900,'2026-04-22 15:05:40'),(7197,30,12,0,'2',900,'2026-04-22 15:05:40'),(7198,30,12,1,'5',450,'2026-04-22 15:05:40'),(7199,30,12,2,'9',900,'2026-04-22 15:05:40'),(7200,30,12,3,'10',450,'2026-04-22 15:05:40'),(7201,30,12,4,'BANK',900,'2026-04-22 15:05:40'),(7202,30,19,0,'2',900,'2026-04-22 15:05:40'),(7203,30,19,1,'5',450,'2026-04-22 15:05:40'),(7204,30,19,2,'7',450,'2026-04-22 15:05:40'),(7205,30,19,3,'10',450,'2026-04-22 15:05:40'),(7206,30,19,4,'BANK',1350,'2026-04-22 15:05:40'),(7207,30,11,0,'5',900,'2026-04-22 15:05:40'),(7208,30,11,1,'10',900,'2026-04-22 15:05:40'),(7209,30,11,2,'11',450,'2026-04-22 15:05:40'),(7210,30,11,3,'BANK',1350,'2026-04-22 15:05:40'),(7211,30,22,0,'2',450,'2026-04-22 15:05:40'),(7212,30,22,1,'5',450,'2026-04-22 15:05:40'),(7213,30,22,2,'7',900,'2026-04-22 15:05:40'),(7214,30,22,3,'10',450,'2026-04-22 15:05:40'),(7215,30,22,4,'BANK',1350,'2026-04-22 15:05:40'),(7216,30,5,0,'2',450,'2026-04-22 15:05:40'),(7217,30,5,1,'4',900,'2026-04-22 15:05:40'),(7218,30,5,2,'5',900,'2026-04-22 15:05:40'),(7219,30,5,3,'9',450,'2026-04-22 15:05:40'),(7220,30,5,4,'BANK',900,'2026-04-22 15:05:40'),(7221,30,8,0,'2',450,'2026-04-22 15:05:40'),(7222,30,8,1,'7',450,'2026-04-22 15:05:40'),(7223,30,8,2,'11',1350,'2026-04-22 15:05:40'),(7224,30,8,3,'BANK',1350,'2026-04-22 15:05:40'),(7225,30,21,0,'4',1350,'2026-04-22 15:05:40'),(7226,30,21,1,'9',900,'2026-04-22 15:05:40'),(7227,30,21,2,'10',450,'2026-04-22 15:05:40'),(7228,30,21,3,'BANK',900,'2026-04-22 15:05:40'),(7229,30,20,0,'2',450,'2026-04-22 15:05:40'),(7230,30,20,1,'7',900,'2026-04-22 15:05:40'),(7231,30,20,2,'9',450,'2026-04-22 15:05:40'),(7232,30,20,3,'11',900,'2026-04-22 15:05:40'),(7233,30,20,4,'BANK',900,'2026-04-22 15:05:40'),(7234,30,34,0,'7',900,'2026-04-22 15:05:40'),(7235,30,34,1,'9',900,'2026-04-22 15:05:40'),(7236,30,34,2,'11',900,'2026-04-22 15:05:40'),(7237,30,34,3,'BANK',900,'2026-04-22 15:05:40'),(7238,27,18,0,'1',3600,'2026-04-22 15:05:40'),(7239,27,11,0,'4',1350,'2026-04-22 15:05:40'),(7240,27,11,1,'5',450,'2026-04-22 15:05:40'),(7241,27,11,2,'10',900,'2026-04-22 15:05:40'),(7242,27,11,3,'BANK',900,'2026-04-22 15:05:40'),(7243,27,5,0,'2',1350,'2026-04-22 15:05:40'),(7244,27,5,1,'4',900,'2026-04-22 15:05:40'),(7245,27,5,2,'10',450,'2026-04-22 15:05:40'),(7246,27,5,3,'BANK',900,'2026-04-22 15:05:40'),(7247,27,34,0,'5',450,'2026-04-22 15:05:40'),(7248,27,34,1,'7',450,'2026-04-22 15:05:40'),(7249,27,34,2,'9',450,'2026-04-22 15:05:40'),(7250,27,34,3,'11',900,'2026-04-22 15:05:40'),(7251,27,34,4,'BANK',1350,'2026-04-22 15:05:40'),(7252,27,14,0,'5',450,'2026-04-22 15:05:40'),(7253,27,14,1,'7',1350,'2026-04-22 15:05:40'),(7254,27,14,2,'11',450,'2026-04-22 15:05:40'),(7255,27,14,3,'BANK',1350,'2026-04-22 15:05:40'),(7256,27,19,0,'2',450,'2026-04-22 15:05:40'),(7257,27,19,1,'5',450,'2026-04-22 15:05:40'),(7258,27,19,2,'9',450,'2026-04-22 15:05:40'),(7259,27,19,3,'10',900,'2026-04-22 15:05:40'),(7260,27,19,4,'BANK',1350,'2026-04-22 15:05:40'),(7261,27,17,0,'2',450,'2026-04-22 15:05:40'),(7262,27,17,1,'5',900,'2026-04-22 15:05:40'),(7263,27,17,2,'7',450,'2026-04-22 15:05:40'),(7264,27,17,3,'10',900,'2026-04-22 15:05:40'),(7265,27,17,4,'BANK',900,'2026-04-22 15:05:40'),(7266,27,8,0,'2',900,'2026-04-22 15:05:40'),(7267,27,8,1,'5',450,'2026-04-22 15:05:40'),(7268,27,8,2,'11',900,'2026-04-22 15:05:40'),(7269,27,8,3,'BANK',1350,'2026-04-22 15:05:40'),(7270,27,21,0,'4',1350,'2026-04-22 15:05:40'),(7271,27,21,1,'9',900,'2026-04-22 15:05:40'),(7272,27,21,2,'10',450,'2026-04-22 15:05:40'),(7273,27,21,3,'BANK',900,'2026-04-22 15:05:40'),(7274,27,20,0,'2',450,'2026-04-22 15:05:40'),(7275,27,20,1,'5',450,'2026-04-22 15:05:40'),(7276,27,20,2,'7',900,'2026-04-22 15:05:40'),(7277,27,20,3,'11',900,'2026-04-22 15:05:40'),(7278,27,20,4,'BANK',900,'2026-04-22 15:05:40'),(7279,27,22,0,'7',450,'2026-04-22 15:05:40'),(7280,27,22,1,'9',1800,'2026-04-22 15:05:40'),(7281,27,22,2,'11',450,'2026-04-22 15:05:40'),(7282,27,22,3,'BANK',900,'2026-04-22 15:05:40'),(7283,25,19,0,'1',3600,'2026-04-22 15:05:40'),(7284,25,21,0,'2',450,'2026-04-22 15:05:40'),(7285,25,21,1,'4',1350,'2026-04-22 15:05:40'),(7286,25,21,2,'10',1350,'2026-04-22 15:05:40'),(7287,25,21,3,'BANK',450,'2026-04-22 15:05:40'),(7288,25,12,0,'7',450,'2026-04-22 15:05:40'),(7289,25,12,1,'9',450,'2026-04-22 15:05:40'),(7290,25,12,2,'11',900,'2026-04-22 15:05:40'),(7291,25,12,3,'BANK',1800,'2026-04-22 15:05:40'),(7292,25,8,0,'5',900,'2026-04-22 15:05:40'),(7293,25,8,1,'9',450,'2026-04-22 15:05:40'),(7294,25,8,2,'10',900,'2026-04-22 15:05:40'),(7295,25,8,3,'11',900,'2026-04-22 15:05:40'),(7296,25,8,4,'BANK',450,'2026-04-22 15:05:40'),(7297,25,20,0,'5',1800,'2026-04-22 15:05:40'),(7298,25,20,1,'7',450,'2026-04-22 15:05:40'),(7299,25,20,2,'10',900,'2026-04-22 15:05:40'),(7300,25,20,3,'BANK',450,'2026-04-22 15:05:40'),(7301,25,17,0,'2',1350,'2026-04-22 15:05:40'),(7302,25,17,1,'5',450,'2026-04-22 15:05:40'),(7303,25,17,2,'11',900,'2026-04-22 15:05:40'),(7304,25,17,3,'BANK',900,'2026-04-22 15:05:40'),(7305,25,34,0,'2',450,'2026-04-22 15:05:40'),(7306,25,34,1,'7',1800,'2026-04-22 15:05:40'),(7307,25,34,2,'11',900,'2026-04-22 15:05:40'),(7308,25,34,3,'BANK',450,'2026-04-22 15:05:40'),(7309,25,11,0,'2',450,'2026-04-22 15:05:40'),(7310,25,11,1,'7',1800,'2026-04-22 15:05:40'),(7311,25,11,2,'9',900,'2026-04-22 15:05:40'),(7312,25,11,3,'BANK',450,'2026-04-22 15:05:40'),(7313,25,22,0,'4',1350,'2026-04-22 15:05:40'),(7314,25,22,1,'9',1350,'2026-04-22 15:05:40'),(7315,25,22,2,'10',450,'2026-04-22 15:05:40'),(7316,25,22,3,'BANK',450,'2026-04-22 15:05:40'),(7317,25,7,0,'2',900,'2026-04-22 15:05:40'),(7318,25,7,1,'4',900,'2026-04-22 15:05:40'),(7319,25,7,2,'5',900,'2026-04-22 15:05:40'),(7320,25,7,3,'10',450,'2026-04-22 15:05:40'),(7321,25,7,4,'BANK',450,'2026-04-22 15:05:40'),(7322,23,18,0,'1',3600,'2026-04-22 15:05:40'),(7323,23,11,0,'2',450,'2026-04-22 15:05:40'),(7324,23,11,1,'4',1350,'2026-04-22 15:05:40'),(7325,23,11,2,'10',900,'2026-04-22 15:05:40'),(7326,23,11,3,'BANK',900,'2026-04-22 15:05:40'),(7327,23,22,0,'7',450,'2026-04-22 15:05:40'),(7328,23,22,1,'9',1350,'2026-04-22 15:05:40'),(7329,23,22,2,'11',900,'2026-04-22 15:05:40'),(7330,23,22,3,'BANK',900,'2026-04-22 15:05:40'),(7331,23,34,0,'9',450,'2026-04-22 15:05:40'),(7332,23,34,1,'10',1800,'2026-04-22 15:05:40'),(7333,23,34,2,'11',900,'2026-04-22 15:05:40'),(7334,23,34,3,'BANK',450,'2026-04-22 15:05:40'),(7335,23,12,0,'2',1800,'2026-04-22 15:05:40'),(7336,23,12,1,'5',450,'2026-04-22 15:05:40'),(7337,23,12,2,'7',450,'2026-04-22 15:05:40'),(7338,23,12,3,'BANK',900,'2026-04-22 15:05:40'),(7339,23,19,0,'2',450,'2026-04-22 15:05:40'),(7340,23,19,1,'5',1350,'2026-04-22 15:05:40'),(7341,23,19,2,'11',900,'2026-04-22 15:05:40'),(7342,23,19,3,'BANK',900,'2026-04-22 15:05:40'),(7343,23,14,0,'2',450,'2026-04-22 15:05:40'),(7344,23,14,1,'7',1350,'2026-04-22 15:05:40'),(7345,23,14,2,'11',900,'2026-04-22 15:05:40'),(7346,23,14,3,'BANK',900,'2026-04-22 15:05:40'),(7347,23,8,0,'2',450,'2026-04-22 15:05:40'),(7348,23,8,1,'7',1350,'2026-04-22 15:05:40'),(7349,23,8,2,'9',900,'2026-04-22 15:05:40'),(7350,23,8,3,'BANK',900,'2026-04-22 15:05:40'),(7351,23,21,0,'4',1350,'2026-04-22 15:05:40'),(7352,23,21,1,'9',900,'2026-04-22 15:05:40'),(7353,23,21,2,'10',450,'2026-04-22 15:05:40'),(7354,23,21,3,'BANK',900,'2026-04-22 15:05:40'),(7355,23,5,0,'4',900,'2026-04-22 15:05:40'),(7356,23,5,1,'5',1800,'2026-04-22 15:05:40'),(7357,23,5,2,'10',450,'2026-04-22 15:05:40'),(7358,23,5,3,'BANK',450,'2026-04-22 15:05:40'),(7359,42,4,0,'1',3600,'2026-04-22 15:05:40'),(7360,42,7,0,'10',3150,'2026-04-22 15:05:40'),(7361,42,7,1,'BANK',450,'2026-04-22 15:05:40'),(7362,42,2,0,'5',2250,'2026-04-22 15:05:40'),(7363,42,2,1,'9',450,'2026-04-22 15:05:40'),(7364,42,2,2,'BANK',900,'2026-04-22 15:05:40'),(7365,42,9,0,'9',1800,'2026-04-22 15:05:40'),(7366,42,9,1,'11',900,'2026-04-22 15:05:40'),(7367,42,9,2,'BANK',900,'2026-04-22 15:05:40'),(7368,42,3,0,'7',1800,'2026-04-22 15:05:40'),(7369,42,3,1,'11',900,'2026-04-22 15:05:40'),(7370,42,3,2,'BANK',900,'2026-04-22 15:05:40'),(7371,42,13,0,'2',1800,'2026-04-22 15:05:40'),(7372,42,13,1,'11',900,'2026-04-22 15:05:40'),(7373,42,13,2,'BANK',900,'2026-04-22 15:05:40'),(7374,42,10,0,'2',1800,'2026-04-22 15:05:40'),(7375,42,10,1,'11',900,'2026-04-22 15:05:40'),(7376,42,10,2,'BANK',900,'2026-04-22 15:05:40'),(7377,42,35,0,'7',1350,'2026-04-22 15:05:40'),(7378,42,35,1,'9',1350,'2026-04-22 15:05:40'),(7379,42,35,2,'BANK',900,'2026-04-22 15:05:40'),(7380,42,6,0,'4',1800,'2026-04-22 15:05:40'),(7381,42,6,1,'7',450,'2026-04-22 15:05:40'),(7382,42,6,2,'10',450,'2026-04-22 15:05:40'),(7383,42,6,3,'BANK',900,'2026-04-22 15:05:40'),(7384,42,16,0,'4',1800,'2026-04-22 15:05:40'),(7385,42,16,1,'5',1350,'2026-04-22 15:05:40'),(7386,42,16,2,'BANK',450,'2026-04-22 15:05:40'),(7387,43,4,0,'1',3600,'2026-04-22 15:05:40'),(7388,43,6,0,'4',1350,'2026-04-22 15:05:40'),(7389,43,6,1,'5',450,'2026-04-22 15:05:40'),(7390,43,6,2,'10',900,'2026-04-22 15:05:40'),(7391,43,6,3,'BANK',900,'2026-04-22 15:05:40'),(7392,43,2,0,'2',1350,'2026-04-22 15:05:40'),(7393,43,2,1,'9',1350,'2026-04-22 15:05:40'),(7394,43,2,2,'BANK',900,'2026-04-22 15:05:40'),(7395,43,7,0,'9',450,'2026-04-22 15:05:40'),(7396,43,7,1,'10',1800,'2026-04-22 15:05:40'),(7397,43,7,2,'11',900,'2026-04-22 15:05:40'),(7398,43,7,3,'BANK',450,'2026-04-22 15:05:40'),(7399,43,3,0,'2',900,'2026-04-22 15:05:40'),(7400,43,3,1,'7',1350,'2026-04-22 15:05:40'),(7401,43,3,2,'11',450,'2026-04-22 15:05:40'),(7402,43,3,3,'BANK',900,'2026-04-22 15:05:40'),(7403,43,10,0,'5',1350,'2026-04-22 15:05:40'),(7404,43,10,1,'11',1350,'2026-04-22 15:05:40'),(7405,43,10,2,'BANK',900,'2026-04-22 15:05:40'),(7406,43,35,0,'2',450,'2026-04-22 15:05:40'),(7407,43,35,1,'5',450,'2026-04-22 15:05:40'),(7408,43,35,2,'7',900,'2026-04-22 15:05:40'),(7409,43,35,3,'11',900,'2026-04-22 15:05:40'),(7410,43,35,4,'BANK',900,'2026-04-22 15:05:40'),(7411,43,9,0,'5',450,'2026-04-22 15:05:40'),(7412,43,9,1,'7',1350,'2026-04-22 15:05:40'),(7413,43,9,2,'9',900,'2026-04-22 15:05:40'),(7414,43,9,3,'BANK',900,'2026-04-22 15:05:40'),(7415,43,13,0,'4',1350,'2026-04-22 15:05:40'),(7416,43,13,1,'9',900,'2026-04-22 15:05:40'),(7417,43,13,2,'10',450,'2026-04-22 15:05:40'),(7418,43,13,3,'BANK',900,'2026-04-22 15:05:40'),(7419,43,16,0,'2',900,'2026-04-22 15:05:40'),(7420,43,16,1,'4',900,'2026-04-22 15:05:40'),(7421,43,16,2,'5',900,'2026-04-22 15:05:40'),(7422,43,16,3,'10',450,'2026-04-22 15:05:40'),(7423,43,16,4,'BANK',450,'2026-04-22 15:05:40'),(7424,45,16,0,'1',1800,'2026-04-22 15:05:40'),(7425,45,16,1,'5',900,'2026-04-22 15:05:40'),(7426,45,16,2,'11',450,'2026-04-22 15:05:40'),(7427,45,16,3,'BANK',450,'2026-04-22 15:05:40'),(7428,45,35,0,'1',1800,'2026-04-22 15:05:40'),(7429,45,35,1,'5',1800,'2026-04-22 15:05:40'),(7430,45,3,0,'7',1800,'2026-04-22 15:05:40'),(7431,45,3,1,'9',450,'2026-04-22 15:05:40'),(7432,45,3,2,'11',900,'2026-04-22 15:05:40'),(7433,45,3,3,'BANK',450,'2026-04-22 15:05:40'),(7434,45,9,0,'5',900,'2026-04-22 15:05:40'),(7435,45,9,1,'9',900,'2026-04-22 15:05:40'),(7436,45,9,2,'11',1350,'2026-04-22 15:05:40'),(7437,45,9,3,'BANK',450,'2026-04-22 15:05:40'),(7438,45,15,0,'4',1800,'2026-04-22 15:05:40'),(7439,45,15,1,'10',900,'2026-04-22 15:05:40'),(7440,45,15,2,'11',450,'2026-04-22 15:05:40'),(7441,45,15,3,'BANK',450,'2026-04-22 15:05:40'),(7442,45,13,0,'2',900,'2026-04-22 15:05:40'),(7443,45,13,1,'4',900,'2026-04-22 15:05:40'),(7444,45,13,2,'9',900,'2026-04-22 15:05:40'),(7445,45,13,3,'11',450,'2026-04-22 15:05:40'),(7446,45,13,4,'BANK',450,'2026-04-22 15:05:40'),(7447,45,10,0,'BANK',3600,'2026-04-22 15:05:40'),(7448,45,2,0,'2',900,'2026-04-22 15:05:40'),(7449,45,2,1,'9',1350,'2026-04-22 15:05:40'),(7450,45,2,2,'BANK',1350,'2026-04-22 15:05:40'),(7451,45,7,0,'7',900,'2026-04-22 15:05:40'),(7452,45,7,1,'10',2700,'2026-04-22 15:05:40'),(7453,45,6,0,'2',1800,'2026-04-22 15:05:40'),(7454,45,6,1,'4',900,'2026-04-22 15:05:40'),(7455,45,6,2,'7',900,'2026-04-22 15:05:40'),(7456,37,4,0,'1',3600,'2026-04-22 15:05:40'),(7457,37,6,0,'2',450,'2026-04-22 15:05:40'),(7458,37,6,1,'4',1350,'2026-04-22 15:05:40'),(7459,37,6,2,'10',900,'2026-04-22 15:05:40'),(7460,37,6,3,'BANK',900,'2026-04-22 15:05:41'),(7461,37,9,0,'7',450,'2026-04-22 15:05:41'),(7462,37,9,1,'9',1350,'2026-04-22 15:05:41'),(7463,37,9,2,'11',900,'2026-04-22 15:05:41'),(7464,37,9,3,'BANK',900,'2026-04-22 15:05:41'),(7465,37,2,0,'5',900,'2026-04-22 15:05:41'),(7466,37,2,1,'9',1350,'2026-04-22 15:05:41'),(7467,37,2,2,'11',900,'2026-04-22 15:05:41'),(7468,37,2,3,'BANK',450,'2026-04-22 15:05:41'),(7469,37,35,0,'5',450,'2026-04-22 15:05:41'),(7470,37,35,1,'7',1350,'2026-04-22 15:05:41'),(7471,37,35,2,'10',900,'2026-04-22 15:05:41'),(7472,37,35,3,'BANK',900,'2026-04-22 15:05:41'),(7473,37,10,0,'2',1350,'2026-04-22 15:05:41'),(7474,37,10,1,'5',450,'2026-04-22 15:05:41'),(7475,37,10,2,'11',900,'2026-04-22 15:05:41'),(7476,37,10,3,'BANK',900,'2026-04-22 15:05:41'),(7477,37,3,0,'2',450,'2026-04-22 15:05:41'),(7478,37,3,1,'7',1350,'2026-04-22 15:05:41'),(7479,37,3,2,'11',900,'2026-04-22 15:05:41'),(7480,37,3,3,'BANK',900,'2026-04-22 15:05:41'),(7481,37,13,0,'2',450,'2026-04-22 15:05:41'),(7482,37,13,1,'5',900,'2026-04-22 15:05:41'),(7483,37,13,2,'7',450,'2026-04-22 15:05:41'),(7484,37,13,3,'9',900,'2026-04-22 15:05:41'),(7485,37,13,4,'BANK',900,'2026-04-22 15:05:41'),(7486,37,7,0,'4',1350,'2026-04-22 15:05:41'),(7487,37,7,1,'10',1350,'2026-04-22 15:05:41'),(7488,37,7,2,'BANK',900,'2026-04-22 15:05:41'),(7489,37,16,0,'2',900,'2026-04-22 15:05:41'),(7490,37,16,1,'4',900,'2026-04-22 15:05:41'),(7491,37,16,2,'5',900,'2026-04-22 15:05:41'),(7492,37,16,3,'10',450,'2026-04-22 15:05:41'),(7493,37,16,4,'BANK',450,'2026-04-22 15:05:41'),(7494,33,4,0,'1',3600,'2026-04-22 15:05:41'),(7495,33,6,0,'2',1350,'2026-04-22 15:05:41'),(7496,33,6,1,'4',900,'2026-04-22 15:05:41'),(7497,33,6,2,'10',900,'2026-04-22 15:05:41'),(7498,33,6,3,'BANK',450,'2026-04-22 15:05:41'),(7499,33,9,0,'7',450,'2026-04-22 15:05:41'),(7500,33,9,1,'9',1350,'2026-04-22 15:05:41'),(7501,33,9,2,'11',900,'2026-04-22 15:05:41'),(7502,33,9,3,'BANK',900,'2026-04-22 15:05:41'),(7503,33,2,0,'5',900,'2026-04-22 15:05:41'),(7504,33,2,1,'9',1350,'2026-04-22 15:05:41'),(7505,33,2,2,'11',900,'2026-04-22 15:05:41'),(7506,33,2,3,'BANK',450,'2026-04-22 15:05:41'),(7507,33,16,0,'5',2700,'2026-04-22 15:05:41'),(7508,33,16,1,'10',900,'2026-04-22 15:05:41'),(7509,33,11,0,'2',1350,'2026-04-22 15:05:41'),(7510,33,11,1,'4',900,'2026-04-22 15:05:41'),(7511,33,11,2,'11',900,'2026-04-22 15:05:41'),(7512,33,11,3,'BANK',450,'2026-04-22 15:05:41'),(7513,33,13,0,'2',450,'2026-04-22 15:05:41'),(7514,33,13,1,'7',1350,'2026-04-22 15:05:41'),(7515,33,13,2,'11',900,'2026-04-22 15:05:41'),(7516,33,13,3,'BANK',900,'2026-04-22 15:05:41'),(7517,33,35,0,'2',450,'2026-04-22 15:05:41'),(7518,33,35,1,'7',1800,'2026-04-22 15:05:41'),(7519,33,35,2,'9',900,'2026-04-22 15:05:41'),(7520,33,35,3,'BANK',450,'2026-04-22 15:05:41'),(7521,33,7,0,'4',1800,'2026-04-22 15:05:41'),(7522,33,7,1,'10',1800,'2026-04-22 15:05:41'),(7523,31,4,0,'1',5400,'2026-04-22 15:05:41'),(7524,31,6,0,'2',450,'2026-04-22 15:05:41'),(7525,31,6,1,'4',2250,'2026-04-22 15:05:41'),(7526,31,6,2,'10',1800,'2026-04-22 15:05:41'),(7527,31,6,3,'BANK',900,'2026-04-22 15:05:41'),(7528,31,35,0,'7',450,'2026-04-22 15:05:41'),(7529,31,35,1,'9',2700,'2026-04-22 15:05:41'),(7530,31,35,2,'11',900,'2026-04-22 15:05:41'),(7531,31,35,3,'BANK',1350,'2026-04-22 15:05:41'),(7532,31,2,0,'5',900,'2026-04-22 15:05:41'),(7533,31,2,1,'7',900,'2026-04-22 15:05:41'),(7534,31,2,2,'9',1800,'2026-04-22 15:05:41'),(7535,31,2,3,'11',900,'2026-04-22 15:05:41'),(7536,31,2,4,'BANK',900,'2026-04-22 15:05:41'),(7537,31,7,0,'5',2250,'2026-04-22 15:05:41'),(7538,31,7,1,'7',450,'2026-04-22 15:05:41'),(7539,31,7,2,'10',900,'2026-04-22 15:05:41'),(7540,31,7,3,'11',450,'2026-04-22 15:05:41'),(7541,31,7,4,'BANK',1350,'2026-04-22 15:05:41'),(7542,31,10,0,'2',2700,'2026-04-22 15:05:41'),(7543,31,10,1,'5',450,'2026-04-22 15:05:41'),(7544,31,10,2,'11',900,'2026-04-22 15:05:41'),(7545,31,10,3,'BANK',1350,'2026-04-22 15:05:41'),(7546,31,13,0,'2',900,'2026-04-22 15:05:41'),(7547,31,13,1,'7',1350,'2026-04-22 15:05:41'),(7548,31,13,2,'11',1800,'2026-04-22 15:05:41'),(7549,31,13,3,'BANK',1350,'2026-04-22 15:05:41'),(7550,31,9,0,'2',450,'2026-04-22 15:05:41'),(7551,31,9,1,'7',2250,'2026-04-22 15:05:41'),(7552,31,9,2,'9',900,'2026-04-22 15:05:41'),(7553,31,9,3,'11',450,'2026-04-22 15:05:41'),(7554,31,9,4,'BANK',1350,'2026-04-22 15:05:41'),(7555,31,15,0,'4',2250,'2026-04-22 15:05:41'),(7556,31,15,1,'10',1800,'2026-04-22 15:05:41'),(7557,31,15,2,'BANK',1350,'2026-04-22 15:05:41'),(7558,31,16,0,'2',900,'2026-04-22 15:05:41'),(7559,31,16,1,'4',900,'2026-04-22 15:05:41'),(7560,31,16,2,'5',1800,'2026-04-22 15:05:41'),(7561,31,16,3,'10',900,'2026-04-22 15:05:41'),(7562,31,16,4,'BANK',900,'2026-04-22 15:05:41'),(7563,28,4,0,'1',3600,'2026-04-22 15:05:41'),(7564,28,7,0,'4',1350,'2026-04-22 15:05:41'),(7565,28,7,1,'5',450,'2026-04-22 15:05:41'),(7566,28,7,2,'10',900,'2026-04-22 15:05:41'),(7567,28,7,3,'BANK',900,'2026-04-22 15:05:41'),(7568,28,6,0,'2',1350,'2026-04-22 15:05:41'),(7569,28,6,1,'4',900,'2026-04-22 15:05:41'),(7570,28,6,2,'10',450,'2026-04-22 15:05:41'),(7571,28,6,3,'BANK',900,'2026-04-22 15:05:41'),(7572,28,13,0,'5',450,'2026-04-22 15:05:41'),(7573,28,13,1,'7',450,'2026-04-22 15:05:41'),(7574,28,13,2,'9',450,'2026-04-22 15:05:41'),(7575,28,13,3,'11',900,'2026-04-22 15:05:41'),(7576,28,13,4,'BANK',1350,'2026-04-22 15:05:41'),(7577,28,9,0,'5',450,'2026-04-22 15:05:41'),(7578,28,9,1,'7',1350,'2026-04-22 15:05:41'),(7579,28,9,2,'11',450,'2026-04-22 15:05:41'),(7580,28,9,3,'BANK',1350,'2026-04-22 15:05:41'),(7581,28,35,0,'2',450,'2026-04-22 15:05:41'),(7582,28,35,1,'5',450,'2026-04-22 15:05:41'),(7583,28,35,2,'9',450,'2026-04-22 15:05:41'),(7584,28,35,3,'10',900,'2026-04-22 15:05:41'),(7585,28,35,4,'BANK',1350,'2026-04-22 15:05:41'),(7586,28,16,0,'2',450,'2026-04-22 15:05:41'),(7587,28,16,1,'5',900,'2026-04-22 15:05:41'),(7588,28,16,2,'7',450,'2026-04-22 15:05:41'),(7589,28,16,3,'10',900,'2026-04-22 15:05:41'),(7590,28,16,4,'BANK',900,'2026-04-22 15:05:41'),(7591,28,10,0,'2',900,'2026-04-22 15:05:41'),(7592,28,10,1,'5',450,'2026-04-22 15:05:41'),(7593,28,10,2,'11',900,'2026-04-22 15:05:41'),(7594,28,10,3,'BANK',1350,'2026-04-22 15:05:41'),(7595,28,15,0,'4',1350,'2026-04-22 15:05:41'),(7596,28,15,1,'9',900,'2026-04-22 15:05:41'),(7597,28,15,2,'10',450,'2026-04-22 15:05:41'),(7598,28,15,3,'BANK',900,'2026-04-22 15:05:41'),(7599,28,3,0,'2',450,'2026-04-22 15:05:41'),(7600,28,3,1,'5',450,'2026-04-22 15:05:41'),(7601,28,3,2,'7',900,'2026-04-22 15:05:41'),(7602,28,3,3,'11',900,'2026-04-22 15:05:41'),(7603,28,3,4,'BANK',900,'2026-04-22 15:05:41'),(7604,28,2,0,'7',450,'2026-04-22 15:05:41'),(7605,28,2,1,'9',1800,'2026-04-22 15:05:41'),(7606,28,2,2,'11',450,'2026-04-22 15:05:41'),(7607,28,2,3,'BANK',900,'2026-04-22 15:05:41'),(7608,26,4,0,'1',3600,'2026-04-22 15:05:41'),(7609,26,6,0,'2',450,'2026-04-22 15:05:41'),(7610,26,6,1,'4',450,'2026-04-22 15:05:41'),(7611,26,6,2,'10',1350,'2026-04-22 15:05:41'),(7612,26,6,3,'BANK',1350,'2026-04-22 15:05:41'),(7613,26,3,0,'2',450,'2026-04-22 15:05:41'),(7614,26,3,1,'7',900,'2026-04-22 15:05:41'),(7615,26,3,2,'9',450,'2026-04-22 15:05:41'),(7616,26,3,3,'11',900,'2026-04-22 15:05:41'),(7617,26,3,4,'BANK',900,'2026-04-22 15:05:41'),(7618,26,7,0,'4',1350,'2026-04-22 15:05:41'),(7619,26,7,1,'7',450,'2026-04-22 15:05:41'),(7620,26,7,2,'10',450,'2026-04-22 15:05:41'),(7621,26,7,3,'BANK',1350,'2026-04-22 15:05:41'),(7622,26,2,0,'9',900,'2026-04-22 15:05:41'),(7623,26,2,1,'10',450,'2026-04-22 15:05:41'),(7624,26,2,2,'11',900,'2026-04-22 15:05:41'),(7625,26,2,3,'BANK',1350,'2026-04-22 15:05:41'),(7626,26,9,0,'2',450,'2026-04-22 15:05:41'),(7627,26,9,1,'7',900,'2026-04-22 15:05:41'),(7628,26,9,2,'9',450,'2026-04-22 15:05:41'),(7629,26,9,3,'11',900,'2026-04-22 15:05:41'),(7630,26,9,4,'BANK',900,'2026-04-22 15:05:41'),(7631,26,10,0,'2',450,'2026-04-22 15:05:41'),(7632,26,10,1,'5',900,'2026-04-22 15:05:41'),(7633,26,10,2,'7',450,'2026-04-22 15:05:41'),(7634,26,10,3,'11',900,'2026-04-22 15:05:41'),(7635,26,10,4,'BANK',900,'2026-04-22 15:05:41'),(7636,26,13,0,'2',450,'2026-04-22 15:05:41'),(7637,26,13,1,'5',1350,'2026-04-22 15:05:41'),(7638,26,13,2,'9',450,'2026-04-22 15:05:41'),(7639,26,13,3,'BANK',1350,'2026-04-22 15:05:41'),(7640,26,15,0,'4',1800,'2026-04-22 15:05:41'),(7641,26,15,1,'9',450,'2026-04-22 15:05:41'),(7642,26,15,2,'10',450,'2026-04-22 15:05:41'),(7643,26,15,3,'BANK',900,'2026-04-22 15:05:41'),(7644,26,16,0,'2',1350,'2026-04-22 15:05:41'),(7645,26,16,1,'5',900,'2026-04-22 15:05:41'),(7646,26,16,2,'7',450,'2026-04-22 15:05:41'),(7647,26,16,3,'BANK',900,'2026-04-22 15:05:41'),(7648,26,35,0,'5',450,'2026-04-22 15:05:41'),(7649,26,35,1,'7',450,'2026-04-22 15:05:41'),(7650,26,35,2,'9',900,'2026-04-22 15:05:41'),(7651,26,35,3,'10',900,'2026-04-22 15:05:41'),(7652,26,35,4,'BANK',900,'2026-04-22 15:05:41'),(7653,24,35,0,'1',1800,'2026-04-22 15:05:41'),(7654,24,35,1,'7',900,'2026-04-22 15:05:41'),(7655,24,35,2,'11',450,'2026-04-22 15:05:41'),(7656,24,35,3,'BANK',450,'2026-04-22 15:05:41'),(7657,24,5,0,'1',900,'2026-04-22 15:05:41'),(7658,24,5,1,'4',900,'2026-04-22 15:05:41'),(7659,24,5,2,'5',450,'2026-04-22 15:05:41'),(7660,24,5,3,'10',900,'2026-04-22 15:05:41'),(7661,24,5,4,'BANK',450,'2026-04-22 15:05:41'),(7662,24,2,0,'1',900,'2026-04-22 15:05:41'),(7663,24,2,1,'7',900,'2026-04-22 15:05:41'),(7664,24,2,2,'9',900,'2026-04-22 15:05:41'),(7665,24,2,3,'11',450,'2026-04-22 15:05:41'),(7666,24,2,4,'BANK',450,'2026-04-22 15:05:41'),(7667,24,6,0,'2',900,'2026-04-22 15:05:41'),(7668,24,6,1,'4',900,'2026-04-22 15:05:41'),(7669,24,6,2,'9',450,'2026-04-22 15:05:41'),(7670,24,6,3,'10',900,'2026-04-22 15:05:41'),(7671,24,6,4,'BANK',450,'2026-04-22 15:05:41'),(7672,24,9,0,'2',900,'2026-04-22 15:05:41'),(7673,24,9,1,'5',450,'2026-04-22 15:05:41'),(7674,24,9,2,'7',900,'2026-04-22 15:05:41'),(7675,24,9,3,'9',900,'2026-04-22 15:05:41'),(7676,24,9,4,'BANK',450,'2026-04-22 15:05:41'),(7677,24,10,0,'2',900,'2026-04-22 15:05:41'),(7678,24,10,1,'5',450,'2026-04-22 15:05:41'),(7679,24,10,2,'11',1800,'2026-04-22 15:05:41'),(7680,24,10,3,'BANK',450,'2026-04-22 15:05:41'),(7681,24,14,0,'5',900,'2026-04-22 15:05:41'),(7682,24,14,1,'9',900,'2026-04-22 15:05:41'),(7683,24,14,2,'10',900,'2026-04-22 15:05:41'),(7684,24,14,3,'11',900,'2026-04-22 15:05:41'),(7685,24,13,0,'2',900,'2026-04-22 15:05:41'),(7686,24,13,1,'5',1350,'2026-04-22 15:05:41'),(7687,24,13,2,'7',900,'2026-04-22 15:05:41'),(7688,24,13,3,'BANK',450,'2026-04-22 15:05:41'),(7689,24,15,0,'4',1800,'2026-04-22 15:05:41'),(7690,24,15,1,'9',450,'2026-04-22 15:05:41'),(7691,24,15,2,'10',900,'2026-04-22 15:05:41'),(7692,24,15,3,'BANK',450,'2026-04-22 15:05:41'),(7693,22,4,0,'1',3600,'2026-04-22 15:05:41'),(7694,22,6,0,'2',450,'2026-04-22 15:05:41'),(7695,22,6,1,'4',1350,'2026-04-22 15:05:41'),(7696,22,6,2,'10',900,'2026-04-22 15:05:41'),(7697,22,6,3,'BANK',900,'2026-04-22 15:05:41'),(7698,22,9,0,'7',450,'2026-04-22 15:05:41'),(7699,22,9,1,'9',1350,'2026-04-22 15:05:41'),(7700,22,9,2,'11',900,'2026-04-22 15:05:41'),(7701,22,9,3,'BANK',900,'2026-04-22 15:05:41'),(7702,22,2,0,'5',900,'2026-04-22 15:05:41'),(7703,22,2,1,'9',1350,'2026-04-22 15:05:41'),(7704,22,2,2,'11',900,'2026-04-22 15:05:41'),(7705,22,2,3,'BANK',450,'2026-04-22 15:05:41'),(7706,22,35,0,'5',1350,'2026-04-22 15:05:41'),(7707,22,35,1,'7',450,'2026-04-22 15:05:41'),(7708,22,35,2,'10',900,'2026-04-22 15:05:41'),(7709,22,35,3,'BANK',900,'2026-04-22 15:05:41'),(7710,22,10,0,'2',1350,'2026-04-22 15:05:41'),(7711,22,10,1,'5',450,'2026-04-22 15:05:41'),(7712,22,10,2,'11',900,'2026-04-22 15:05:41'),(7713,22,10,3,'BANK',900,'2026-04-22 15:05:41'),(7714,22,3,0,'2',450,'2026-04-22 15:05:41'),(7715,22,3,1,'7',1350,'2026-04-22 15:05:41'),(7716,22,3,2,'11',900,'2026-04-22 15:05:41'),(7717,22,3,3,'BANK',900,'2026-04-22 15:05:41'),(7718,22,13,0,'2',450,'2026-04-22 15:05:41'),(7719,22,13,1,'7',1350,'2026-04-22 15:05:41'),(7720,22,13,2,'9',900,'2026-04-22 15:05:41'),(7721,22,13,3,'BANK',900,'2026-04-22 15:05:41'),(7722,22,7,0,'4',450,'2026-04-22 15:05:41'),(7723,22,7,1,'5',900,'2026-04-22 15:05:41'),(7724,22,7,2,'10',1350,'2026-04-22 15:05:41'),(7725,22,7,3,'BANK',900,'2026-04-22 15:05:41'),(7726,22,15,0,'2',900,'2026-04-22 15:05:41'),(7727,22,15,1,'4',1800,'2026-04-22 15:05:41'),(7728,22,15,2,'10',450,'2026-04-22 15:05:41'),(7729,22,15,3,'BANK',450,'2026-04-22 15:05:41'),(7730,41,18,0,'1',3600,'2026-04-22 15:05:41'),(7731,41,17,0,'7',450,'2026-04-22 15:05:41'),(7732,41,17,1,'10',1800,'2026-04-22 15:05:41'),(7733,41,17,2,'11',900,'2026-04-22 15:05:41'),(7734,41,17,3,'BANK',450,'2026-04-22 15:05:41'),(7735,41,8,0,'2',450,'2026-04-22 15:05:41'),(7736,41,8,1,'9',2700,'2026-04-22 15:05:41'),(7737,41,8,2,'BANK',450,'2026-04-22 15:05:41'),(7738,41,22,0,'5',1350,'2026-04-22 15:05:41'),(7739,41,22,1,'11',1800,'2026-04-22 15:05:41'),(7740,41,22,2,'BANK',450,'2026-04-22 15:05:41'),(7741,41,5,0,'5',2250,'2026-04-22 15:05:41'),(7742,41,5,1,'11',900,'2026-04-22 15:05:41'),(7743,41,5,2,'BANK',450,'2026-04-22 15:05:41'),(7744,41,21,0,'4',2250,'2026-04-22 15:05:41'),(7745,41,21,1,'9',900,'2026-04-22 15:05:41'),(7746,41,21,2,'BANK',450,'2026-04-22 15:05:41'),(7747,41,20,0,'2',3150,'2026-04-22 15:05:41'),(7748,41,20,1,'BANK',450,'2026-04-22 15:05:41'),(7749,41,14,0,'7',3150,'2026-04-22 15:05:41'),(7750,41,14,1,'BANK',450,'2026-04-22 15:05:41'),(7751,41,11,0,'4',1350,'2026-04-22 15:05:41'),(7752,41,11,1,'10',1800,'2026-04-22 15:05:41'),(7753,41,11,2,'BANK',450,'2026-04-22 15:05:41'),(7754,44,18,0,'1',3600,'2026-04-22 15:05:41'),(7755,44,21,0,'2',450,'2026-04-22 15:05:41'),(7756,44,21,1,'4',1350,'2026-04-22 15:05:41'),(7757,44,21,2,'10',900,'2026-04-22 15:05:41'),(7758,44,21,3,'BANK',900,'2026-04-22 15:05:41'),(7759,44,14,0,'7',450,'2026-04-22 15:05:41'),(7760,44,14,1,'9',1350,'2026-04-22 15:05:41'),(7761,44,14,2,'11',900,'2026-04-22 15:05:41'),(7762,44,14,3,'BANK',900,'2026-04-22 15:05:41'),(7763,44,22,0,'5',900,'2026-04-22 15:05:41'),(7764,44,22,1,'9',1350,'2026-04-22 15:05:41'),(7765,44,22,2,'11',900,'2026-04-22 15:05:41'),(7766,44,22,3,'BANK',450,'2026-04-22 15:05:41'),(7767,44,17,0,'5',1350,'2026-04-22 15:05:41'),(7768,44,17,1,'7',450,'2026-04-22 15:05:41'),(7769,44,17,2,'10',900,'2026-04-22 15:05:41'),(7770,44,17,3,'BANK',900,'2026-04-22 15:05:41'),(7771,44,8,0,'2',1350,'2026-04-22 15:05:41'),(7772,44,8,1,'5',450,'2026-04-22 15:05:41'),(7773,44,8,2,'11',900,'2026-04-22 15:05:41'),(7774,44,8,3,'BANK',900,'2026-04-22 15:05:41'),(7775,44,34,0,'2',450,'2026-04-22 15:05:41'),(7776,44,34,1,'7',1350,'2026-04-22 15:05:41'),(7777,44,34,2,'11',900,'2026-04-22 15:05:41'),(7778,44,34,3,'BANK',900,'2026-04-22 15:05:41'),(7779,44,12,0,'2',450,'2026-04-22 15:05:41'),(7780,44,12,1,'7',1350,'2026-04-22 15:05:41'),(7781,44,12,2,'9',900,'2026-04-22 15:05:41'),(7782,44,12,3,'BANK',900,'2026-04-22 15:05:41'),(7783,44,11,0,'4',450,'2026-04-22 15:05:41'),(7784,44,11,1,'5',900,'2026-04-22 15:05:41'),(7785,44,11,2,'10',1350,'2026-04-22 15:05:41'),(7786,44,11,3,'BANK',900,'2026-04-22 15:05:41'),(7787,44,5,0,'2',900,'2026-04-22 15:05:41'),(7788,44,5,1,'4',1800,'2026-04-22 15:05:41'),(7789,44,5,2,'10',450,'2026-04-22 15:05:41'),(7790,44,5,3,'BANK',450,'2026-04-22 15:05:41'),(7791,20,4,0,'1',3600,'2026-04-22 15:05:41'),(7792,20,11,0,'2',450,'2026-04-22 15:05:41'),(7793,20,11,1,'4',1350,'2026-04-22 15:05:41'),(7794,20,11,2,'10',900,'2026-04-22 15:05:41'),(7795,20,11,3,'BANK',900,'2026-04-22 15:05:41'),(7796,20,13,0,'7',450,'2026-04-22 15:05:41'),(7797,20,13,1,'9',1350,'2026-04-22 15:05:41'),(7798,20,13,2,'11',900,'2026-04-22 15:05:41'),(7799,20,13,3,'BANK',900,'2026-04-22 15:05:41'),(7800,20,12,0,'9',450,'2026-04-22 15:05:41'),(7801,20,12,1,'10',1800,'2026-04-22 15:05:41'),(7802,20,12,2,'11',900,'2026-04-22 15:05:41'),(7803,20,12,3,'BANK',450,'2026-04-22 15:05:41'),(7804,20,16,0,'2',900,'2026-04-22 15:05:41'),(7805,20,16,1,'5',1350,'2026-04-22 15:05:41'),(7806,20,16,2,'7',450,'2026-04-22 15:05:41'),(7807,20,16,3,'BANK',900,'2026-04-22 15:05:41'),(7808,20,10,0,'2',450,'2026-04-22 15:05:41'),(7809,20,10,1,'5',1350,'2026-04-22 15:05:41'),(7810,20,10,2,'11',900,'2026-04-22 15:05:41'),(7811,20,10,3,'BANK',900,'2026-04-22 15:05:41'),(7812,20,3,0,'2',450,'2026-04-22 15:05:41'),(7813,20,3,1,'7',1350,'2026-04-22 15:05:41'),(7814,20,3,2,'11',900,'2026-04-22 15:05:41'),(7815,20,3,3,'BANK',900,'2026-04-22 15:05:41'),(7816,20,8,0,'2',450,'2026-04-22 15:05:41'),(7817,20,8,1,'7',1350,'2026-04-22 15:05:41'),(7818,20,8,2,'9',900,'2026-04-22 15:05:41'),(7819,20,8,3,'BANK',900,'2026-04-22 15:05:41'),(7820,20,2,0,'4',1350,'2026-04-22 15:05:41'),(7821,20,2,1,'9',900,'2026-04-22 15:05:41'),(7822,20,2,2,'10',450,'2026-04-22 15:05:41'),(7823,20,2,3,'BANK',900,'2026-04-22 15:05:41'),(7824,20,5,0,'2',900,'2026-04-22 15:05:41'),(7825,20,5,1,'4',900,'2026-04-22 15:05:41'),(7826,20,5,2,'5',900,'2026-04-22 15:05:41'),(7827,20,5,3,'10',450,'2026-04-22 15:05:41'),(7828,20,5,4,'BANK',450,'2026-04-22 15:05:41'),(7829,19,18,0,'1',1800,'2026-04-22 15:05:41'),(7830,19,18,1,'BANK',1800,'2026-04-22 15:05:41'),(7831,19,4,0,'1',1800,'2026-04-22 15:05:41'),(7832,19,4,1,'BANK',1800,'2026-04-22 15:05:41'),(7833,19,15,0,'2',450,'2026-04-22 15:05:41'),(7834,19,15,1,'4',1350,'2026-04-22 15:05:41'),(7835,19,15,2,'10',900,'2026-04-22 15:05:41'),(7836,19,15,3,'BANK',900,'2026-04-22 15:05:41'),(7837,19,8,0,'5',450,'2026-04-22 15:05:41'),(7838,19,8,1,'9',1350,'2026-04-22 15:05:41'),(7839,19,8,2,'11',900,'2026-04-22 15:05:41'),(7840,19,8,3,'BANK',900,'2026-04-22 15:05:41'),(7841,19,2,0,'2',900,'2026-04-22 15:05:41'),(7842,19,2,1,'9',450,'2026-04-22 15:05:41'),(7843,19,2,2,'10',900,'2026-04-22 15:05:41'),(7844,19,2,3,'11',900,'2026-04-22 15:05:41'),(7845,19,2,4,'BANK',450,'2026-04-22 15:05:41'),(7846,19,16,0,'2',450,'2026-04-22 15:05:41'),(7847,19,16,1,'5',900,'2026-04-22 15:05:41'),(7848,19,16,2,'7',1350,'2026-04-22 15:05:41'),(7849,19,16,3,'BANK',900,'2026-04-22 15:05:41'),(7850,19,10,0,'2',900,'2026-04-22 15:05:41'),(7851,19,10,1,'5',450,'2026-04-22 15:05:41'),(7852,19,10,2,'7',450,'2026-04-22 15:05:41'),(7853,19,10,3,'11',900,'2026-04-22 15:05:41'),(7854,19,10,4,'BANK',900,'2026-04-22 15:05:41'),(7855,19,12,0,'2',450,'2026-04-22 15:05:41'),(7856,19,12,1,'5',900,'2026-04-22 15:05:41'),(7857,19,12,2,'7',450,'2026-04-22 15:05:41'),(7858,19,12,3,'11',900,'2026-04-22 15:05:41'),(7859,19,12,4,'BANK',900,'2026-04-22 15:05:41'),(7860,19,3,0,'2',450,'2026-04-22 15:05:41'),(7861,19,3,1,'7',1350,'2026-04-22 15:05:41'),(7862,19,3,2,'9',900,'2026-04-22 15:05:41'),(7863,19,3,3,'BANK',900,'2026-04-22 15:05:41'),(7864,19,11,0,'4',1350,'2026-04-22 15:05:41'),(7865,19,11,1,'9',900,'2026-04-22 15:05:41'),(7866,19,11,2,'10',450,'2026-04-22 15:05:41'),(7867,19,11,3,'BANK',900,'2026-04-22 15:05:41'),(7868,19,5,0,'4',900,'2026-04-22 15:05:41'),(7869,19,5,1,'5',900,'2026-04-22 15:05:41'),(7870,19,5,2,'10',1350,'2026-04-22 15:05:41'),(7871,19,5,3,'BANK',450,'2026-04-22 15:05:41'),(7872,16,18,0,'1',3600,'2026-04-22 15:05:41'),(7873,16,15,0,'4',1350,'2026-04-22 15:05:41'),(7874,16,15,1,'5',450,'2026-04-22 15:05:41'),(7875,16,15,2,'10',900,'2026-04-22 15:05:41'),(7876,16,15,3,'BANK',900,'2026-04-22 15:05:41'),(7877,16,16,0,'2',900,'2026-04-22 15:05:41'),(7878,16,16,1,'5',450,'2026-04-22 15:05:41'),(7879,16,16,2,'9',900,'2026-04-22 15:05:41'),(7880,16,16,3,'10',450,'2026-04-22 15:05:41'),(7881,16,16,4,'BANK',900,'2026-04-22 15:05:41'),(7882,16,8,0,'5',450,'2026-04-22 15:05:41'),(7883,16,8,1,'7',450,'2026-04-22 15:05:41'),(7884,16,8,2,'9',450,'2026-04-22 15:05:41'),(7885,16,8,3,'11',900,'2026-04-22 15:05:41'),(7886,16,8,4,'BANK',1350,'2026-04-22 15:05:41'),(7887,16,11,0,'5',450,'2026-04-22 15:05:41'),(7888,16,11,1,'9',450,'2026-04-22 15:05:41'),(7889,16,11,2,'11',1350,'2026-04-22 15:05:41'),(7890,16,11,3,'BANK',1350,'2026-04-22 15:05:41'),(7891,16,13,0,'2',450,'2026-04-22 15:05:41'),(7892,16,13,1,'5',450,'2026-04-22 15:05:41'),(7893,16,13,2,'7',900,'2026-04-22 15:05:41'),(7894,16,13,3,'9',450,'2026-04-22 15:05:41'),(7895,16,13,4,'BANK',1350,'2026-04-22 15:05:41'),(7896,16,5,0,'4',1350,'2026-04-22 15:05:41'),(7897,16,5,1,'5',900,'2026-04-22 15:05:41'),(7898,16,5,2,'9',450,'2026-04-22 15:05:41'),(7899,16,5,3,'BANK',900,'2026-04-22 15:05:41'),(7900,16,3,0,'2',450,'2026-04-22 15:05:41'),(7901,16,3,1,'7',900,'2026-04-22 15:05:41'),(7902,16,3,2,'11',900,'2026-04-22 15:05:41'),(7903,16,3,3,'BANK',1350,'2026-04-22 15:05:41'),(7904,16,2,0,'2',450,'2026-04-22 15:05:41'),(7905,16,2,1,'4',900,'2026-04-22 15:05:41'),(7906,16,2,2,'10',1350,'2026-04-22 15:05:41'),(7907,16,2,3,'BANK',900,'2026-04-22 15:05:41'),(7908,16,12,0,'2',450,'2026-04-22 15:05:41'),(7909,16,12,1,'5',450,'2026-04-22 15:05:41'),(7910,16,12,2,'7',900,'2026-04-22 15:05:41'),(7911,16,12,3,'10',900,'2026-04-22 15:05:41'),(7912,16,12,4,'BANK',900,'2026-04-22 15:05:41'),(7913,16,10,0,'2',900,'2026-04-22 15:05:41'),(7914,16,10,1,'7',450,'2026-04-22 15:05:41'),(7915,16,10,2,'9',900,'2026-04-22 15:05:41'),(7916,16,10,3,'11',450,'2026-04-22 15:05:41'),(7917,16,10,4,'BANK',900,'2026-04-22 15:05:41'),(7918,15,19,0,'1',3600,'2026-04-22 15:05:41'),(7919,15,11,0,'2',450,'2026-04-22 15:05:41'),(7920,15,11,1,'4',900,'2026-04-22 15:05:41'),(7921,15,11,2,'10',1350,'2026-04-22 15:05:41'),(7922,15,11,3,'BANK',900,'2026-04-22 15:05:41'),(7923,15,12,0,'2',900,'2026-04-22 15:05:41'),(7924,15,12,1,'5',450,'2026-04-22 15:05:41'),(7925,15,12,2,'9',900,'2026-04-22 15:05:41'),(7926,15,12,3,'10',450,'2026-04-22 15:05:41'),(7927,15,12,4,'BANK',900,'2026-04-22 15:05:41'),(7928,15,2,0,'4',450,'2026-04-22 15:05:41'),(7929,15,2,1,'7',450,'2026-04-22 15:05:41'),(7930,15,2,2,'10',450,'2026-04-22 15:05:41'),(7931,15,2,3,'11',900,'2026-04-22 15:05:41'),(7932,15,2,4,'BANK',1350,'2026-04-22 15:05:41'),(7933,15,5,0,'5',900,'2026-04-22 15:05:41'),(7934,15,5,1,'10',900,'2026-04-22 15:05:41'),(7935,15,5,2,'11',450,'2026-04-22 15:05:41'),(7936,15,5,3,'BANK',1350,'2026-04-22 15:05:41'),(7937,15,10,0,'2',450,'2026-04-22 15:05:41'),(7938,15,10,1,'5',900,'2026-04-22 15:05:41'),(7939,15,10,2,'7',900,'2026-04-22 15:05:41'),(7940,15,10,3,'BANK',1350,'2026-04-22 15:05:41'),(7941,15,13,0,'2',450,'2026-04-22 15:05:41'),(7942,15,13,1,'5',900,'2026-04-22 15:05:41'),(7943,15,13,2,'7',450,'2026-04-22 15:05:41'),(7944,15,13,3,'9',900,'2026-04-22 15:05:41'),(7945,15,13,4,'BANK',900,'2026-04-22 15:05:41'),(7946,15,16,0,'2',900,'2026-04-22 15:05:41'),(7947,15,16,1,'4',450,'2026-04-22 15:05:41'),(7948,15,16,2,'11',900,'2026-04-22 15:05:41'),(7949,15,16,3,'BANK',1350,'2026-04-22 15:05:41'),(7950,15,15,0,'4',1800,'2026-04-22 15:05:41'),(7951,15,15,1,'5',450,'2026-04-22 15:05:41'),(7952,15,15,2,'10',450,'2026-04-22 15:05:41'),(7953,15,15,3,'BANK',900,'2026-04-22 15:05:41'),(7954,15,3,0,'2',450,'2026-04-22 15:05:41'),(7955,15,3,1,'7',1350,'2026-04-22 15:05:41'),(7956,15,3,2,'11',900,'2026-04-22 15:05:41'),(7957,15,3,3,'BANK',900,'2026-04-22 15:05:41'),(7958,15,8,0,'7',450,'2026-04-22 15:05:41'),(7959,15,8,1,'9',1800,'2026-04-22 15:05:41'),(7960,15,8,2,'11',450,'2026-04-22 15:05:41'),(7961,15,8,3,'BANK',900,'2026-04-22 15:05:41'),(7962,11,19,0,'1',3600,'2026-04-22 15:05:41'),(7963,11,5,0,'2',450,'2026-04-22 15:05:41'),(7964,11,5,1,'4',450,'2026-04-22 15:05:41'),(7965,11,5,2,'10',1350,'2026-04-22 15:05:41'),(7966,11,5,3,'BANK',1350,'2026-04-22 15:05:41'),(7967,11,13,0,'9',1800,'2026-04-22 15:05:41'),(7968,11,13,1,'11',450,'2026-04-22 15:05:41'),(7969,11,13,2,'BANK',1350,'2026-04-22 15:05:41'),(7970,11,8,0,'7',450,'2026-04-22 15:05:41'),(7971,11,8,1,'9',1350,'2026-04-22 15:05:41'),(7972,11,8,2,'11',900,'2026-04-22 15:05:41'),(7973,11,8,3,'BANK',900,'2026-04-22 15:05:41'),(7974,11,2,0,'2',450,'2026-04-22 15:05:41'),(7975,11,2,1,'5',1800,'2026-04-22 15:05:41'),(7976,11,2,2,'11',450,'2026-04-22 15:05:41'),(7977,11,2,3,'BANK',900,'2026-04-22 15:05:41'),(7978,11,16,0,'2',1350,'2026-04-22 15:05:41'),(7979,11,16,1,'5',900,'2026-04-22 15:05:41'),(7980,11,16,2,'7',450,'2026-04-22 15:05:41'),(7981,11,16,3,'BANK',900,'2026-04-22 15:05:41'),(7982,11,12,0,'2',450,'2026-04-22 15:05:41'),(7983,11,12,1,'5',900,'2026-04-22 15:05:41'),(7984,11,12,2,'10',450,'2026-04-22 15:05:41'),(7985,11,12,3,'11',450,'2026-04-22 15:05:41'),(7986,11,12,4,'BANK',1350,'2026-04-22 15:05:41'),(7987,11,10,0,'7',1350,'2026-04-22 15:05:41'),(7988,11,10,1,'9',450,'2026-04-22 15:05:41'),(7989,11,10,2,'11',450,'2026-04-22 15:05:41'),(7990,11,10,3,'BANK',1350,'2026-04-22 15:05:41'),(7991,11,11,0,'4',900,'2026-04-22 15:05:41'),(7992,11,11,1,'10',1350,'2026-04-22 15:05:41'),(7993,11,11,2,'11',450,'2026-04-22 15:05:41'),(7994,11,11,3,'BANK',900,'2026-04-22 15:05:41'),(7995,11,15,0,'4',2250,'2026-04-22 15:05:41'),(7996,11,15,1,'10',450,'2026-04-22 15:05:41'),(7997,11,15,2,'BANK',900,'2026-04-22 15:05:41'),(7998,11,3,0,'2',900,'2026-04-22 15:05:41'),(7999,11,3,1,'7',1350,'2026-04-22 15:05:41'),(8000,11,3,2,'11',450,'2026-04-22 15:05:41'),(8001,11,3,3,'BANK',900,'2026-04-22 15:05:41'),(8002,5,4,0,'1',3600,'2026-04-22 15:05:41'),(8003,5,15,0,'4',1350,'2026-04-22 15:05:41'),(8004,5,15,1,'5',450,'2026-04-22 15:05:41'),(8005,5,15,2,'10',900,'2026-04-22 15:05:41'),(8006,5,15,3,'BANK',900,'2026-04-22 15:05:41'),(8007,5,8,0,'7',450,'2026-04-22 15:05:41'),(8008,5,8,1,'9',1350,'2026-04-22 15:05:41'),(8009,5,8,2,'11',900,'2026-04-22 15:05:41'),(8010,5,8,3,'BANK',900,'2026-04-22 15:05:41'),(8011,5,3,0,'2',900,'2026-04-22 15:05:41'),(8012,5,3,1,'9',1350,'2026-04-22 15:05:41'),(8013,5,3,2,'11',900,'2026-04-22 15:05:41'),(8014,5,3,3,'BANK',450,'2026-04-22 15:05:41'),(8015,5,12,0,'2',450,'2026-04-22 15:05:41'),(8016,5,12,1,'5',900,'2026-04-22 15:05:41'),(8017,5,12,2,'7',450,'2026-04-22 15:05:41'),(8018,5,12,3,'10',900,'2026-04-22 15:05:41'),(8019,5,12,4,'BANK',900,'2026-04-22 15:05:41'),(8020,5,10,0,'2',1800,'2026-04-22 15:05:41'),(8021,5,10,1,'11',900,'2026-04-22 15:05:41'),(8022,5,10,2,'BANK',900,'2026-04-22 15:05:41'),(8023,5,2,0,'2',450,'2026-04-22 15:05:41'),(8024,5,2,1,'7',1350,'2026-04-22 15:05:41'),(8025,5,2,2,'11',900,'2026-04-22 15:05:41'),(8026,5,2,3,'BANK',900,'2026-04-22 15:05:41'),(8027,5,13,0,'5',450,'2026-04-22 15:05:41'),(8028,5,13,1,'7',1350,'2026-04-22 15:05:41'),(8029,5,13,2,'9',900,'2026-04-22 15:05:41'),(8030,5,13,3,'BANK',900,'2026-04-22 15:05:41'),(8031,5,11,0,'4',1350,'2026-04-22 15:05:41'),(8032,5,11,1,'10',1350,'2026-04-22 15:05:41'),(8033,5,11,2,'BANK',900,'2026-04-22 15:05:41'),(8034,5,5,0,'4',900,'2026-04-22 15:05:41'),(8035,5,5,1,'5',1800,'2026-04-22 15:05:41'),(8036,5,5,2,'10',450,'2026-04-22 15:05:41'),(8037,5,5,3,'BANK',450,'2026-04-22 15:05:41'),(8038,4,4,0,'1',1800,'2026-04-22 15:05:41'),(8039,4,4,1,'BANK',1800,'2026-04-22 15:05:41'),(8040,4,19,0,'1',1800,'2026-04-22 15:05:41'),(8041,4,19,1,'BANK',1800,'2026-04-22 15:05:41'),(8042,4,15,0,'2',450,'2026-04-22 15:05:41'),(8043,4,15,1,'4',1350,'2026-04-22 15:05:41'),(8044,4,15,2,'10',900,'2026-04-22 15:05:41'),(8045,4,15,3,'BANK',900,'2026-04-22 15:05:41'),(8046,4,8,0,'5',450,'2026-04-22 15:05:41'),(8047,4,8,1,'9',1350,'2026-04-22 15:05:41'),(8048,4,8,2,'11',900,'2026-04-22 15:05:41'),(8049,4,8,3,'BANK',900,'2026-04-22 15:05:41'),(8050,4,2,0,'2',900,'2026-04-22 15:05:41'),(8051,4,2,1,'9',450,'2026-04-22 15:05:41'),(8052,4,2,2,'10',900,'2026-04-22 15:05:41'),(8053,4,2,3,'11',900,'2026-04-22 15:05:41'),(8054,4,2,4,'BANK',450,'2026-04-22 15:05:41'),(8055,4,16,0,'2',450,'2026-04-22 15:05:41'),(8056,4,16,1,'5',900,'2026-04-22 15:05:41'),(8057,4,16,2,'7',1350,'2026-04-22 15:05:41'),(8058,4,16,3,'BANK',900,'2026-04-22 15:05:41'),(8059,4,12,0,'2',900,'2026-04-22 15:05:41'),(8060,4,12,1,'5',450,'2026-04-22 15:05:41'),(8061,4,12,2,'7',450,'2026-04-22 15:05:41'),(8062,4,12,3,'11',900,'2026-04-22 15:05:41'),(8063,4,12,4,'BANK',900,'2026-04-22 15:05:41'),(8064,4,10,0,'2',450,'2026-04-22 15:05:41'),(8065,4,10,1,'5',900,'2026-04-22 15:05:41'),(8066,4,10,2,'7',450,'2026-04-22 15:05:41'),(8067,4,10,3,'11',900,'2026-04-22 15:05:41'),(8068,4,10,4,'BANK',900,'2026-04-22 15:05:41'),(8069,4,13,0,'2',450,'2026-04-22 15:05:41'),(8070,4,13,1,'7',1350,'2026-04-22 15:05:41'),(8071,4,13,2,'9',900,'2026-04-22 15:05:41'),(8072,4,13,3,'BANK',900,'2026-04-22 15:05:41'),(8073,4,11,0,'4',1350,'2026-04-22 15:05:41'),(8074,4,11,1,'9',900,'2026-04-22 15:05:41'),(8075,4,11,2,'10',450,'2026-04-22 15:05:41'),(8076,4,11,3,'BANK',900,'2026-04-22 15:05:41'),(8077,4,5,0,'4',900,'2026-04-22 15:05:41'),(8078,4,5,1,'5',900,'2026-04-22 15:05:41'),(8079,4,5,2,'10',1350,'2026-04-22 15:05:41'),(8080,4,5,3,'BANK',450,'2026-04-22 15:05:41'),(8081,3,4,0,'1',3600,'2026-04-22 15:05:41'),(8082,3,2,0,'2',450,'2026-04-22 15:05:41'),(8083,3,2,1,'4',450,'2026-04-22 15:05:41'),(8084,3,2,2,'10',1350,'2026-04-22 15:05:41'),(8085,3,2,3,'BANK',1350,'2026-04-22 15:05:41'),(8086,3,12,0,'2',900,'2026-04-22 15:05:41'),(8087,3,12,1,'9',900,'2026-04-22 15:05:41'),(8088,3,12,2,'10',450,'2026-04-22 15:05:41'),(8089,3,12,3,'11',450,'2026-04-22 15:05:41'),(8090,3,12,4,'BANK',900,'2026-04-22 15:05:41'),(8091,3,15,0,'4',1350,'2026-04-22 15:05:41'),(8092,3,15,1,'7',450,'2026-04-22 15:05:41'),(8093,3,15,2,'10',450,'2026-04-22 15:05:41'),(8094,3,15,3,'BANK',1350,'2026-04-22 15:05:41'),(8095,3,34,0,'2',450,'2026-04-22 15:05:41'),(8096,3,34,1,'5',450,'2026-04-22 15:05:41'),(8097,3,34,2,'10',900,'2026-04-22 15:05:41'),(8098,3,34,3,'11',450,'2026-04-22 15:05:41'),(8099,3,34,4,'BANK',1350,'2026-04-22 15:05:41'),(8100,3,16,0,'2',450,'2026-04-22 15:05:41'),(8101,3,16,1,'5',450,'2026-04-22 15:05:41'),(8102,3,16,2,'7',900,'2026-04-22 15:05:41'),(8103,3,16,3,'11',900,'2026-04-22 15:05:41'),(8104,3,16,4,'BANK',900,'2026-04-22 15:05:41'),(8105,3,13,0,'2',450,'2026-04-22 15:05:41'),(8106,3,13,1,'5',900,'2026-04-22 15:05:41'),(8107,3,13,2,'7',450,'2026-04-22 15:05:41'),(8108,3,13,3,'9',900,'2026-04-22 15:05:41'),(8109,3,13,4,'BANK',900,'2026-04-22 15:05:41'),(8110,3,10,0,'2',450,'2026-04-22 15:05:41'),(8111,3,10,1,'5',900,'2026-04-22 15:05:41'),(8112,3,10,2,'11',900,'2026-04-22 15:05:41'),(8113,3,10,3,'BANK',1350,'2026-04-22 15:05:41'),(8114,3,5,0,'4',1800,'2026-04-22 15:05:41'),(8115,3,5,1,'10',450,'2026-04-22 15:05:41'),(8116,3,5,2,'11',450,'2026-04-22 15:05:41'),(8117,3,5,3,'BANK',900,'2026-04-22 15:05:41'),(8118,3,3,0,'2',450,'2026-04-22 15:05:41'),(8119,3,3,1,'5',900,'2026-04-22 15:05:41'),(8120,3,3,2,'7',1350,'2026-04-22 15:05:41'),(8121,3,3,3,'BANK',900,'2026-04-22 15:05:41'),(8122,3,8,0,'7',450,'2026-04-22 15:05:41'),(8123,3,8,1,'9',1800,'2026-04-22 15:05:41'),(8124,3,8,2,'11',450,'2026-04-22 15:05:41'),(8125,3,8,3,'BANK',900,'2026-04-22 15:05:41'),(8126,1,19,0,'1',3600,'2026-04-22 15:05:41'),(8127,1,11,0,'4',1350,'2026-04-22 15:05:41'),(8128,1,11,1,'5',450,'2026-04-22 15:05:41'),(8129,1,11,2,'10',900,'2026-04-22 15:05:41'),(8130,1,11,3,'BANK',900,'2026-04-22 15:05:41'),(8131,1,8,0,'7',450,'2026-04-22 15:05:41'),(8132,1,8,1,'9',1350,'2026-04-22 15:05:41'),(8133,1,8,2,'11',900,'2026-04-22 15:05:41'),(8134,1,8,3,'BANK',900,'2026-04-22 15:05:41'),(8135,1,2,0,'2',900,'2026-04-22 15:05:41'),(8136,1,2,1,'9',1350,'2026-04-22 15:05:41'),(8137,1,2,2,'11',900,'2026-04-22 15:05:41'),(8138,1,2,3,'BANK',450,'2026-04-22 15:05:41'),(8139,1,12,0,'2',450,'2026-04-22 15:05:41'),(8140,1,12,1,'5',900,'2026-04-22 15:05:41'),(8141,1,12,2,'7',450,'2026-04-22 15:05:41'),(8142,1,12,3,'10',900,'2026-04-22 15:05:41'),(8143,1,12,4,'BANK',900,'2026-04-22 15:05:41'),(8144,1,16,0,'2',1800,'2026-04-22 15:05:41'),(8145,1,16,1,'11',900,'2026-04-22 15:05:41'),(8146,1,16,2,'BANK',900,'2026-04-22 15:05:41'),(8147,1,3,0,'2',450,'2026-04-22 15:05:41'),(8148,1,3,1,'7',1350,'2026-04-22 15:05:41'),(8149,1,3,2,'11',900,'2026-04-22 15:05:41'),(8150,1,3,3,'BANK',900,'2026-04-22 15:05:41'),(8151,1,10,0,'5',450,'2026-04-22 15:05:41'),(8152,1,10,1,'7',1350,'2026-04-22 15:05:41'),(8153,1,10,2,'9',900,'2026-04-22 15:05:41'),(8154,1,10,3,'BANK',900,'2026-04-22 15:05:41'),(8155,1,15,0,'4',1350,'2026-04-22 15:05:41'),(8156,1,15,1,'10',1350,'2026-04-22 15:05:41'),(8157,1,15,2,'BANK',900,'2026-04-22 15:05:41'),(8158,1,5,0,'4',900,'2026-04-22 15:05:41'),(8159,1,5,1,'5',1800,'2026-04-22 15:05:41'),(8160,1,5,2,'10',450,'2026-04-22 15:05:41'),(8161,1,5,3,'BANK',450,'2026-04-22 15:05:41'),(8162,2,19,0,'1',3600,'2026-04-22 15:05:41'),(8163,2,16,0,'4',1350,'2026-04-22 15:05:41'),(8164,2,16,1,'5',450,'2026-04-22 15:05:41'),(8165,2,16,2,'10',900,'2026-04-22 15:05:41'),(8166,2,16,3,'BANK',900,'2026-04-22 15:05:41'),(8167,2,12,0,'2',900,'2026-04-22 15:05:41'),(8168,2,12,1,'5',450,'2026-04-22 15:05:41'),(8169,2,12,2,'9',900,'2026-04-22 15:05:41'),(8170,2,12,3,'10',450,'2026-04-22 15:05:41'),(8171,2,12,4,'BANK',900,'2026-04-22 15:05:41'),(8172,2,3,0,'5',450,'2026-04-22 15:05:41'),(8173,2,3,1,'7',450,'2026-04-22 15:05:41'),(8174,2,3,2,'10',450,'2026-04-22 15:05:41'),(8175,2,3,3,'11',900,'2026-04-22 15:05:41'),(8176,2,3,4,'BANK',1350,'2026-04-22 15:05:41'),(8177,2,13,0,'5',450,'2026-04-22 15:05:41'),(8178,2,13,1,'9',450,'2026-04-22 15:05:41'),(8179,2,13,2,'11',1350,'2026-04-22 15:05:41'),(8180,2,13,3,'BANK',1350,'2026-04-22 15:05:41'),(8181,2,2,0,'2',450,'2026-04-22 15:05:41'),(8182,2,2,1,'5',450,'2026-04-22 15:05:41'),(8183,2,2,2,'7',900,'2026-04-22 15:05:41'),(8184,2,2,3,'10',450,'2026-04-22 15:05:41'),(8185,2,2,4,'BANK',1350,'2026-04-22 15:05:41'),(8186,2,10,0,'2',450,'2026-04-22 15:05:41'),(8187,2,10,1,'4',900,'2026-04-22 15:05:41'),(8188,2,10,2,'5',900,'2026-04-22 15:05:41'),(8189,2,10,3,'9',450,'2026-04-22 15:05:41'),(8190,2,10,4,'BANK',900,'2026-04-22 15:05:41'),(8191,2,5,0,'2',1350,'2026-04-22 15:05:41'),(8192,2,5,1,'11',900,'2026-04-22 15:05:41'),(8193,2,5,2,'BANK',1350,'2026-04-22 15:05:41'),(8194,2,15,0,'4',1350,'2026-04-22 15:05:41'),(8195,2,15,1,'9',900,'2026-04-22 15:05:41'),(8196,2,15,2,'10',450,'2026-04-22 15:05:41'),(8197,2,15,3,'BANK',900,'2026-04-22 15:05:41'),(8198,2,11,0,'2',450,'2026-04-22 15:05:41'),(8199,2,11,1,'5',450,'2026-04-22 15:05:41'),(8200,2,11,2,'7',900,'2026-04-22 15:05:41'),(8201,2,11,3,'10',900,'2026-04-22 15:05:41'),(8202,2,11,4,'BANK',900,'2026-04-22 15:05:41'),(8203,2,8,0,'7',1350,'2026-04-22 15:05:42'),(8204,2,8,1,'9',900,'2026-04-22 15:05:42'),(8205,2,8,2,'11',450,'2026-04-22 15:05:42'),(8206,2,8,3,'BANK',900,'2026-04-22 15:05:42'),(8207,21,19,0,'1',3600,'2026-04-22 15:05:42'),(8208,21,7,0,'4',1350,'2026-04-22 15:05:42'),(8209,21,7,1,'5',450,'2026-04-22 15:05:42'),(8210,21,7,2,'10',900,'2026-04-22 15:05:42'),(8211,21,7,3,'BANK',900,'2026-04-22 15:05:42'),(8212,21,35,0,'2',900,'2026-04-22 15:05:42'),(8213,21,35,1,'5',450,'2026-04-22 15:05:42'),(8214,21,35,2,'9',900,'2026-04-22 15:05:42'),(8215,21,35,3,'10',450,'2026-04-22 15:05:42'),(8216,21,35,4,'BANK',900,'2026-04-22 15:05:42'),(8217,21,34,0,'2',900,'2026-04-22 15:05:42'),(8218,21,34,1,'5',450,'2026-04-22 15:05:42'),(8219,21,34,2,'7',450,'2026-04-22 15:05:42'),(8220,21,34,3,'10',450,'2026-04-22 15:05:42'),(8221,21,34,4,'BANK',1350,'2026-04-22 15:05:42'),(8222,21,22,0,'5',900,'2026-04-22 15:05:42'),(8223,21,22,1,'10',900,'2026-04-22 15:05:42'),(8224,21,22,2,'11',450,'2026-04-22 15:05:42'),(8225,21,22,3,'BANK',1350,'2026-04-22 15:05:42'),(8226,21,17,0,'5',900,'2026-04-22 15:05:42'),(8227,21,17,1,'7',900,'2026-04-22 15:05:42'),(8228,21,17,2,'10',450,'2026-04-22 15:05:42'),(8229,21,17,3,'BANK',1350,'2026-04-22 15:05:42'),(8230,21,6,0,'2',1350,'2026-04-22 15:05:42'),(8231,21,6,1,'4',900,'2026-04-22 15:05:42'),(8232,21,6,2,'9',450,'2026-04-22 15:05:42'),(8233,21,6,3,'BANK',900,'2026-04-22 15:05:42'),(8234,21,20,0,'2',450,'2026-04-22 15:05:42'),(8235,21,20,1,'7',450,'2026-04-22 15:05:42'),(8236,21,20,2,'11',1350,'2026-04-22 15:05:42'),(8237,21,20,3,'BANK',1350,'2026-04-22 15:05:42'),(8238,21,21,0,'4',1350,'2026-04-22 15:05:42'),(8239,21,21,1,'9',900,'2026-04-22 15:05:42'),(8240,21,21,2,'10',450,'2026-04-22 15:05:42'),(8241,21,21,3,'BANK',900,'2026-04-22 15:05:42'),(8242,21,9,0,'5',450,'2026-04-22 15:05:42'),(8243,21,9,1,'7',900,'2026-04-22 15:05:42'),(8244,21,9,2,'9',450,'2026-04-22 15:05:42'),(8245,21,9,3,'11',900,'2026-04-22 15:05:42'),(8246,21,9,4,'BANK',900,'2026-04-22 15:05:42'),(8247,21,14,0,'7',900,'2026-04-22 15:05:42'),(8248,21,14,1,'9',900,'2026-04-22 15:05:42'),(8249,21,14,2,'11',900,'2026-04-22 15:05:42'),(8250,21,14,3,'BANK',900,'2026-04-22 15:05:42'),(8251,18,19,0,'1',3600,'2026-04-22 15:05:42'),(8252,18,21,0,'2',1350,'2026-04-22 15:05:42'),(8253,18,21,1,'4',900,'2026-04-22 15:05:42'),(8254,18,21,2,'10',900,'2026-04-22 15:05:42'),(8255,18,21,3,'BANK',450,'2026-04-22 15:05:42'),(8256,18,9,0,'7',900,'2026-04-22 15:05:42'),(8257,18,9,1,'9',1350,'2026-04-22 15:05:42'),(8258,18,9,2,'11',900,'2026-04-22 15:05:42'),(8259,18,9,3,'BANK',450,'2026-04-22 15:05:42'),(8260,18,17,0,'5',900,'2026-04-22 15:05:42'),(8261,18,17,1,'9',450,'2026-04-22 15:05:42'),(8262,18,17,2,'10',900,'2026-04-22 15:05:42'),(8263,18,17,3,'11',900,'2026-04-22 15:05:42'),(8264,18,17,4,'BANK',450,'2026-04-22 15:05:42'),(8265,18,34,0,'5',2700,'2026-04-22 15:05:42'),(8266,18,34,1,'10',450,'2026-04-22 15:05:42'),(8267,18,34,2,'BANK',450,'2026-04-22 15:05:42'),(8268,18,20,0,'2',1350,'2026-04-22 15:05:42'),(8269,18,20,1,'4',900,'2026-04-22 15:05:42'),(8270,18,20,2,'11',900,'2026-04-22 15:05:42'),(8271,18,20,3,'BANK',450,'2026-04-22 15:05:42'),(8272,18,35,0,'2',450,'2026-04-22 15:05:42'),(8273,18,35,1,'4',900,'2026-04-22 15:05:42'),(8274,18,35,2,'7',900,'2026-04-22 15:05:42'),(8275,18,35,3,'11',900,'2026-04-22 15:05:42'),(8276,18,35,4,'BANK',450,'2026-04-22 15:05:42'),(8277,18,14,0,'2',450,'2026-04-22 15:05:42'),(8278,18,14,1,'7',1800,'2026-04-22 15:05:42'),(8279,18,14,2,'9',900,'2026-04-22 15:05:42'),(8280,18,14,3,'BANK',450,'2026-04-22 15:05:42'),(8281,18,7,0,'4',900,'2026-04-22 15:05:42'),(8282,18,7,1,'9',900,'2026-04-22 15:05:42'),(8283,18,7,2,'10',1350,'2026-04-22 15:05:42'),(8284,18,7,3,'BANK',450,'2026-04-22 15:05:42'),(8285,17,4,0,'1',1800,'2026-04-22 15:05:42'),(8286,17,4,1,'BANK',1800,'2026-04-22 15:05:42'),(8287,17,19,0,'1',1800,'2026-04-22 15:05:42'),(8288,17,19,1,'BANK',1800,'2026-04-22 15:05:42'),(8289,17,7,0,'2',450,'2026-04-22 15:05:42'),(8290,17,7,1,'4',1350,'2026-04-22 15:05:42'),(8291,17,7,2,'10',900,'2026-04-22 15:05:42'),(8292,17,7,3,'BANK',900,'2026-04-22 15:05:42'),(8293,17,22,0,'5',450,'2026-04-22 15:05:42'),(8294,17,22,1,'9',1350,'2026-04-22 15:05:42'),(8295,17,22,2,'11',900,'2026-04-22 15:05:42'),(8296,17,22,3,'BANK',900,'2026-04-22 15:05:42'),(8297,17,35,0,'2',900,'2026-04-22 15:05:42'),(8298,17,35,1,'9',450,'2026-04-22 15:05:42'),(8299,17,35,2,'10',900,'2026-04-22 15:05:42'),(8300,17,35,3,'11',900,'2026-04-22 15:05:42'),(8301,17,35,4,'BANK',450,'2026-04-22 15:05:42'),(8302,17,20,0,'2',450,'2026-04-22 15:05:42'),(8303,17,20,1,'5',900,'2026-04-22 15:05:42'),(8304,17,20,2,'7',1350,'2026-04-22 15:05:42'),(8305,17,20,3,'BANK',900,'2026-04-22 15:05:42'),(8306,17,34,0,'2',900,'2026-04-22 15:05:42'),(8307,17,34,1,'5',450,'2026-04-22 15:05:42'),(8308,17,34,2,'7',450,'2026-04-22 15:05:42'),(8309,17,34,3,'11',900,'2026-04-22 15:05:42'),(8310,17,34,4,'BANK',900,'2026-04-22 15:05:42'),(8311,17,9,0,'2',450,'2026-04-22 15:05:42'),(8312,17,9,1,'5',900,'2026-04-22 15:05:42'),(8313,17,9,2,'7',450,'2026-04-22 15:05:42'),(8314,17,9,3,'11',900,'2026-04-22 15:05:42'),(8315,17,9,4,'BANK',900,'2026-04-22 15:05:42'),(8316,17,14,0,'2',450,'2026-04-22 15:05:42'),(8317,17,14,1,'7',1350,'2026-04-22 15:05:42'),(8318,17,14,2,'9',900,'2026-04-22 15:05:42'),(8319,17,14,3,'BANK',900,'2026-04-22 15:05:42'),(8320,17,21,0,'4',1350,'2026-04-22 15:05:42'),(8321,17,21,1,'9',900,'2026-04-22 15:05:42'),(8322,17,21,2,'10',450,'2026-04-22 15:05:42'),(8323,17,21,3,'BANK',900,'2026-04-22 15:05:42'),(8324,17,17,0,'4',900,'2026-04-22 15:05:42'),(8325,17,17,1,'5',900,'2026-04-22 15:05:42'),(8326,17,17,2,'10',1350,'2026-04-22 15:05:42'),(8327,17,17,3,'BANK',450,'2026-04-22 15:05:42'),(8328,14,4,0,'1',3600,'2026-04-22 15:05:42'),(8329,14,17,0,'2',450,'2026-04-22 15:05:42'),(8330,14,17,1,'4',900,'2026-04-22 15:05:42'),(8331,14,17,2,'10',1350,'2026-04-22 15:05:42'),(8332,14,17,3,'BANK',900,'2026-04-22 15:05:42'),(8333,14,35,0,'2',900,'2026-04-22 15:05:42'),(8334,14,35,1,'5',450,'2026-04-22 15:05:42'),(8335,14,35,2,'9',900,'2026-04-22 15:05:42'),(8336,14,35,3,'10',450,'2026-04-22 15:05:42'),(8337,14,35,4,'BANK',900,'2026-04-22 15:05:42'),(8338,14,7,0,'4',450,'2026-04-22 15:05:42'),(8339,14,7,1,'7',450,'2026-04-22 15:05:42'),(8340,14,7,2,'10',450,'2026-04-22 15:05:42'),(8341,14,7,3,'11',900,'2026-04-22 15:05:42'),(8342,14,7,4,'BANK',1350,'2026-04-22 15:05:42'),(8343,14,34,0,'5',900,'2026-04-22 15:05:42'),(8344,14,34,1,'10',900,'2026-04-22 15:05:42'),(8345,14,34,2,'11',450,'2026-04-22 15:05:42'),(8346,14,34,3,'BANK',1350,'2026-04-22 15:05:42'),(8347,14,14,0,'2',450,'2026-04-22 15:05:42'),(8348,14,14,1,'5',900,'2026-04-22 15:05:42'),(8349,14,14,2,'7',900,'2026-04-22 15:05:42'),(8350,14,14,3,'BANK',1350,'2026-04-22 15:05:42'),(8351,14,9,0,'2',450,'2026-04-22 15:05:42'),(8352,14,9,1,'5',900,'2026-04-22 15:05:42'),(8353,14,9,2,'7',450,'2026-04-22 15:05:42'),(8354,14,9,3,'9',900,'2026-04-22 15:05:42'),(8355,14,9,4,'BANK',900,'2026-04-22 15:05:42'),(8356,14,20,0,'2',900,'2026-04-22 15:05:42'),(8357,14,20,1,'4',450,'2026-04-22 15:05:42'),(8358,14,20,2,'11',900,'2026-04-22 15:05:42'),(8359,14,20,3,'BANK',1350,'2026-04-22 15:05:42'),(8360,14,21,0,'4',1800,'2026-04-22 15:05:42'),(8361,14,21,1,'5',450,'2026-04-22 15:05:42'),(8362,14,21,2,'10',450,'2026-04-22 15:05:42'),(8363,14,21,3,'BANK',900,'2026-04-22 15:05:42'),(8364,14,22,0,'7',450,'2026-04-22 15:05:42'),(8365,14,22,1,'9',1800,'2026-04-22 15:05:42'),(8366,14,22,2,'11',450,'2026-04-22 15:05:42'),(8367,14,22,3,'BANK',900,'2026-04-22 15:05:42'),(8368,12,19,0,'1',3600,'2026-04-22 15:05:42'),(8369,12,7,0,'4',1350,'2026-04-22 15:05:42'),(8370,12,7,1,'5',450,'2026-04-22 15:05:42'),(8371,12,7,2,'10',900,'2026-04-22 15:05:42'),(8372,12,7,3,'BANK',900,'2026-04-22 15:05:42'),(8373,12,14,0,'2',900,'2026-04-22 15:05:42'),(8374,12,14,1,'5',450,'2026-04-22 15:05:42'),(8375,12,14,2,'9',900,'2026-04-22 15:05:42'),(8376,12,14,3,'10',450,'2026-04-22 15:05:42'),(8377,12,14,4,'BANK',900,'2026-04-22 15:05:42'),(8378,12,17,0,'2',900,'2026-04-22 15:05:42'),(8379,12,17,1,'5',450,'2026-04-22 15:05:42'),(8380,12,17,2,'7',450,'2026-04-22 15:05:42'),(8381,12,17,3,'10',450,'2026-04-22 15:05:42'),(8382,12,17,4,'BANK',1350,'2026-04-22 15:05:42'),(8383,12,22,0,'5',900,'2026-04-22 15:05:42'),(8384,12,22,1,'10',900,'2026-04-22 15:05:42'),(8385,12,22,2,'11',450,'2026-04-22 15:05:42'),(8386,12,22,3,'BANK',1350,'2026-04-22 15:05:42'),(8387,12,35,0,'2',450,'2026-04-22 15:05:42'),(8388,12,35,1,'5',450,'2026-04-22 15:05:42'),(8389,12,35,2,'7',900,'2026-04-22 15:05:42'),(8390,12,35,3,'10',450,'2026-04-22 15:05:42'),(8391,12,35,4,'BANK',1350,'2026-04-22 15:05:42'),(8392,12,20,0,'2',450,'2026-04-22 15:05:42'),(8393,12,20,1,'4',900,'2026-04-22 15:05:42'),(8394,12,20,2,'5',900,'2026-04-22 15:05:42'),(8395,12,20,3,'9',450,'2026-04-22 15:05:42'),(8396,12,20,4,'BANK',900,'2026-04-22 15:05:42'),(8397,12,21,0,'4',1350,'2026-04-22 15:05:42'),(8398,12,21,1,'9',900,'2026-04-22 15:05:42'),(8399,12,21,2,'10',450,'2026-04-22 15:05:42'),(8400,12,21,3,'BANK',900,'2026-04-22 15:05:42'),(8401,12,34,0,'2',450,'2026-04-22 15:05:42'),(8402,12,34,1,'7',900,'2026-04-22 15:05:42'),(8403,12,34,2,'9',450,'2026-04-22 15:05:42'),(8404,12,34,3,'11',900,'2026-04-22 15:05:42'),(8405,12,34,4,'BANK',900,'2026-04-22 15:05:42'),(8406,12,9,0,'7',900,'2026-04-22 15:05:42'),(8407,12,9,1,'9',900,'2026-04-22 15:05:42'),(8408,12,9,2,'11',900,'2026-04-22 15:05:42'),(8409,12,9,3,'BANK',900,'2026-04-22 15:05:42'),(8410,8,19,0,'1',3600,'2026-04-22 15:05:42'),(8411,8,6,0,'2',450,'2026-04-22 15:05:42'),(8412,8,6,1,'4',1350,'2026-04-22 15:05:42'),(8413,8,6,2,'10',900,'2026-04-22 15:05:42'),(8414,8,6,3,'BANK',900,'2026-04-22 15:05:42'),(8415,8,22,0,'7',450,'2026-04-22 15:05:42'),(8416,8,22,1,'9',1350,'2026-04-22 15:05:42'),(8417,8,22,2,'11',900,'2026-04-22 15:05:42'),(8418,8,22,3,'BANK',900,'2026-04-22 15:05:42'),(8419,8,17,0,'5',900,'2026-04-22 15:05:42'),(8420,8,17,1,'9',450,'2026-04-22 15:05:42'),(8421,8,17,2,'10',900,'2026-04-22 15:05:42'),(8422,8,17,3,'11',900,'2026-04-22 15:05:42'),(8423,8,17,4,'BANK',450,'2026-04-22 15:05:42'),(8424,8,7,0,'5',1350,'2026-04-22 15:05:42'),(8425,8,7,1,'7',450,'2026-04-22 15:05:42'),(8426,8,7,2,'10',900,'2026-04-22 15:05:42'),(8427,8,7,3,'BANK',900,'2026-04-22 15:05:42'),(8428,8,20,0,'2',1350,'2026-04-22 15:05:42'),(8429,8,20,1,'5',450,'2026-04-22 15:05:42'),(8430,8,20,2,'11',900,'2026-04-22 15:05:42'),(8431,8,20,3,'BANK',900,'2026-04-22 15:05:42'),(8432,8,35,0,'2',450,'2026-04-22 15:05:42'),(8433,8,35,1,'7',1350,'2026-04-22 15:05:42'),(8434,8,35,2,'11',900,'2026-04-22 15:05:42'),(8435,8,35,3,'BANK',900,'2026-04-22 15:05:42'),(8436,8,14,0,'2',450,'2026-04-22 15:05:42'),(8437,8,14,1,'7',1350,'2026-04-22 15:05:42'),(8438,8,14,2,'9',900,'2026-04-22 15:05:42'),(8439,8,14,3,'BANK',900,'2026-04-22 15:05:42'),(8440,8,21,0,'4',1350,'2026-04-22 15:05:42'),(8441,8,21,1,'9',900,'2026-04-22 15:05:42'),(8442,8,21,2,'10',450,'2026-04-22 15:05:42'),(8443,8,21,3,'BANK',900,'2026-04-22 15:05:42'),(8444,10,4,0,'1',3600,'2026-04-22 15:05:42'),(8445,10,7,0,'4',1350,'2026-04-22 15:05:42'),(8446,10,7,1,'5',450,'2026-04-22 15:05:42'),(8447,10,7,2,'10',900,'2026-04-22 15:05:42'),(8448,10,7,3,'BANK',900,'2026-04-22 15:05:42'),(8449,10,34,0,'2',1350,'2026-04-22 15:05:42'),(8450,10,34,1,'9',900,'2026-04-22 15:05:42'),(8451,10,34,2,'10',450,'2026-04-22 15:05:42'),(8452,10,34,3,'BANK',900,'2026-04-22 15:05:42'),(8453,10,14,0,'5',450,'2026-04-22 15:05:42'),(8454,10,14,1,'7',900,'2026-04-22 15:05:42'),(8455,10,14,2,'9',450,'2026-04-22 15:05:42'),(8456,10,14,3,'11',450,'2026-04-22 15:05:42'),(8457,10,14,4,'BANK',1350,'2026-04-22 15:05:42'),(8458,10,17,0,'2',450,'2026-04-22 15:05:42'),(8459,10,17,1,'5',450,'2026-04-22 15:05:42'),(8460,10,17,2,'10',450,'2026-04-22 15:05:42'),(8461,10,17,3,'11',900,'2026-04-22 15:05:42'),(8462,10,17,4,'BANK',1350,'2026-04-22 15:05:42'),(8463,10,6,0,'2',450,'2026-04-22 15:05:42'),(8464,10,6,1,'4',900,'2026-04-22 15:05:42'),(8465,10,6,2,'5',900,'2026-04-22 15:05:42'),(8466,10,6,3,'9',450,'2026-04-22 15:05:42'),(8467,10,6,4,'BANK',900,'2026-04-22 15:05:42'),(8468,10,20,0,'2',900,'2026-04-22 15:05:42'),(8469,10,20,1,'5',450,'2026-04-22 15:05:42'),(8470,10,20,2,'11',900,'2026-04-22 15:05:42'),(8471,10,20,3,'BANK',1350,'2026-04-22 15:05:42'),(8472,10,21,0,'4',1350,'2026-04-22 15:05:42'),(8473,10,21,1,'9',900,'2026-04-22 15:05:42'),(8474,10,21,2,'10',450,'2026-04-22 15:05:42'),(8475,10,21,3,'BANK',900,'2026-04-22 15:05:42'),(8476,10,35,0,'2',450,'2026-04-22 15:05:42'),(8477,10,35,1,'5',450,'2026-04-22 15:05:42'),(8478,10,35,2,'7',900,'2026-04-22 15:05:42'),(8479,10,35,3,'10',900,'2026-04-22 15:05:42'),(8480,10,35,4,'BANK',900,'2026-04-22 15:05:42'),(8481,10,22,0,'7',1350,'2026-04-22 15:05:42'),(8482,10,22,1,'9',900,'2026-04-22 15:05:42'),(8483,10,22,2,'11',450,'2026-04-22 15:05:42'),(8484,10,22,3,'BANK',900,'2026-04-22 15:05:42'),(8485,6,19,0,'1',3600,'2026-04-22 15:05:42'),(8486,6,5,0,'4',1350,'2026-04-22 15:05:42'),(8487,6,5,1,'5',450,'2026-04-22 15:05:42'),(8488,6,5,2,'10',900,'2026-04-22 15:05:42'),(8489,6,5,3,'BANK',900,'2026-04-22 15:05:42'),(8490,6,12,0,'2',900,'2026-04-22 15:05:42'),(8491,6,12,1,'5',450,'2026-04-22 15:05:42'),(8492,6,12,2,'9',900,'2026-04-22 15:05:42'),(8493,6,12,3,'10',450,'2026-04-22 15:05:42'),(8494,6,12,4,'BANK',900,'2026-04-22 15:05:42'),(8495,6,11,0,'5',450,'2026-04-22 15:05:42'),(8496,6,11,1,'7',450,'2026-04-22 15:05:42'),(8497,6,11,2,'9',450,'2026-04-22 15:05:42'),(8498,6,11,3,'11',900,'2026-04-22 15:05:42'),(8499,6,11,4,'BANK',1350,'2026-04-22 15:05:42'),(8500,6,8,0,'5',450,'2026-04-22 15:05:42'),(8501,6,8,1,'9',450,'2026-04-22 15:05:42'),(8502,6,8,2,'11',1350,'2026-04-22 15:05:42'),(8503,6,8,3,'BANK',1350,'2026-04-22 15:05:42'),(8504,6,13,0,'2',450,'2026-04-22 15:05:42'),(8505,6,13,1,'5',450,'2026-04-22 15:05:42'),(8506,6,13,2,'9',1350,'2026-04-22 15:05:42'),(8507,6,13,3,'BANK',1350,'2026-04-22 15:05:42'),(8508,6,15,0,'4',1350,'2026-04-22 15:05:42'),(8509,6,15,1,'5',900,'2026-04-22 15:05:42'),(8510,6,15,2,'9',450,'2026-04-22 15:05:42'),(8511,6,15,3,'BANK',900,'2026-04-22 15:05:42'),(8512,6,10,0,'2',450,'2026-04-22 15:05:42'),(8513,6,10,1,'7',900,'2026-04-22 15:05:42'),(8514,6,10,2,'11',900,'2026-04-22 15:05:42'),(8515,6,10,3,'BANK',1350,'2026-04-22 15:05:42'),(8516,6,2,0,'2',450,'2026-04-22 15:05:42'),(8517,6,2,1,'4',900,'2026-04-22 15:05:42'),(8518,6,2,2,'10',1350,'2026-04-22 15:05:42'),(8519,6,2,3,'BANK',900,'2026-04-22 15:05:42'),(8520,6,16,0,'2',450,'2026-04-22 15:05:42'),(8521,6,16,1,'5',450,'2026-04-22 15:05:42'),(8522,6,16,2,'7',900,'2026-04-22 15:05:42'),(8523,6,16,3,'10',900,'2026-04-22 15:05:42'),(8524,6,16,4,'BANK',900,'2026-04-22 15:05:42'),(8525,6,3,0,'2',900,'2026-04-22 15:05:42'),(8526,6,3,1,'7',1350,'2026-04-22 15:05:42'),(8527,6,3,2,'11',450,'2026-04-22 15:05:42'),(8528,6,3,3,'BANK',900,'2026-04-22 15:05:42'),(8529,7,4,0,'1',3600,'2026-04-22 15:05:42'),(8530,7,15,0,'2',450,'2026-04-22 15:05:42'),(8531,7,15,1,'4',1350,'2026-04-22 15:05:42'),(8532,7,15,2,'10',900,'2026-04-22 15:05:42'),(8533,7,15,3,'BANK',900,'2026-04-22 15:05:42'),(8534,7,8,0,'7',450,'2026-04-22 15:05:42'),(8535,7,8,1,'9',1350,'2026-04-22 15:05:42'),(8536,7,8,2,'11',900,'2026-04-22 15:05:42'),(8537,7,8,3,'BANK',900,'2026-04-22 15:05:42'),(8538,7,13,0,'5',900,'2026-04-22 15:05:42'),(8539,7,13,1,'9',1350,'2026-04-22 15:05:42'),(8540,7,13,2,'11',900,'2026-04-22 15:05:42'),(8541,7,13,3,'BANK',450,'2026-04-22 15:05:42'),(8542,7,2,0,'5',1350,'2026-04-22 15:05:42'),(8543,7,2,1,'7',450,'2026-04-22 15:05:42'),(8544,7,2,2,'10',900,'2026-04-22 15:05:42'),(8545,7,2,3,'BANK',900,'2026-04-22 15:05:42'),(8546,7,16,0,'2',1350,'2026-04-22 15:05:42'),(8547,7,16,1,'5',450,'2026-04-22 15:05:42'),(8548,7,16,2,'11',900,'2026-04-22 15:05:42'),(8549,7,16,3,'BANK',900,'2026-04-22 15:05:42'),(8550,7,3,0,'2',450,'2026-04-22 15:05:42'),(8551,7,3,1,'7',1350,'2026-04-22 15:05:42'),(8552,7,3,2,'11',900,'2026-04-22 15:05:42'),(8553,7,3,3,'BANK',900,'2026-04-22 15:05:42'),(8554,7,10,0,'2',450,'2026-04-22 15:05:42'),(8555,7,10,1,'7',1350,'2026-04-22 15:05:42'),(8556,7,10,2,'9',900,'2026-04-22 15:05:42'),(8557,7,10,3,'BANK',900,'2026-04-22 15:05:42'),(8558,7,11,0,'4',450,'2026-04-22 15:05:42'),(8559,7,11,1,'5',900,'2026-04-22 15:05:42'),(8560,7,11,2,'10',1350,'2026-04-22 15:05:42'),(8561,7,11,3,'BANK',900,'2026-04-22 15:05:42'),(8562,7,5,0,'2',900,'2026-04-22 15:05:42'),(8563,7,5,1,'4',1800,'2026-04-22 15:05:42'),(8564,7,5,2,'10',450,'2026-04-22 15:05:42'),(8565,7,5,3,'BANK',450,'2026-04-22 15:05:42');
/*!40000 ALTER TABLE `game_shift_logs` ENABLE KEYS */;
UNLOCK TABLES;

--
-- Table structure for table `games`
--

DROP TABLE IF EXISTS `games`;
/*!40101 SET @saved_cs_client     = @@character_set_client */;
/*!50503 SET character_set_client = utf8mb4 */;
CREATE TABLE `games` (
  `id` int NOT NULL AUTO_INCREMENT,
  `team_id` int NOT NULL,
  `opponent` varchar(100) NOT NULL,
  `game_date` datetime NOT NULL,
  `format` varchar(20) NOT NULL DEFAULT '8v8',
  `coach_id` int DEFAULT NULL,
  `min_pos` int DEFAULT '0',
  `created_at` timestamp NULL DEFAULT CURRENT_TIMESTAMP,
  PRIMARY KEY (`id`),
  KEY `FK_Games_Teams` (`team_id`),
  KEY `fk_games_coach` (`coach_id`),
  CONSTRAINT `fk_games_coach` FOREIGN KEY (`coach_id`) REFERENCES `users` (`id`) ON DELETE SET NULL,
  CONSTRAINT `FK_Games_Teams` FOREIGN KEY (`team_id`) REFERENCES `teams` (`id`)
) ENGINE=InnoDB AUTO_INCREMENT=113 DEFAULT CHARSET=utf8mb4 COLLATE=utf8mb4_0900_ai_ci;
/*!40101 SET character_set_client = @saved_cs_client */;

--
-- Dumping data for table `games`
--

LOCK TABLES `games` WRITE;
/*!40000 ALTER TABLE `games` DISABLE KEYS */;
INSERT INTO `games` VALUES (1,1,'Kampenhout','2025-09-14 00:00:00','8v8_4x15',2,0,'2026-04-22 07:02:33'),(2,1,'Lyra','2025-09-20 00:00:00','8v8_4x15',2,0,'2026-04-22 07:02:33'),(3,1,'Betekom','2025-09-27 00:00:00','8v8_4x15',2,0,'2026-04-22 07:02:33'),(4,1,'PuntLarum','2025-10-04 00:00:00','8v8_4x15',2,0,'2026-04-22 07:02:33'),(5,1,'Nijlen','2025-10-11 00:00:00','8v8_4x15',2,0,'2026-04-22 07:02:33'),(6,1,'Haacht','2025-10-18 00:00:00','8v8_4x15',2,0,'2026-04-22 07:02:33'),(7,1,'Hasselt','2025-10-25 00:00:00','8v8_4x15',3,0,'2026-04-22 07:02:33'),(8,1,'Houtvenne','2025-10-26 00:00:00','8v8_4x15',2,0,'2026-04-22 07:02:33'),(9,1,'Hades','2025-10-28 00:00:00','8v8_7x15',2,0,'2026-04-22 07:02:33'),(10,1,'Kampenhout','2025-10-31 00:00:00','8v8_4x15',2,0,'2026-04-22 07:02:33'),(11,1,'KVKWellen','2025-11-01 00:00:00','8v8_4x15',2,0,'2026-04-22 07:02:33'),(12,1,'Lyra','2025-11-08 00:00:00','8v8_4x15',2,0,'2026-04-22 07:02:33'),(13,1,'Neerpelt','2025-11-10 00:00:00','8v8_3x20',3,0,'2026-04-22 07:02:33'),(14,1,'KACBetekom','2025-11-15 00:00:00','8v8_4x15',2,0,'2026-04-22 07:02:33'),(15,1,'Zepperen','2025-11-16 00:00:00','8v8_4x15',2,0,'2026-04-22 07:02:33'),(16,1,'Koersel','2025-11-21 00:00:00','8v8_4x15',3,0,'2026-04-22 07:02:33'),(17,1,'PuntLarum','2025-11-22 00:00:00','8v8_4x15',2,0,'2026-04-22 07:02:33'),(18,1,'Nijlen','2025-11-28 00:00:00','8v8_4x15',2,0,'2026-04-22 07:02:33'),(19,1,'Hades','2025-11-29 00:00:00','8v8_4x15',2,0,'2026-04-22 07:02:33'),(20,1,'Belisia','2025-12-06 00:00:00','8v8_4x15',2,0,'2026-04-22 07:02:33'),(21,1,'Haacht','2025-12-06 00:00:00','8v8_4x15',2,0,'2026-04-22 07:02:33'),(22,1,'Koersel','2026-01-17 00:00:00','8v8_4x15',2,0,'2026-04-22 07:02:33'),(23,1,'DeKempen','2026-01-18 00:00:00','8v8_4x15',2,0,'2026-04-22 07:02:33'),(24,1,'Belisia','2026-01-23 00:00:00','8v8_4x15',2,0,'2026-04-22 07:02:33'),(25,1,'Turnhout','2026-01-23 00:00:00','8v8_4x15',3,0,'2026-04-22 07:02:33'),(26,1,'Hades','2026-01-27 00:00:00','8v8_4x15',2,0,'2026-04-22 07:02:33'),(27,1,'Houtvenne','2026-01-31 00:00:00','8v8_4x15',3,0,'2026-04-22 07:02:33'),(28,1,'Tongeren','2026-01-31 00:00:00','8v8_4x15',2,0,'2026-04-22 07:02:33'),(29,1,'Hasselt','2026-02-07 00:00:00','8v8_4x15',2,0,'2026-04-22 07:02:33'),(30,1,'PuntLarum','2026-02-07 00:00:00','8v8_4x15',3,0,'2026-04-22 07:02:33'),(31,1,'WM_Hades','2026-02-14 00:00:00','8v8_6x15',2,0,'2026-04-22 07:02:33'),(32,1,'Dessel','2026-02-18 00:00:00','8v8_4x15',3,0,'2026-04-22 07:02:33'),(33,1,'KVKWellen','2026-02-21 00:00:00','8v8_4x15',2,0,'2026-04-22 07:02:33'),(34,1,'Nijlen','2026-02-22 00:00:00','8v8_4x15',3,0,'2026-04-22 07:02:33'),(35,1,'Koersel','2026-02-28 00:00:00','8v8_4x15',3,0,'2026-04-22 07:02:33'),(36,1,'Zepperen','2026-02-28 00:00:00','8v8_4x15',2,0,'2026-04-22 07:02:33'),(37,1,'Dessel','2026-03-06 00:00:00','8v8_4x15',3,0,'2026-04-22 07:02:33'),(38,1,'Hades','2026-03-07 00:00:00','8v8_4x15',2,0,'2026-04-22 07:02:33'),(39,1,'DeKempen','2026-03-14 00:00:00','8v8_4x15',3,0,'2026-04-22 07:02:33'),(40,1,'Koersel','2026-03-14 00:00:00','8v8_4x15',2,0,'2026-04-22 07:02:33'),(41,1,'Belisia','2026-03-20 00:00:00','8v8_4x15',2,0,'2026-04-22 07:02:33'),(42,1,'Turnhout','2026-03-22 00:00:00','8v8_4x15',3,0,'2026-04-22 07:02:33'),(43,1,'Houtvenne','2026-03-28 00:00:00','8v8_4x15',3,0,'2026-04-22 07:02:33'),(44,1,'Tongeren','2026-03-28 00:00:00','8v8_4x15',2,0,'2026-04-22 07:02:33'),(45,1,'PuntLarum','2026-04-11 00:00:00','8v8_4x15',3,0,'2026-04-22 07:02:33'),(46,1,'Hasselt','2026-04-12 00:00:00','8v8_4x15',2,0,'2026-04-22 07:02:33'),(47,1,'KFCNijlen','2026-04-18 00:00:00','8v8_4x15',3,0,'2026-04-22 07:02:33'),(48,1,'W. Koersel','2026-04-25 00:00:00','8v8_4x15',3,0,'2026-04-22 07:02:33'),(70,2,'Testje','2026-04-21 00:00:00','8v8_4x15',4,0,'2026-04-22 07:02:33'),(92,1,'KVK Wellen','2026-04-18 00:00:00','8v8_4x15',2,0,'2026-04-22 20:58:48'),(111,1,'KVK Zepperen','2026-04-25 00:00:00','8v8_4x15',2,2,'2026-04-22 22:42:41');
/*!40000 ALTER TABLE `games` ENABLE KEYS */;
UNLOCK TABLES;

--
-- Table structure for table `gk_scores`
--

DROP TABLE IF EXISTS `gk_scores`;
/*!40101 SET @saved_cs_client     = @@character_set_client */;
/*!50503 SET character_set_client = utf8mb4 */;
CREATE TABLE `gk_scores` (
  `player_id` int NOT NULL,
  `score` int NOT NULL,
  PRIMARY KEY (`player_id`)
) ENGINE=InnoDB DEFAULT CHARSET=utf8mb4 COLLATE=utf8mb4_0900_ai_ci;
/*!40101 SET character_set_client = @saved_cs_client */;

--
-- Dumping data for table `gk_scores`
--

LOCK TABLES `gk_scores` WRITE;
/*!40000 ALTER TABLE `gk_scores` DISABLE KEYS */;
INSERT INTO `gk_scores` VALUES (4,63),(18,88);
/*!40000 ALTER TABLE `gk_scores` ENABLE KEYS */;
UNLOCK TABLES;

--
-- Table structure for table `lineups`
--

DROP TABLE IF EXISTS `lineups`;
/*!40101 SET @saved_cs_client     = @@character_set_client */;
/*!50503 SET character_set_client = utf8mb4 */;
CREATE TABLE `lineups` (
  `id` int NOT NULL AUTO_INCREMENT,
  `team_id` int DEFAULT NULL,
  `game_format` varchar(50) NOT NULL,
  `player_count` int NOT NULL,
  `legacy_id` int NOT NULL,
  `parent_id` int DEFAULT NULL,
  `schema_data` json NOT NULL,
  `is_original` tinyint(1) DEFAULT '1',
  `created_by` int DEFAULT NULL,
  `created_at` timestamp NULL DEFAULT CURRENT_TIMESTAMP,
  PRIMARY KEY (`id`),
  KEY `parent_id` (`parent_id`),
  KEY `FK_Lineups_Teams` (`team_id`),
  CONSTRAINT `FK_Lineups_Teams` FOREIGN KEY (`team_id`) REFERENCES `teams` (`id`) ON DELETE CASCADE,
  CONSTRAINT `lineups_ibfk_1` FOREIGN KEY (`parent_id`) REFERENCES `lineups` (`id`) ON DELETE SET NULL
) ENGINE=InnoDB AUTO_INCREMENT=132 DEFAULT CHARSET=utf8mb4 COLLATE=utf8mb4_0900_ai_ci;
/*!40101 SET character_set_client = @saved_cs_client */;

--
-- Dumping data for table `lineups`
--

LOCK TABLES `lineups` WRITE;
/*!40000 ALTER TABLE `lineups` DISABLE KEYS */;
INSERT INTO `lineups` VALUES (1,NULL,'8v8_0gk_4x15',9,30000,NULL,'[{\"bench\": [1], \"start\": 0, \"lineup\": {\"1\": 0, \"2\": 7, \"4\": 3, \"5\": 5, \"7\": 4, \"9\": 2, \"10\": 8, \"11\": 6}, \"duration\": 450, \"game_counter\": 1}, {\"subs\": {\"in\": {\"5\": 1}, \"out\": {\"5\": 5}}, \"bench\": [5], \"start\": 7.5, \"lineup\": {\"1\": 0, \"2\": 7, \"4\": 3, \"5\": 1, \"7\": 4, \"9\": 2, \"10\": 8, \"11\": 6}, \"duration\": 450, \"game_counter\": 1}, {\"bench\": [4], \"start\": 0, \"lineup\": {\"1\": 0, \"2\": 3, \"4\": 8, \"5\": 7, \"7\": 2, \"9\": 6, \"10\": 1, \"11\": 5}, \"duration\": 450, \"game_counter\": 2}, {\"subs\": {\"in\": {\"5\": 4}, \"out\": {\"5\": 7}}, \"bench\": [7], \"start\": 7.5, \"lineup\": {\"1\": 0, \"2\": 3, \"4\": 8, \"5\": 4, \"7\": 2, \"9\": 6, \"10\": 1, \"11\": 5}, \"duration\": 450, \"game_counter\": 2}, {\"bench\": [0], \"start\": 0, \"lineup\": {\"1\": 1, \"2\": 5, \"4\": 8, \"5\": 6, \"7\": 7, \"9\": 4, \"10\": 3, \"11\": 2}, \"duration\": 450, \"game_counter\": 3}, {\"subs\": {\"in\": {\"11\": 0}, \"out\": {\"11\": 2}}, \"bench\": [2], \"start\": 7.5, \"lineup\": {\"1\": 1, \"2\": 5, \"4\": 8, \"5\": 6, \"7\": 7, \"9\": 4, \"10\": 3, \"11\": 0}, \"duration\": 450, \"game_counter\": 3}, {\"bench\": [8], \"start\": 0, \"lineup\": {\"1\": 2, \"2\": 4, \"4\": 1, \"5\": 7, \"7\": 0, \"9\": 3, \"10\": 6, \"11\": 5}, \"duration\": 450, \"game_counter\": 4}, {\"subs\": {\"in\": {\"9\": 8}, \"out\": {\"9\": 3}}, \"bench\": [3], \"start\": 7.5, \"lineup\": {\"1\": 2, \"2\": 4, \"4\": 1, \"5\": 7, \"7\": 0, \"9\": 8, \"10\": 6, \"11\": 5}, \"duration\": 450, \"game_counter\": 4}]',1,NULL,'2026-04-20 11:49:30'),(2,NULL,'8v8_0gk_4x15',9,20000,NULL,'[{\"bench\": [2], \"start\": 0, \"lineup\": {\"1\": 1, \"2\": 5, \"4\": 4, \"5\": 0, \"7\": 6, \"9\": 8, \"10\": 7, \"11\": 3}, \"duration\": 450, \"game_counter\": 1}, {\"subs\": {\"in\": {\"9\": 2}, \"out\": {\"9\": 8}}, \"bench\": [8], \"start\": 7.5, \"lineup\": {\"1\": 1, \"2\": 5, \"4\": 4, \"5\": 0, \"7\": 6, \"9\": 2, \"10\": 7, \"11\": 3}, \"duration\": 450, \"game_counter\": 1}, {\"bench\": [4], \"start\": 0, \"lineup\": {\"1\": 0, \"2\": 6, \"4\": 8, \"5\": 1, \"7\": 2, \"9\": 5, \"10\": 7, \"11\": 3}, \"duration\": 450, \"game_counter\": 2}, {\"subs\": {\"in\": {\"11\": 4}, \"out\": {\"11\": 3}}, \"bench\": [3], \"start\": 7.5, \"lineup\": {\"1\": 0, \"2\": 6, \"4\": 8, \"5\": 1, \"7\": 2, \"9\": 5, \"10\": 7, \"11\": 4}, \"duration\": 450, \"game_counter\": 2}, {\"bench\": [0], \"start\": 0, \"lineup\": {\"1\": 1, \"2\": 8, \"4\": 4, \"5\": 3, \"7\": 2, \"9\": 6, \"10\": 7, \"11\": 5}, \"duration\": 450, \"game_counter\": 3}, {\"subs\": {\"in\": {\"11\": 0}, \"out\": {\"11\": 5}}, \"bench\": [5], \"start\": 7.5, \"lineup\": {\"1\": 1, \"2\": 8, \"4\": 4, \"5\": 3, \"7\": 2, \"9\": 6, \"10\": 7, \"11\": 0}, \"duration\": 450, \"game_counter\": 3}, {\"bench\": [6], \"start\": 0, \"lineup\": {\"1\": 0, \"2\": 8, \"4\": 5, \"5\": 1, \"7\": 7, \"9\": 3, \"10\": 4, \"11\": 2}, \"duration\": 450, \"game_counter\": 4}, {\"subs\": {\"in\": {\"5\": 6}, \"out\": {\"5\": 1}}, \"bench\": [1], \"start\": 7.5, \"lineup\": {\"1\": 0, \"2\": 8, \"4\": 5, \"5\": 6, \"7\": 7, \"9\": 3, \"10\": 4, \"11\": 2}, \"duration\": 450, \"game_counter\": 4}]',1,NULL,'2026-04-20 11:49:30'),(3,NULL,'8v8_1gk_3x20',12,20000,NULL,'[{\"bench\": [7, 10, 5, 1], \"start\": 0, \"lineup\": {\"1\": 0, \"2\": 9, \"4\": 8, \"5\": 6, \"7\": 4, \"9\": 11, \"10\": 2, \"11\": 3}, \"duration\": 600, \"game_counter\": 1}, {\"subs\": {\"in\": {\"2\": 5, \"7\": 7, \"10\": 1, \"11\": 10}, \"out\": {\"2\": 9, \"7\": 4, \"10\": 2, \"11\": 3}}, \"bench\": [4, 9, 3, 2], \"start\": 10, \"lineup\": {\"1\": 0, \"2\": 5, \"4\": 8, \"5\": 6, \"7\": 7, \"9\": 11, \"10\": 1, \"11\": 10}, \"duration\": 600, \"game_counter\": 1}, {\"bench\": [2, 5, 6, 10], \"start\": 0, \"lineup\": {\"1\": 0, \"2\": 4, \"4\": 3, \"5\": 7, \"7\": 1, \"9\": 9, \"10\": 8, \"11\": 11}, \"duration\": 600, \"game_counter\": 2}, {\"subs\": {\"in\": {\"2\": 5, \"7\": 6, \"10\": 2, \"11\": 10}, \"out\": {\"2\": 4, \"7\": 1, \"10\": 8, \"11\": 11}}, \"bench\": [4, 1, 8, 11], \"start\": 10, \"lineup\": {\"1\": 0, \"2\": 5, \"4\": 3, \"5\": 7, \"7\": 6, \"9\": 9, \"10\": 2, \"11\": 10}, \"duration\": 600, \"game_counter\": 2}, {\"bench\": [7, 1, 3, 2], \"start\": 0, \"lineup\": {\"1\": 0, \"2\": 9, \"4\": 8, \"5\": 11, \"7\": 4, \"9\": 10, \"10\": 6, \"11\": 5}, \"duration\": 300, \"game_counter\": 3}, {\"subs\": {\"in\": {\"2\": 7, \"4\": 1, \"5\": 3, \"10\": 2}, \"out\": {\"2\": 9, \"4\": 8, \"5\": 11, \"10\": 6}}, \"bench\": [8, 6, 11, 9], \"start\": 5, \"lineup\": {\"1\": 0, \"2\": 7, \"4\": 1, \"5\": 3, \"7\": 4, \"9\": 10, \"10\": 2, \"11\": 5}, \"duration\": 300, \"game_counter\": 3}, {\"bench\": [7, 3, 5, 4], \"start\": 10, \"lineup\": {\"1\": 0, \"2\": 6, \"4\": 1, \"5\": 8, \"7\": 9, \"9\": 10, \"10\": 11, \"11\": 2}, \"duration\": 300, \"game_counter\": 4}, {\"subs\": {\"in\": {\"2\": 7, \"5\": 4, \"7\": 5, \"10\": 3}, \"out\": {\"2\": 6, \"5\": 8, \"7\": 9, \"10\": 11}}, \"bench\": [9, 8, 6, 11], \"start\": 15, \"lineup\": {\"1\": 0, \"2\": 7, \"4\": 1, \"5\": 4, \"7\": 5, \"9\": 10, \"10\": 3, \"11\": 2}, \"duration\": 300, \"game_counter\": 4}]',1,NULL,'2026-04-20 11:49:30'),(4,NULL,'8v8_1gk_4x15',10,20000,NULL,'[{\"bench\": [4, 6], \"start\": 0, \"lineup\": {\"1\": 0, \"2\": 5, \"4\": 8, \"5\": 9, \"7\": 7, \"9\": 2, \"10\": 1, \"11\": 3}, \"duration\": 450, \"game_counter\": 1}, {\"subs\": {\"in\": {\"2\": 6, \"7\": 4}, \"out\": {\"2\": 5, \"7\": 7}}, \"bench\": [7, 5], \"start\": 7.5, \"lineup\": {\"1\": 0, \"2\": 6, \"4\": 8, \"5\": 9, \"7\": 4, \"9\": 2, \"10\": 1, \"11\": 3}, \"duration\": 450, \"game_counter\": 1}, {\"bench\": [8, 3], \"start\": 0, \"lineup\": {\"1\": 0, \"2\": 5, \"4\": 1, \"5\": 4, \"7\": 7, \"9\": 2, \"10\": 9, \"11\": 6}, \"duration\": 450, \"game_counter\": 2}, {\"subs\": {\"in\": {\"9\": 3, \"10\": 8}, \"out\": {\"9\": 2, \"10\": 9}}, \"bench\": [9, 2], \"start\": 7.5, \"lineup\": {\"1\": 0, \"2\": 5, \"4\": 1, \"5\": 4, \"7\": 7, \"9\": 3, \"10\": 8, \"11\": 6}, \"duration\": 450, \"game_counter\": 2}, {\"bench\": [1, 6], \"start\": 0, \"lineup\": {\"1\": 0, \"2\": 3, \"4\": 8, \"5\": 4, \"7\": 2, \"9\": 7, \"10\": 9, \"11\": 5}, \"duration\": 450, \"game_counter\": 3}, {\"subs\": {\"in\": {\"4\": 1, \"7\": 6}, \"out\": {\"4\": 8, \"7\": 2}}, \"bench\": [8, 2], \"start\": 7.5, \"lineup\": {\"1\": 0, \"2\": 3, \"4\": 1, \"5\": 4, \"7\": 6, \"9\": 7, \"10\": 9, \"11\": 5}, \"duration\": 450, \"game_counter\": 3}, {\"bench\": [5, 1], \"start\": 0, \"lineup\": {\"1\": 0, \"2\": 7, \"4\": 9, \"5\": 4, \"7\": 6, \"9\": 8, \"10\": 3, \"11\": 2}, \"duration\": 450, \"game_counter\": 4}, {\"subs\": {\"in\": {\"2\": 1, \"5\": 5}, \"out\": {\"2\": 7, \"5\": 4}}, \"bench\": [7, 4], \"start\": 7.5, \"lineup\": {\"1\": 0, \"2\": 1, \"4\": 9, \"5\": 5, \"7\": 6, \"9\": 8, \"10\": 3, \"11\": 2}, \"duration\": 450, \"game_counter\": 4}]',1,NULL,'2026-04-20 11:49:30'),(5,NULL,'8v8_1gk_4x15',10,20001,NULL,'[{\"bench\": [4, 6], \"start\": 0, \"lineup\": {\"1\": 0, \"2\": 5, \"4\": 8, \"5\": 9, \"7\": 7, \"9\": 2, \"10\": 1, \"11\": 3}, \"duration\": 450, \"game_counter\": 1}, {\"subs\": {\"in\": {\"2\": 4, \"7\": 6}, \"out\": {\"2\": 5, \"7\": 7}}, \"bench\": [7, 5], \"start\": 7.5, \"lineup\": {\"1\": 0, \"2\": 4, \"4\": 8, \"5\": 9, \"7\": 6, \"9\": 2, \"10\": 1, \"11\": 3}, \"duration\": 450, \"game_counter\": 1}, {\"bench\": [8, 3], \"start\": 0, \"lineup\": {\"1\": 0, \"2\": 5, \"4\": 1, \"5\": 4, \"7\": 7, \"9\": 2, \"10\": 9, \"11\": 6}, \"duration\": 450, \"game_counter\": 2}, {\"subs\": {\"in\": {\"9\": 3, \"10\": 8}, \"out\": {\"9\": 2, \"10\": 9}}, \"bench\": [9, 2], \"start\": 7.5, \"lineup\": {\"1\": 0, \"2\": 5, \"4\": 1, \"5\": 4, \"7\": 7, \"9\": 3, \"10\": 8, \"11\": 6}, \"duration\": 450, \"game_counter\": 2}, {\"bench\": [1, 6], \"start\": 0, \"lineup\": {\"1\": 0, \"2\": 9, \"4\": 8, \"5\": 3, \"7\": 2, \"9\": 7, \"10\": 4, \"11\": 5}, \"duration\": 450, \"game_counter\": 3}, {\"subs\": {\"in\": {\"4\": 1, \"7\": 6}, \"out\": {\"4\": 8, \"7\": 2}}, \"bench\": [8, 2], \"start\": 7.5, \"lineup\": {\"1\": 0, \"2\": 9, \"4\": 1, \"5\": 3, \"7\": 6, \"9\": 7, \"10\": 4, \"11\": 5}, \"duration\": 450, \"game_counter\": 3}, {\"bench\": [5, 1], \"start\": 0, \"lineup\": {\"1\": 0, \"2\": 7, \"4\": 9, \"5\": 4, \"7\": 6, \"9\": 8, \"10\": 3, \"11\": 2}, \"duration\": 450, \"game_counter\": 4}, {\"subs\": {\"in\": {\"2\": 1, \"5\": 5}, \"out\": {\"2\": 7, \"5\": 4}}, \"bench\": [7, 4], \"start\": 7.5, \"lineup\": {\"1\": 0, \"2\": 1, \"4\": 9, \"5\": 5, \"7\": 6, \"9\": 8, \"10\": 3, \"11\": 2}, \"duration\": 450, \"game_counter\": 4}]',1,NULL,'2026-04-20 11:49:30'),(6,NULL,'8v8_1gk_4x15',10,30000,NULL,'[{\"bench\": [4, 6], \"start\": 0, \"lineup\": {\"1\": 0, \"2\": 5, \"4\": 8, \"5\": 9, \"7\": 7, \"9\": 2, \"10\": 1, \"11\": 3}, \"duration\": 450, \"game_counter\": 1}, {\"subs\": {\"in\": {\"2\": 6, \"7\": 4}, \"out\": {\"2\": 5, \"7\": 7}}, \"bench\": [7, 5], \"start\": 7.5, \"lineup\": {\"1\": 0, \"2\": 6, \"4\": 8, \"5\": 9, \"7\": 4, \"9\": 2, \"10\": 1, \"11\": 3}, \"duration\": 450, \"game_counter\": 1}, {\"bench\": [8, 3], \"start\": 0, \"lineup\": {\"1\": 0, \"2\": 5, \"4\": 1, \"5\": 4, \"7\": 7, \"9\": 2, \"10\": 9, \"11\": 6}, \"duration\": 450, \"game_counter\": 2}, {\"subs\": {\"in\": {\"9\": 3, \"10\": 8}, \"out\": {\"9\": 2, \"10\": 9}}, \"bench\": [9, 2], \"start\": 7.5, \"lineup\": {\"1\": 0, \"2\": 5, \"4\": 1, \"5\": 4, \"7\": 7, \"9\": 3, \"10\": 8, \"11\": 6}, \"duration\": 450, \"game_counter\": 2}, {\"bench\": [1, 6], \"start\": 0, \"lineup\": {\"1\": 0, \"2\": 9, \"4\": 8, \"5\": 3, \"7\": 2, \"9\": 7, \"10\": 4, \"11\": 5}, \"duration\": 450, \"game_counter\": 3}, {\"subs\": {\"in\": {\"4\": 1, \"7\": 6}, \"out\": {\"4\": 8, \"7\": 2}}, \"bench\": [8, 2], \"start\": 7.5, \"lineup\": {\"1\": 0, \"2\": 9, \"4\": 1, \"5\": 3, \"7\": 6, \"9\": 7, \"10\": 4, \"11\": 5}, \"duration\": 450, \"game_counter\": 3}, {\"bench\": [5, 1], \"start\": 0, \"lineup\": {\"1\": 0, \"2\": 7, \"4\": 9, \"5\": 4, \"7\": 6, \"9\": 8, \"10\": 3, \"11\": 2}, \"duration\": 450, \"game_counter\": 4}, {\"subs\": {\"in\": {\"2\": 1, \"5\": 5}, \"out\": {\"2\": 7, \"5\": 4}}, \"bench\": [7, 4], \"start\": 7.5, \"lineup\": {\"1\": 0, \"2\": 1, \"4\": 9, \"5\": 5, \"7\": 6, \"9\": 8, \"10\": 3, \"11\": 2}, \"duration\": 450, \"game_counter\": 4}]',1,NULL,'2026-04-20 11:49:30'),(7,NULL,'8v8_1gk_4x15',10,20002,NULL,'[{\"bench\": [4, 6], \"start\": 0, \"lineup\": {\"1\": 0, \"2\": 5, \"4\": 8, \"5\": 9, \"7\": 7, \"9\": 2, \"10\": 1, \"11\": 3}, \"duration\": 450, \"game_counter\": 1}, {\"subs\": {\"in\": {\"2\": 6, \"7\": 4}, \"out\": {\"2\": 5, \"7\": 7}}, \"bench\": [7, 5], \"start\": 7.5, \"lineup\": {\"1\": 0, \"2\": 6, \"4\": 8, \"5\": 9, \"7\": 4, \"9\": 2, \"10\": 1, \"11\": 3}, \"duration\": 450, \"game_counter\": 1}, {\"bench\": [8, 3], \"start\": 0, \"lineup\": {\"1\": 0, \"2\": 5, \"4\": 1, \"5\": 4, \"7\": 7, \"9\": 2, \"10\": 9, \"11\": 6}, \"duration\": 450, \"game_counter\": 2}, {\"subs\": {\"in\": {\"9\": 3, \"10\": 8}, \"out\": {\"9\": 2, \"10\": 9}}, \"bench\": [9, 2], \"start\": 7.5, \"lineup\": {\"1\": 0, \"2\": 5, \"4\": 1, \"5\": 4, \"7\": 7, \"9\": 3, \"10\": 8, \"11\": 6}, \"duration\": 450, \"game_counter\": 2}, {\"bench\": [1, 6], \"start\": 0, \"lineup\": {\"1\": 0, \"2\": 9, \"4\": 8, \"5\": 3, \"7\": 2, \"9\": 7, \"10\": 4, \"11\": 5}, \"duration\": 450, \"game_counter\": 3}, {\"subs\": {\"in\": {\"4\": 1, \"7\": 6}, \"out\": {\"4\": 8, \"7\": 2}}, \"bench\": [8, 2], \"start\": 7.5, \"lineup\": {\"1\": 0, \"2\": 9, \"4\": 1, \"5\": 3, \"7\": 6, \"9\": 7, \"10\": 4, \"11\": 5}, \"duration\": 450, \"game_counter\": 3}, {\"bench\": [5, 1], \"start\": 0, \"lineup\": {\"1\": 0, \"2\": 7, \"4\": 9, \"5\": 4, \"7\": 6, \"9\": 3, \"10\": 8, \"11\": 2}, \"duration\": 450, \"game_counter\": 4}, {\"subs\": {\"in\": {\"2\": 1, \"5\": 5}, \"out\": {\"2\": 7, \"5\": 4}}, \"bench\": [7, 4], \"start\": 7.5, \"lineup\": {\"1\": 0, \"2\": 1, \"4\": 9, \"5\": 5, \"7\": 6, \"9\": 3, \"10\": 8, \"11\": 2}, \"duration\": 450, \"game_counter\": 4}]',1,NULL,'2026-04-20 11:49:30'),(8,NULL,'8v8_1gk_4x15',10,30002,NULL,'[{\"bench\": [4, 6], \"start\": 0, \"lineup\": {\"1\": 0, \"2\": 5, \"4\": 8, \"5\": 9, \"7\": 7, \"9\": 2, \"10\": 1, \"11\": 3}, \"duration\": 450, \"game_counter\": 1}, {\"subs\": {\"in\": {\"2\": 6, \"7\": 4}, \"out\": {\"2\": 5, \"7\": 7}}, \"bench\": [7, 5], \"start\": 7.5, \"lineup\": {\"1\": 0, \"2\": 6, \"4\": 8, \"5\": 9, \"7\": 4, \"9\": 2, \"10\": 1, \"11\": 3}, \"duration\": 450, \"game_counter\": 1}, {\"bench\": [8, 3], \"start\": 0, \"lineup\": {\"1\": 0, \"2\": 4, \"4\": 1, \"5\": 5, \"7\": 7, \"9\": 2, \"10\": 9, \"11\": 6}, \"duration\": 450, \"game_counter\": 2}, {\"subs\": {\"in\": {\"9\": 3, \"10\": 8}, \"out\": {\"9\": 2, \"10\": 9}}, \"bench\": [9, 2], \"start\": 7.5, \"lineup\": {\"1\": 0, \"2\": 4, \"4\": 1, \"5\": 5, \"7\": 7, \"9\": 3, \"10\": 8, \"11\": 6}, \"duration\": 450, \"game_counter\": 2}, {\"bench\": [1, 6], \"start\": 0, \"lineup\": {\"1\": 0, \"2\": 4, \"4\": 8, \"5\": 9, \"7\": 2, \"9\": 7, \"10\": 3, \"11\": 5}, \"duration\": 450, \"game_counter\": 3}, {\"subs\": {\"in\": {\"4\": 1, \"7\": 6}, \"out\": {\"4\": 8, \"7\": 2}}, \"bench\": [8, 2], \"start\": 7.5, \"lineup\": {\"1\": 0, \"2\": 4, \"4\": 1, \"5\": 9, \"7\": 6, \"9\": 7, \"10\": 3, \"11\": 5}, \"duration\": 450, \"game_counter\": 3}, {\"bench\": [5, 1], \"start\": 0, \"lineup\": {\"1\": 0, \"2\": 7, \"4\": 9, \"5\": 4, \"7\": 6, \"9\": 8, \"10\": 3, \"11\": 2}, \"duration\": 450, \"game_counter\": 4}, {\"subs\": {\"in\": {\"2\": 1, \"5\": 5}, \"out\": {\"2\": 7, \"5\": 4}}, \"bench\": [7, 4], \"start\": 7.5, \"lineup\": {\"1\": 0, \"2\": 1, \"4\": 9, \"5\": 5, \"7\": 6, \"9\": 8, \"10\": 3, \"11\": 2}, \"duration\": 450, \"game_counter\": 4}]',1,NULL,'2026-04-20 11:49:30'),(9,NULL,'8v8_1gk_4x15',10,30003,NULL,'[{\"bench\": [4, 6], \"start\": 0, \"lineup\": {\"1\": 0, \"2\": 5, \"4\": 8, \"5\": 9, \"7\": 7, \"9\": 2, \"10\": 1, \"11\": 3}, \"duration\": 450, \"game_counter\": 1}, {\"subs\": {\"in\": {\"2\": 6, \"7\": 4}, \"out\": {\"2\": 5, \"7\": 7}}, \"bench\": [7, 5], \"start\": 7.5, \"lineup\": {\"1\": 0, \"2\": 6, \"4\": 8, \"5\": 9, \"7\": 4, \"9\": 2, \"10\": 1, \"11\": 3}, \"duration\": 450, \"game_counter\": 1}, {\"bench\": [8, 3], \"start\": 0, \"lineup\": {\"1\": 0, \"2\": 4, \"4\": 1, \"5\": 5, \"7\": 7, \"9\": 2, \"10\": 9, \"11\": 6}, \"duration\": 450, \"game_counter\": 2}, {\"subs\": {\"in\": {\"9\": 3, \"10\": 8}, \"out\": {\"9\": 2, \"10\": 9}}, \"bench\": [9, 2], \"start\": 7.5, \"lineup\": {\"1\": 0, \"2\": 4, \"4\": 1, \"5\": 5, \"7\": 7, \"9\": 3, \"10\": 8, \"11\": 6}, \"duration\": 450, \"game_counter\": 2}, {\"bench\": [1, 6], \"start\": 0, \"lineup\": {\"1\": 0, \"2\": 9, \"4\": 8, \"5\": 4, \"7\": 2, \"9\": 7, \"10\": 3, \"11\": 5}, \"duration\": 450, \"game_counter\": 3}, {\"subs\": {\"in\": {\"4\": 1, \"7\": 6}, \"out\": {\"4\": 8, \"7\": 2}}, \"bench\": [8, 2], \"start\": 7.5, \"lineup\": {\"1\": 0, \"2\": 9, \"4\": 1, \"5\": 4, \"7\": 6, \"9\": 7, \"10\": 3, \"11\": 5}, \"duration\": 450, \"game_counter\": 3}, {\"bench\": [5, 1], \"start\": 0, \"lineup\": {\"1\": 0, \"2\": 7, \"4\": 9, \"5\": 4, \"7\": 6, \"9\": 8, \"10\": 3, \"11\": 2}, \"duration\": 450, \"game_counter\": 4}, {\"subs\": {\"in\": {\"2\": 1, \"5\": 5}, \"out\": {\"2\": 7, \"5\": 4}}, \"bench\": [7, 4], \"start\": 7.5, \"lineup\": {\"1\": 0, \"2\": 1, \"4\": 9, \"5\": 5, \"7\": 6, \"9\": 8, \"10\": 3, \"11\": 2}, \"duration\": 450, \"game_counter\": 4}]',1,NULL,'2026-04-20 11:49:30'),(10,NULL,'8v8_1gk_4x15',10,30004,NULL,'[{\"bench\": [4, 6], \"start\": 0, \"lineup\": {\"1\": 0, \"2\": 5, \"4\": 9, \"5\": 8, \"7\": 7, \"9\": 2, \"10\": 1, \"11\": 3}, \"duration\": 450, \"game_counter\": 1}, {\"subs\": {\"in\": {\"2\": 6, \"7\": 4}, \"out\": {\"2\": 5, \"7\": 7}}, \"bench\": [7, 5], \"start\": 7.5, \"lineup\": {\"1\": 0, \"2\": 6, \"4\": 9, \"5\": 8, \"7\": 4, \"9\": 2, \"10\": 1, \"11\": 3}, \"duration\": 450, \"game_counter\": 1}, {\"bench\": [8, 3], \"start\": 0, \"lineup\": {\"1\": 0, \"2\": 5, \"4\": 1, \"5\": 4, \"7\": 7, \"9\": 2, \"10\": 9, \"11\": 6}, \"duration\": 450, \"game_counter\": 2}, {\"subs\": {\"in\": {\"9\": 3, \"10\": 8}, \"out\": {\"9\": 2, \"10\": 9}}, \"bench\": [9, 2], \"start\": 7.5, \"lineup\": {\"1\": 0, \"2\": 5, \"4\": 1, \"5\": 4, \"7\": 7, \"9\": 3, \"10\": 8, \"11\": 6}, \"duration\": 450, \"game_counter\": 2}, {\"bench\": [1, 6], \"start\": 0, \"lineup\": {\"1\": 0, \"2\": 9, \"4\": 8, \"5\": 3, \"7\": 2, \"9\": 7, \"10\": 4, \"11\": 5}, \"duration\": 450, \"game_counter\": 3}, {\"subs\": {\"in\": {\"4\": 1, \"7\": 6}, \"out\": {\"4\": 8, \"7\": 2}}, \"bench\": [8, 2], \"start\": 7.5, \"lineup\": {\"1\": 0, \"2\": 9, \"4\": 1, \"5\": 3, \"7\": 6, \"9\": 7, \"10\": 4, \"11\": 5}, \"duration\": 450, \"game_counter\": 3}, {\"bench\": [5, 1], \"start\": 0, \"lineup\": {\"1\": 0, \"2\": 7, \"4\": 9, \"5\": 4, \"7\": 6, \"9\": 3, \"10\": 8, \"11\": 2}, \"duration\": 450, \"game_counter\": 4}, {\"subs\": {\"in\": {\"2\": 1, \"5\": 5}, \"out\": {\"2\": 7, \"5\": 4}}, \"bench\": [7, 4], \"start\": 7.5, \"lineup\": {\"1\": 0, \"2\": 1, \"4\": 9, \"5\": 5, \"7\": 6, \"9\": 3, \"10\": 8, \"11\": 2}, \"duration\": 450, \"game_counter\": 4}]',1,NULL,'2026-04-20 11:49:30'),(11,NULL,'8v8_1gk_4x15',10,20003,NULL,'[{\"bench\": [4, 6], \"start\": 0, \"lineup\": {\"1\": 0, \"2\": 5, \"4\": 8, \"5\": 9, \"7\": 7, \"9\": 2, \"10\": 1, \"11\": 3}, \"duration\": 450, \"game_counter\": 1}, {\"subs\": {\"in\": {\"2\": 6, \"7\": 4}, \"out\": {\"2\": 5, \"7\": 7}}, \"bench\": [7, 5], \"start\": 7.5, \"lineup\": {\"1\": 0, \"2\": 6, \"4\": 8, \"5\": 9, \"7\": 4, \"9\": 2, \"10\": 1, \"11\": 3}, \"duration\": 450, \"game_counter\": 1}, {\"bench\": [8, 3], \"start\": 0, \"lineup\": {\"1\": 0, \"2\": 5, \"4\": 1, \"5\": 7, \"7\": 4, \"9\": 2, \"10\": 9, \"11\": 6}, \"duration\": 450, \"game_counter\": 2}, {\"subs\": {\"in\": {\"9\": 3, \"10\": 8}, \"out\": {\"9\": 2, \"10\": 9}}, \"bench\": [9, 2], \"start\": 7.5, \"lineup\": {\"1\": 0, \"2\": 5, \"4\": 1, \"5\": 7, \"7\": 4, \"9\": 3, \"10\": 8, \"11\": 6}, \"duration\": 450, \"game_counter\": 2}, {\"bench\": [1, 6], \"start\": 0, \"lineup\": {\"1\": 0, \"2\": 9, \"4\": 8, \"5\": 3, \"7\": 2, \"9\": 7, \"10\": 4, \"11\": 5}, \"duration\": 450, \"game_counter\": 3}, {\"subs\": {\"in\": {\"4\": 1, \"7\": 6}, \"out\": {\"4\": 8, \"7\": 2}}, \"bench\": [8, 2], \"start\": 7.5, \"lineup\": {\"1\": 0, \"2\": 9, \"4\": 1, \"5\": 3, \"7\": 6, \"9\": 7, \"10\": 4, \"11\": 5}, \"duration\": 450, \"game_counter\": 3}, {\"bench\": [5, 1], \"start\": 0, \"lineup\": {\"1\": 0, \"2\": 7, \"4\": 9, \"5\": 4, \"7\": 6, \"9\": 3, \"10\": 8, \"11\": 2}, \"duration\": 450, \"game_counter\": 4}, {\"subs\": {\"in\": {\"2\": 1, \"5\": 5}, \"out\": {\"2\": 7, \"5\": 4}}, \"bench\": [7, 4], \"start\": 7.5, \"lineup\": {\"1\": 0, \"2\": 1, \"4\": 9, \"5\": 5, \"7\": 6, \"9\": 3, \"10\": 8, \"11\": 2}, \"duration\": 450, \"game_counter\": 4}]',1,NULL,'2026-04-20 11:49:30'),(12,NULL,'8v8_1gk_4x15',10,20004,NULL,'[{\"bench\": [7, 6], \"start\": 0, \"lineup\": {\"1\": 0, \"2\": 9, \"4\": 8, \"5\": 5, \"7\": 4, \"9\": 2, \"10\": 1, \"11\": 3}, \"duration\": 450, \"game_counter\": 1}, {\"subs\": {\"in\": {\"5\": 6, \"7\": 7}, \"out\": {\"5\": 5, \"7\": 4}}, \"bench\": [4, 5], \"start\": 7.5, \"lineup\": {\"1\": 0, \"2\": 9, \"4\": 8, \"5\": 6, \"7\": 7, \"9\": 2, \"10\": 1, \"11\": 3}, \"duration\": 450, \"game_counter\": 1}, {\"bench\": [8, 3], \"start\": 0, \"lineup\": {\"1\": 0, \"2\": 4, \"4\": 1, \"5\": 5, \"7\": 7, \"9\": 2, \"10\": 9, \"11\": 6}, \"duration\": 450, \"game_counter\": 2}, {\"subs\": {\"in\": {\"9\": 3, \"10\": 8}, \"out\": {\"9\": 2, \"10\": 9}}, \"bench\": [9, 2], \"start\": 7.5, \"lineup\": {\"1\": 0, \"2\": 4, \"4\": 1, \"5\": 5, \"7\": 7, \"9\": 3, \"10\": 8, \"11\": 6}, \"duration\": 450, \"game_counter\": 2}, {\"bench\": [1, 6], \"start\": 0, \"lineup\": {\"1\": 0, \"2\": 2, \"4\": 8, \"5\": 9, \"7\": 4, \"9\": 7, \"10\": 3, \"11\": 5}, \"duration\": 450, \"game_counter\": 3}, {\"subs\": {\"in\": {\"2\": 6, \"4\": 1}, \"out\": {\"2\": 2, \"4\": 8}}, \"bench\": [8, 2], \"start\": 7.5, \"lineup\": {\"1\": 0, \"2\": 6, \"4\": 1, \"5\": 9, \"7\": 4, \"9\": 7, \"10\": 3, \"11\": 5}, \"duration\": 450, \"game_counter\": 3}, {\"bench\": [4, 1], \"start\": 0, \"lineup\": {\"1\": 0, \"2\": 2, \"4\": 9, \"5\": 7, \"7\": 6, \"9\": 8, \"10\": 3, \"11\": 5}, \"duration\": 450, \"game_counter\": 4}, {\"subs\": {\"in\": {\"5\": 1, \"11\": 4}, \"out\": {\"5\": 7, \"11\": 5}}, \"bench\": [7, 5], \"start\": 7.5, \"lineup\": {\"1\": 0, \"2\": 2, \"4\": 9, \"5\": 1, \"7\": 6, \"9\": 8, \"10\": 3, \"11\": 4}, \"duration\": 450, \"game_counter\": 4}]',1,NULL,'2026-04-20 11:49:30'),(13,NULL,'8v8_1gk_4x15',10,20005,NULL,'[{\"bench\": [4, 6], \"start\": 0, \"lineup\": {\"1\": 0, \"2\": 5, \"4\": 8, \"5\": 9, \"7\": 7, \"9\": 2, \"10\": 1, \"11\": 3}, \"duration\": 450, \"game_counter\": 1}, {\"subs\": {\"in\": {\"2\": 6, \"7\": 4}, \"out\": {\"2\": 5, \"7\": 7}}, \"bench\": [7, 5], \"start\": 7.5, \"lineup\": {\"1\": 0, \"2\": 6, \"4\": 8, \"5\": 9, \"7\": 4, \"9\": 2, \"10\": 1, \"11\": 3}, \"duration\": 450, \"game_counter\": 1}, {\"bench\": [8, 3], \"start\": 0, \"lineup\": {\"1\": 0, \"2\": 5, \"4\": 1, \"5\": 4, \"7\": 7, \"9\": 2, \"10\": 9, \"11\": 6}, \"duration\": 450, \"game_counter\": 2}, {\"subs\": {\"in\": {\"9\": 3, \"10\": 8}, \"out\": {\"9\": 2, \"10\": 9}}, \"bench\": [9, 2], \"start\": 7.5, \"lineup\": {\"1\": 0, \"2\": 5, \"4\": 1, \"5\": 4, \"7\": 7, \"9\": 3, \"10\": 8, \"11\": 6}, \"duration\": 450, \"game_counter\": 2}, {\"bench\": [1, 6], \"start\": 0, \"lineup\": {\"1\": 0, \"2\": 3, \"4\": 8, \"5\": 9, \"7\": 2, \"9\": 7, \"10\": 4, \"11\": 5}, \"duration\": 450, \"game_counter\": 3}, {\"subs\": {\"in\": {\"4\": 1, \"7\": 6}, \"out\": {\"4\": 8, \"7\": 2}}, \"bench\": [8, 2], \"start\": 7.5, \"lineup\": {\"1\": 0, \"2\": 3, \"4\": 1, \"5\": 9, \"7\": 6, \"9\": 7, \"10\": 4, \"11\": 5}, \"duration\": 450, \"game_counter\": 3}, {\"bench\": [5, 1], \"start\": 0, \"lineup\": {\"1\": 0, \"2\": 4, \"4\": 9, \"5\": 7, \"7\": 6, \"9\": 3, \"10\": 8, \"11\": 2}, \"duration\": 450, \"game_counter\": 4}, {\"subs\": {\"in\": {\"2\": 5, \"5\": 1}, \"out\": {\"2\": 4, \"5\": 7}}, \"bench\": [7, 4], \"start\": 7.5, \"lineup\": {\"1\": 0, \"2\": 5, \"4\": 9, \"5\": 1, \"7\": 6, \"9\": 3, \"10\": 8, \"11\": 2}, \"duration\": 450, \"game_counter\": 4}]',1,NULL,'2026-04-20 11:49:30'),(14,NULL,'8v8_1gk_4x15',10,10000,NULL,'[{\"bench\": [9, 3], \"start\": 0, \"lineup\": {\"1\": 0, \"2\": 5, \"4\": 8, \"5\": 2, \"7\": 4, \"9\": 7, \"10\": 1, \"11\": 6}, \"duration\": 450, \"game_counter\": 1}, {\"subs\": {\"in\": {\"5\": 9, \"11\": 3}, \"out\": {\"5\": 2, \"11\": 6}}, \"bench\": [2, 6], \"start\": 7.5, \"lineup\": {\"1\": 0, \"2\": 5, \"4\": 8, \"5\": 9, \"7\": 4, \"9\": 7, \"10\": 1, \"11\": 3}, \"duration\": 450, \"game_counter\": 1}, {\"bench\": [8, 5], \"start\": 0, \"lineup\": {\"1\": 0, \"2\": 6, \"4\": 9, \"5\": 2, \"7\": 7, \"9\": 3, \"10\": 1, \"11\": 4}, \"duration\": 450, \"game_counter\": 2}, {\"subs\": {\"in\": {\"10\": 8, \"11\": 5}, \"out\": {\"10\": 1, \"11\": 4}}, \"bench\": [1, 4], \"start\": 7.5, \"lineup\": {\"1\": 0, \"2\": 6, \"4\": 9, \"5\": 2, \"7\": 7, \"9\": 3, \"10\": 8, \"11\": 5}, \"duration\": 450, \"game_counter\": 2}, {\"bench\": [7, 3], \"start\": 0, \"lineup\": {\"1\": 0, \"2\": 5, \"4\": 8, \"5\": 9, \"7\": 4, \"9\": 2, \"10\": 1, \"11\": 6}, \"duration\": 450, \"game_counter\": 3}, {\"subs\": {\"in\": {\"9\": 7, \"11\": 3}, \"out\": {\"9\": 2, \"11\": 6}}, \"bench\": [2, 6], \"start\": 7.5, \"lineup\": {\"1\": 0, \"2\": 5, \"4\": 8, \"5\": 9, \"7\": 4, \"9\": 7, \"10\": 1, \"11\": 3}, \"duration\": 450, \"game_counter\": 3}, {\"bench\": [8, 4], \"start\": 0, \"lineup\": {\"1\": 0, \"2\": 6, \"4\": 9, \"5\": 2, \"7\": 7, \"9\": 3, \"10\": 1, \"11\": 5}, \"duration\": 450, \"game_counter\": 4}, {\"subs\": {\"in\": {\"7\": 8, \"11\": 4}, \"out\": {\"7\": 7, \"11\": 5}}, \"bench\": [7, 5], \"start\": 7.5, \"lineup\": {\"1\": 0, \"2\": 6, \"4\": 9, \"5\": 2, \"7\": 8, \"9\": 3, \"10\": 1, \"11\": 4}, \"duration\": 450, \"game_counter\": 4}]',1,NULL,'2026-04-20 11:49:30'),(15,NULL,'8v8_1gk_4x15',10,30005,NULL,'[{\"bench\": [6, 5], \"start\": 0, \"lineup\": {\"1\": 0, \"2\": 9, \"4\": 7, \"5\": 2, \"7\": 3, \"9\": 4, \"10\": 1, \"11\": 8}, \"duration\": 450, \"game_counter\": 1}, {\"subs\": {\"in\": {\"2\": 6, \"7\": 5}, \"out\": {\"2\": 9, \"7\": 3}}, \"bench\": [3, 9], \"start\": 7.5, \"lineup\": {\"1\": 0, \"2\": 6, \"4\": 7, \"5\": 2, \"7\": 5, \"9\": 4, \"10\": 1, \"11\": 8}, \"duration\": 450, \"game_counter\": 1}, {\"bench\": [7, 2], \"start\": 0, \"lineup\": {\"1\": 0, \"2\": 3, \"4\": 6, \"5\": 4, \"7\": 5, \"9\": 1, \"10\": 8, \"11\": 9}, \"duration\": 450, \"game_counter\": 2}, {\"subs\": {\"in\": {\"10\": 7, \"11\": 2}, \"out\": {\"10\": 8, \"11\": 9}}, \"bench\": [8, 9], \"start\": 7.5, \"lineup\": {\"1\": 0, \"2\": 3, \"4\": 6, \"5\": 4, \"7\": 5, \"9\": 1, \"10\": 7, \"11\": 2}, \"duration\": 450, \"game_counter\": 2}, {\"bench\": [3, 4], \"start\": 0, \"lineup\": {\"1\": 0, \"2\": 6, \"4\": 5, \"5\": 9, \"7\": 7, \"9\": 1, \"10\": 2, \"11\": 8}, \"duration\": 450, \"game_counter\": 3}, {\"subs\": {\"in\": {\"4\": 3, \"9\": 4}, \"out\": {\"4\": 5, \"9\": 1}}, \"bench\": [5, 1], \"start\": 7.5, \"lineup\": {\"1\": 0, \"2\": 6, \"4\": 3, \"5\": 9, \"7\": 7, \"9\": 4, \"10\": 2, \"11\": 8}, \"duration\": 450, \"game_counter\": 3}, {\"bench\": [8, 6], \"start\": 0, \"lineup\": {\"1\": 0, \"2\": 3, \"4\": 2, \"5\": 9, \"7\": 7, \"9\": 5, \"10\": 4, \"11\": 1}, \"duration\": 450, \"game_counter\": 4}, {\"subs\": {\"in\": {\"7\": 8, \"10\": 6}, \"out\": {\"7\": 7, \"10\": 4}}, \"bench\": [7, 4], \"start\": 7.5, \"lineup\": {\"1\": 0, \"2\": 3, \"4\": 2, \"5\": 9, \"7\": 8, \"9\": 5, \"10\": 6, \"11\": 1}, \"duration\": 450, \"game_counter\": 4}]',1,NULL,'2026-04-20 11:49:30'),(16,NULL,'8v8_1gk_4x15',10,30006,NULL,'[{\"bench\": [7, 6], \"start\": 0, \"lineup\": {\"1\": 0, \"2\": 2, \"4\": 8, \"5\": 4, \"7\": 3, \"9\": 1, \"10\": 9, \"11\": 5}, \"duration\": 450, \"game_counter\": 1}, {\"subs\": {\"in\": {\"2\": 6, \"9\": 7}, \"out\": {\"2\": 2, \"9\": 1}}, \"bench\": [1, 2], \"start\": 7.5, \"lineup\": {\"1\": 0, \"2\": 6, \"4\": 8, \"5\": 4, \"7\": 3, \"9\": 7, \"10\": 9, \"11\": 5}, \"duration\": 450, \"game_counter\": 1}, {\"bench\": [8, 4], \"start\": 0, \"lineup\": {\"1\": 0, \"2\": 6, \"4\": 7, \"5\": 9, \"7\": 2, \"9\": 3, \"10\": 1, \"11\": 5}, \"duration\": 450, \"game_counter\": 2}, {\"subs\": {\"in\": {\"7\": 8, \"9\": 4}, \"out\": {\"7\": 2, \"9\": 3}}, \"bench\": [3, 2], \"start\": 7.5, \"lineup\": {\"1\": 0, \"2\": 6, \"4\": 7, \"5\": 9, \"7\": 8, \"9\": 4, \"10\": 1, \"11\": 5}, \"duration\": 450, \"game_counter\": 2}, {\"bench\": [1, 4], \"start\": 0, \"lineup\": {\"1\": 0, \"2\": 3, \"4\": 2, \"5\": 9, \"7\": 7, \"9\": 8, \"10\": 5, \"11\": 6}, \"duration\": 450, \"game_counter\": 3}, {\"subs\": {\"in\": {\"5\": 4, \"10\": 1}, \"out\": {\"5\": 9, \"10\": 5}}, \"bench\": [5, 9], \"start\": 7.5, \"lineup\": {\"1\": 0, \"2\": 3, \"4\": 2, \"5\": 4, \"7\": 7, \"9\": 8, \"10\": 1, \"11\": 6}, \"duration\": 450, \"game_counter\": 3}, {\"bench\": [8, 7], \"start\": 0, \"lineup\": {\"1\": 0, \"2\": 4, \"4\": 6, \"5\": 5, \"7\": 1, \"9\": 2, \"10\": 3, \"11\": 9}, \"duration\": 450, \"game_counter\": 4}, {\"subs\": {\"in\": {\"5\": 8, \"11\": 7}, \"out\": {\"5\": 5, \"11\": 9}}, \"bench\": [9, 5], \"start\": 7.5, \"lineup\": {\"1\": 0, \"2\": 4, \"4\": 6, \"5\": 8, \"7\": 1, \"9\": 2, \"10\": 3, \"11\": 7}, \"duration\": 450, \"game_counter\": 4}]',1,NULL,'2026-04-20 11:49:30'),(17,NULL,'8v8_1gk_4x15',10,30007,NULL,'[{\"bench\": [1, 3], \"start\": 0, \"lineup\": {\"1\": 0, \"2\": 7, \"4\": 5, \"5\": 2, \"7\": 9, \"9\": 8, \"10\": 4, \"11\": 6}, \"duration\": 450, \"game_counter\": 1}, {\"subs\": {\"in\": {\"2\": 3, \"10\": 1}, \"out\": {\"2\": 7, \"10\": 4}}, \"bench\": [4, 7], \"start\": 7.5, \"lineup\": {\"1\": 0, \"2\": 3, \"4\": 5, \"5\": 2, \"7\": 9, \"9\": 8, \"10\": 1, \"11\": 6}, \"duration\": 450, \"game_counter\": 1}, {\"bench\": [5, 1], \"start\": 0, \"lineup\": {\"1\": 0, \"2\": 4, \"4\": 3, \"5\": 7, \"7\": 6, \"9\": 9, \"10\": 2, \"11\": 8}, \"duration\": 450, \"game_counter\": 2}, {\"subs\": {\"in\": {\"5\": 5, \"7\": 1}, \"out\": {\"5\": 7, \"7\": 6}}, \"bench\": [7, 6], \"start\": 7.5, \"lineup\": {\"1\": 0, \"2\": 4, \"4\": 3, \"5\": 5, \"7\": 1, \"9\": 9, \"10\": 2, \"11\": 8}, \"duration\": 450, \"game_counter\": 2}, {\"bench\": [5, 9], \"start\": 0, \"lineup\": {\"1\": 0, \"2\": 2, \"4\": 7, \"5\": 6, \"7\": 3, \"9\": 8, \"10\": 1, \"11\": 4}, \"duration\": 450, \"game_counter\": 3}, {\"subs\": {\"in\": {\"9\": 5, \"11\": 9}, \"out\": {\"9\": 8, \"11\": 4}}, \"bench\": [8, 4], \"start\": 7.5, \"lineup\": {\"1\": 0, \"2\": 2, \"4\": 7, \"5\": 6, \"7\": 3, \"9\": 5, \"10\": 1, \"11\": 9}, \"duration\": 450, \"game_counter\": 3}, {\"bench\": [2, 9], \"start\": 0, \"lineup\": {\"1\": 0, \"2\": 6, \"4\": 5, \"5\": 1, \"7\": 4, \"9\": 3, \"10\": 8, \"11\": 7}, \"duration\": 450, \"game_counter\": 4}, {\"subs\": {\"in\": {\"9\": 2, \"10\": 9}, \"out\": {\"9\": 3, \"10\": 8}}, \"bench\": [8, 3], \"start\": 7.5, \"lineup\": {\"1\": 0, \"2\": 6, \"4\": 5, \"5\": 1, \"7\": 4, \"9\": 2, \"10\": 9, \"11\": 7}, \"duration\": 450, \"game_counter\": 4}]',1,NULL,'2026-04-20 11:49:30'),(18,NULL,'8v8_1gk_4x15',10,30008,NULL,'[{\"bench\": [5, 8], \"start\": 0, \"lineup\": {\"1\": 0, \"2\": 7, \"4\": 2, \"5\": 9, \"7\": 4, \"9\": 1, \"10\": 3, \"11\": 6}, \"duration\": 450, \"game_counter\": 1}, {\"subs\": {\"in\": {\"7\": 5, \"10\": 8}, \"out\": {\"7\": 4, \"10\": 3}}, \"bench\": [3, 4], \"start\": 7.5, \"lineup\": {\"1\": 0, \"2\": 7, \"4\": 2, \"5\": 9, \"7\": 5, \"9\": 1, \"10\": 8, \"11\": 6}, \"duration\": 450, \"game_counter\": 1}, {\"bench\": [8, 7], \"start\": 0, \"lineup\": {\"1\": 0, \"2\": 5, \"4\": 1, \"5\": 4, \"7\": 3, \"9\": 2, \"10\": 9, \"11\": 6}, \"duration\": 450, \"game_counter\": 2}, {\"subs\": {\"in\": {\"9\": 7, \"11\": 8}, \"out\": {\"9\": 2, \"11\": 6}}, \"bench\": [2, 6], \"start\": 7.5, \"lineup\": {\"1\": 0, \"2\": 5, \"4\": 1, \"5\": 4, \"7\": 3, \"9\": 7, \"10\": 9, \"11\": 8}, \"duration\": 450, \"game_counter\": 2}, {\"bench\": [9, 7], \"start\": 0, \"lineup\": {\"1\": 0, \"2\": 3, \"4\": 1, \"5\": 8, \"7\": 5, \"9\": 6, \"10\": 4, \"11\": 2}, \"duration\": 450, \"game_counter\": 3}, {\"subs\": {\"in\": {\"7\": 7, \"9\": 9}, \"out\": {\"7\": 5, \"9\": 6}}, \"bench\": [6, 5], \"start\": 7.5, \"lineup\": {\"1\": 0, \"2\": 3, \"4\": 1, \"5\": 8, \"7\": 7, \"9\": 9, \"10\": 4, \"11\": 2}, \"duration\": 450, \"game_counter\": 3}, {\"bench\": [1, 3], \"start\": 0, \"lineup\": {\"1\": 0, \"2\": 6, \"4\": 8, \"5\": 4, \"7\": 7, \"9\": 9, \"10\": 5, \"11\": 2}, \"duration\": 450, \"game_counter\": 4}, {\"subs\": {\"in\": {\"5\": 3, \"11\": 1}, \"out\": {\"5\": 4, \"11\": 2}}, \"bench\": [4, 2], \"start\": 7.5, \"lineup\": {\"1\": 0, \"2\": 6, \"4\": 8, \"5\": 3, \"7\": 7, \"9\": 9, \"10\": 5, \"11\": 1}, \"duration\": 450, \"game_counter\": 4}]',1,NULL,'2026-04-20 11:49:30'),(19,NULL,'8v8_1gk_4x15',10,30009,NULL,'[{\"bench\": [9, 1], \"start\": 0, \"lineup\": {\"1\": 0, \"2\": 6, \"4\": 2, \"5\": 7, \"7\": 3, \"9\": 4, \"10\": 5, \"11\": 8}, \"duration\": 450, \"game_counter\": 1}, {\"subs\": {\"in\": {\"5\": 9, \"9\": 1}, \"out\": {\"5\": 7, \"9\": 4}}, \"bench\": [4, 7], \"start\": 7.5, \"lineup\": {\"1\": 0, \"2\": 6, \"4\": 2, \"5\": 9, \"7\": 3, \"9\": 1, \"10\": 5, \"11\": 8}, \"duration\": 450, \"game_counter\": 1}, {\"bench\": [2, 9], \"start\": 0, \"lineup\": {\"1\": 0, \"2\": 3, \"4\": 7, \"5\": 1, \"7\": 6, \"9\": 4, \"10\": 5, \"11\": 8}, \"duration\": 450, \"game_counter\": 2}, {\"subs\": {\"in\": {\"4\": 9, \"5\": 2}, \"out\": {\"4\": 7, \"5\": 1}}, \"bench\": [1, 7], \"start\": 7.5, \"lineup\": {\"1\": 0, \"2\": 3, \"4\": 9, \"5\": 2, \"7\": 6, \"9\": 4, \"10\": 5, \"11\": 8}, \"duration\": 450, \"game_counter\": 2}, {\"bench\": [3, 6], \"start\": 0, \"lineup\": {\"1\": 0, \"2\": 4, \"4\": 5, \"5\": 7, \"7\": 8, \"9\": 2, \"10\": 1, \"11\": 9}, \"duration\": 450, \"game_counter\": 3}, {\"subs\": {\"in\": {\"2\": 6, \"9\": 3}, \"out\": {\"2\": 4, \"9\": 2}}, \"bench\": [2, 4], \"start\": 7.5, \"lineup\": {\"1\": 0, \"2\": 6, \"4\": 5, \"5\": 7, \"7\": 8, \"9\": 3, \"10\": 1, \"11\": 9}, \"duration\": 450, \"game_counter\": 3}, {\"bench\": [6, 5], \"start\": 0, \"lineup\": {\"1\": 0, \"2\": 7, \"4\": 1, \"5\": 3, \"7\": 9, \"9\": 8, \"10\": 2, \"11\": 4}, \"duration\": 450, \"game_counter\": 4}, {\"subs\": {\"in\": {\"5\": 6, \"9\": 5}, \"out\": {\"5\": 3, \"9\": 8}}, \"bench\": [3, 8], \"start\": 7.5, \"lineup\": {\"1\": 0, \"2\": 7, \"4\": 1, \"5\": 6, \"7\": 9, \"9\": 5, \"10\": 2, \"11\": 4}, \"duration\": 450, \"game_counter\": 4}]',1,NULL,'2026-04-20 11:49:30'),(20,NULL,'8v8_1gk_4x15',10,30010,NULL,'[{\"bench\": [6, 8], \"start\": 0, \"lineup\": {\"1\": 0, \"2\": 3, \"4\": 2, \"5\": 1, \"7\": 5, \"9\": 4, \"10\": 9, \"11\": 7}, \"duration\": 450, \"game_counter\": 1}, {\"subs\": {\"in\": {\"5\": 8, \"7\": 6}, \"out\": {\"5\": 1, \"7\": 5}}, \"bench\": [1, 5], \"start\": 7.5, \"lineup\": {\"1\": 0, \"2\": 3, \"4\": 2, \"5\": 8, \"7\": 6, \"9\": 4, \"10\": 9, \"11\": 7}, \"duration\": 450, \"game_counter\": 1}, {\"bench\": [9, 3], \"start\": 0, \"lineup\": {\"1\": 0, \"2\": 2, \"4\": 7, \"5\": 4, \"7\": 6, \"9\": 5, \"10\": 8, \"11\": 1}, \"duration\": 450, \"game_counter\": 2}, {\"subs\": {\"in\": {\"5\": 3, \"10\": 9}, \"out\": {\"5\": 4, \"10\": 8}}, \"bench\": [8, 4], \"start\": 7.5, \"lineup\": {\"1\": 0, \"2\": 2, \"4\": 7, \"5\": 3, \"7\": 6, \"9\": 5, \"10\": 9, \"11\": 1}, \"duration\": 450, \"game_counter\": 2}, {\"bench\": [7, 2], \"start\": 0, \"lineup\": {\"1\": 0, \"2\": 8, \"4\": 5, \"5\": 6, \"7\": 9, \"9\": 3, \"10\": 1, \"11\": 4}, \"duration\": 450, \"game_counter\": 3}, {\"subs\": {\"in\": {\"5\": 2, \"7\": 7}, \"out\": {\"5\": 6, \"7\": 9}}, \"bench\": [9, 6], \"start\": 7.5, \"lineup\": {\"1\": 0, \"2\": 8, \"4\": 5, \"5\": 2, \"7\": 7, \"9\": 3, \"10\": 1, \"11\": 4}, \"duration\": 450, \"game_counter\": 3}, {\"bench\": [1, 4], \"start\": 0, \"lineup\": {\"1\": 0, \"2\": 6, \"4\": 5, \"5\": 8, \"7\": 7, \"9\": 9, \"10\": 3, \"11\": 2}, \"duration\": 450, \"game_counter\": 4}, {\"subs\": {\"in\": {\"4\": 4, \"7\": 1}, \"out\": {\"4\": 5, \"7\": 7}}, \"bench\": [7, 5], \"start\": 7.5, \"lineup\": {\"1\": 0, \"2\": 6, \"4\": 4, \"5\": 8, \"7\": 1, \"9\": 9, \"10\": 3, \"11\": 2}, \"duration\": 450, \"game_counter\": 4}]',1,NULL,'2026-04-20 11:49:30'),(21,NULL,'8v8_1gk_4x15',10,30011,NULL,'[{\"bench\": [8, 5], \"start\": 0, \"lineup\": {\"1\": 0, \"2\": 4, \"4\": 9, \"5\": 3, \"7\": 7, \"9\": 6, \"10\": 1, \"11\": 2}, \"duration\": 450, \"game_counter\": 1}, {\"subs\": {\"in\": {\"5\": 5, \"10\": 8}, \"out\": {\"5\": 3, \"10\": 1}}, \"bench\": [3, 1], \"start\": 7.5, \"lineup\": {\"1\": 0, \"2\": 4, \"4\": 9, \"5\": 5, \"7\": 7, \"9\": 6, \"10\": 8, \"11\": 2}, \"duration\": 450, \"game_counter\": 1}, {\"bench\": [4, 8], \"start\": 0, \"lineup\": {\"1\": 0, \"2\": 3, \"4\": 1, \"5\": 5, \"7\": 7, \"9\": 6, \"10\": 9, \"11\": 2}, \"duration\": 450, \"game_counter\": 2}, {\"subs\": {\"in\": {\"9\": 4, \"11\": 8}, \"out\": {\"9\": 6, \"11\": 2}}, \"bench\": [6, 2], \"start\": 7.5, \"lineup\": {\"1\": 0, \"2\": 3, \"4\": 1, \"5\": 5, \"7\": 7, \"9\": 4, \"10\": 9, \"11\": 8}, \"duration\": 450, \"game_counter\": 2}, {\"bench\": [9, 5], \"start\": 0, \"lineup\": {\"1\": 0, \"2\": 6, \"4\": 2, \"5\": 1, \"7\": 8, \"9\": 3, \"10\": 4, \"11\": 7}, \"duration\": 450, \"game_counter\": 3}, {\"subs\": {\"in\": {\"2\": 5, \"10\": 9}, \"out\": {\"2\": 6, \"10\": 4}}, \"bench\": [6, 4], \"start\": 7.5, \"lineup\": {\"1\": 0, \"2\": 5, \"4\": 2, \"5\": 1, \"7\": 8, \"9\": 3, \"10\": 9, \"11\": 7}, \"duration\": 450, \"game_counter\": 3}, {\"bench\": [1, 3], \"start\": 0, \"lineup\": {\"1\": 0, \"2\": 7, \"4\": 8, \"5\": 4, \"7\": 2, \"9\": 9, \"10\": 5, \"11\": 6}, \"duration\": 450, \"game_counter\": 4}, {\"subs\": {\"in\": {\"2\": 3, \"7\": 1}, \"out\": {\"2\": 7, \"7\": 2}}, \"bench\": [2, 7], \"start\": 7.5, \"lineup\": {\"1\": 0, \"2\": 3, \"4\": 8, \"5\": 4, \"7\": 1, \"9\": 9, \"10\": 5, \"11\": 6}, \"duration\": 450, \"game_counter\": 4}]',1,NULL,'2026-04-20 11:49:30'),(22,NULL,'8v8_1gk_4x15',10,30012,NULL,'[{\"bench\": [8, 9], \"start\": 0, \"lineup\": {\"1\": 0, \"2\": 1, \"4\": 3, \"5\": 2, \"7\": 6, \"9\": 5, \"10\": 7, \"11\": 4}, \"duration\": 450, \"game_counter\": 1}, {\"subs\": {\"in\": {\"4\": 9, \"9\": 8}, \"out\": {\"4\": 3, \"9\": 5}}, \"bench\": [5, 3], \"start\": 7.5, \"lineup\": {\"1\": 0, \"2\": 1, \"4\": 9, \"5\": 2, \"7\": 6, \"9\": 8, \"10\": 7, \"11\": 4}, \"duration\": 450, \"game_counter\": 1}, {\"bench\": [4, 7], \"start\": 0, \"lineup\": {\"1\": 0, \"2\": 8, \"4\": 6, \"5\": 9, \"7\": 2, \"9\": 1, \"10\": 5, \"11\": 3}, \"duration\": 450, \"game_counter\": 2}, {\"subs\": {\"in\": {\"4\": 4, \"11\": 7}, \"out\": {\"4\": 6, \"11\": 3}}, \"bench\": [3, 6], \"start\": 7.5, \"lineup\": {\"1\": 0, \"2\": 8, \"4\": 4, \"5\": 9, \"7\": 2, \"9\": 1, \"10\": 5, \"11\": 7}, \"duration\": 450, \"game_counter\": 2}, {\"bench\": [5, 2], \"start\": 0, \"lineup\": {\"1\": 0, \"2\": 1, \"4\": 3, \"5\": 7, \"7\": 8, \"9\": 9, \"10\": 6, \"11\": 4}, \"duration\": 450, \"game_counter\": 3}, {\"subs\": {\"in\": {\"9\": 5, \"11\": 2}, \"out\": {\"9\": 9, \"11\": 4}}, \"bench\": [4, 9], \"start\": 7.5, \"lineup\": {\"1\": 0, \"2\": 1, \"4\": 3, \"5\": 7, \"7\": 8, \"9\": 5, \"10\": 6, \"11\": 2}, \"duration\": 450, \"game_counter\": 3}, {\"bench\": [6, 8], \"start\": 0, \"lineup\": {\"1\": 0, \"2\": 5, \"4\": 1, \"5\": 3, \"7\": 7, \"9\": 2, \"10\": 4, \"11\": 9}, \"duration\": 450, \"game_counter\": 4}, {\"subs\": {\"in\": {\"4\": 6, \"9\": 8}, \"out\": {\"4\": 1, \"9\": 2}}, \"bench\": [2, 1], \"start\": 7.5, \"lineup\": {\"1\": 0, \"2\": 5, \"4\": 6, \"5\": 3, \"7\": 7, \"9\": 8, \"10\": 4, \"11\": 9}, \"duration\": 450, \"game_counter\": 4}]',1,NULL,'2026-04-20 11:49:30'),(23,NULL,'8v8_1gk_4x15',10,30013,NULL,'[{\"bench\": [3, 1], \"start\": 0, \"lineup\": {\"1\": 0, \"2\": 4, \"4\": 5, \"5\": 8, \"7\": 7, \"9\": 6, \"10\": 2, \"11\": 9}, \"duration\": 450, \"game_counter\": 1}, {\"subs\": {\"in\": {\"4\": 1, \"11\": 3}, \"out\": {\"4\": 5, \"11\": 9}}, \"bench\": [9, 5], \"start\": 7.5, \"lineup\": {\"1\": 0, \"2\": 4, \"4\": 1, \"5\": 8, \"7\": 7, \"9\": 6, \"10\": 2, \"11\": 3}, \"duration\": 450, \"game_counter\": 1}, {\"bench\": [7, 6], \"start\": 0, \"lineup\": {\"1\": 0, \"2\": 3, \"4\": 9, \"5\": 2, \"7\": 5, \"9\": 1, \"10\": 8, \"11\": 4}, \"duration\": 450, \"game_counter\": 2}, {\"subs\": {\"in\": {\"9\": 6, \"11\": 7}, \"out\": {\"9\": 1, \"11\": 4}}, \"bench\": [4, 1], \"start\": 7.5, \"lineup\": {\"1\": 0, \"2\": 3, \"4\": 9, \"5\": 2, \"7\": 5, \"9\": 6, \"10\": 8, \"11\": 7}, \"duration\": 450, \"game_counter\": 2}, {\"bench\": [6, 5], \"start\": 0, \"lineup\": {\"1\": 0, \"2\": 1, \"4\": 9, \"5\": 2, \"7\": 8, \"9\": 7, \"10\": 3, \"11\": 4}, \"duration\": 450, \"game_counter\": 3}, {\"subs\": {\"in\": {\"4\": 5, \"11\": 6}, \"out\": {\"4\": 9, \"11\": 4}}, \"bench\": [9, 4], \"start\": 7.5, \"lineup\": {\"1\": 0, \"2\": 1, \"4\": 5, \"5\": 2, \"7\": 8, \"9\": 7, \"10\": 3, \"11\": 6}, \"duration\": 450, \"game_counter\": 3}, {\"bench\": [3, 8], \"start\": 0, \"lineup\": {\"1\": 0, \"2\": 6, \"4\": 1, \"5\": 9, \"7\": 4, \"9\": 5, \"10\": 7, \"11\": 2}, \"duration\": 450, \"game_counter\": 4}, {\"subs\": {\"in\": {\"10\": 8, \"11\": 3}, \"out\": {\"10\": 7, \"11\": 2}}, \"bench\": [2, 7], \"start\": 7.5, \"lineup\": {\"1\": 0, \"2\": 6, \"4\": 1, \"5\": 9, \"7\": 4, \"9\": 5, \"10\": 8, \"11\": 3}, \"duration\": 450, \"game_counter\": 4}]',1,NULL,'2026-04-20 11:49:30'),(24,NULL,'8v8_1gk_4x15',10,30014,NULL,'[{\"bench\": [7, 3], \"start\": 0, \"lineup\": {\"1\": 0, \"2\": 4, \"4\": 9, \"5\": 6, \"7\": 5, \"9\": 2, \"10\": 8, \"11\": 1}, \"duration\": 450, \"game_counter\": 1}, {\"subs\": {\"in\": {\"2\": 7, \"5\": 3}, \"out\": {\"2\": 4, \"5\": 6}}, \"bench\": [6, 4], \"start\": 7.5, \"lineup\": {\"1\": 0, \"2\": 7, \"4\": 9, \"5\": 3, \"7\": 5, \"9\": 2, \"10\": 8, \"11\": 1}, \"duration\": 450, \"game_counter\": 1}, {\"bench\": [2, 9], \"start\": 0, \"lineup\": {\"1\": 0, \"2\": 6, \"4\": 8, \"5\": 3, \"7\": 4, \"9\": 1, \"10\": 5, \"11\": 7}, \"duration\": 450, \"game_counter\": 2}, {\"subs\": {\"in\": {\"5\": 9, \"7\": 2}, \"out\": {\"5\": 3, \"7\": 4}}, \"bench\": [4, 3], \"start\": 7.5, \"lineup\": {\"1\": 0, \"2\": 6, \"4\": 8, \"5\": 9, \"7\": 2, \"9\": 1, \"10\": 5, \"11\": 7}, \"duration\": 450, \"game_counter\": 2}, {\"bench\": [8, 9], \"start\": 0, \"lineup\": {\"1\": 0, \"2\": 3, \"4\": 6, \"5\": 4, \"7\": 5, \"9\": 7, \"10\": 1, \"11\": 2}, \"duration\": 450, \"game_counter\": 3}, {\"subs\": {\"in\": {\"7\": 8, \"10\": 9}, \"out\": {\"7\": 5, \"10\": 1}}, \"bench\": [1, 5], \"start\": 7.5, \"lineup\": {\"1\": 0, \"2\": 3, \"4\": 6, \"5\": 4, \"7\": 8, \"9\": 7, \"10\": 9, \"11\": 2}, \"duration\": 450, \"game_counter\": 3}, {\"bench\": [8, 6], \"start\": 0, \"lineup\": {\"1\": 0, \"2\": 4, \"4\": 2, \"5\": 5, \"7\": 9, \"9\": 1, \"10\": 3, \"11\": 7}, \"duration\": 450, \"game_counter\": 4}, {\"subs\": {\"in\": {\"4\": 6, \"9\": 8}, \"out\": {\"4\": 2, \"9\": 1}}, \"bench\": [2, 1], \"start\": 7.5, \"lineup\": {\"1\": 0, \"2\": 4, \"4\": 6, \"5\": 5, \"7\": 9, \"9\": 8, \"10\": 3, \"11\": 7}, \"duration\": 450, \"game_counter\": 4}]',1,NULL,'2026-04-20 11:49:30'),(25,NULL,'8v8_1gk_4x15',10,30015,NULL,'[{\"bench\": [8, 2], \"start\": 0, \"lineup\": {\"1\": 0, \"2\": 7, \"4\": 3, \"5\": 6, \"7\": 4, \"9\": 5, \"10\": 9, \"11\": 1}, \"duration\": 450, \"game_counter\": 1}, {\"subs\": {\"in\": {\"4\": 2, \"5\": 8}, \"out\": {\"4\": 3, \"5\": 6}}, \"bench\": [6, 3], \"start\": 7.5, \"lineup\": {\"1\": 0, \"2\": 7, \"4\": 2, \"5\": 8, \"7\": 4, \"9\": 5, \"10\": 9, \"11\": 1}, \"duration\": 450, \"game_counter\": 1}, {\"bench\": [4, 5], \"start\": 0, \"lineup\": {\"1\": 0, \"2\": 9, \"4\": 6, \"5\": 8, \"7\": 3, \"9\": 1, \"10\": 2, \"11\": 7}, \"duration\": 450, \"game_counter\": 2}, {\"subs\": {\"in\": {\"2\": 4, \"11\": 5}, \"out\": {\"2\": 9, \"11\": 7}}, \"bench\": [7, 9], \"start\": 7.5, \"lineup\": {\"1\": 0, \"2\": 4, \"4\": 6, \"5\": 8, \"7\": 3, \"9\": 1, \"10\": 2, \"11\": 5}, \"duration\": 450, \"game_counter\": 2}, {\"bench\": [4, 2], \"start\": 0, \"lineup\": {\"1\": 0, \"2\": 3, \"4\": 6, \"5\": 7, \"7\": 1, \"9\": 9, \"10\": 5, \"11\": 8}, \"duration\": 450, \"game_counter\": 3}, {\"subs\": {\"in\": {\"2\": 4, \"10\": 2}, \"out\": {\"2\": 3, \"10\": 5}}, \"bench\": [5, 3], \"start\": 7.5, \"lineup\": {\"1\": 0, \"2\": 4, \"4\": 6, \"5\": 7, \"7\": 1, \"9\": 9, \"10\": 2, \"11\": 8}, \"duration\": 450, \"game_counter\": 3}, {\"bench\": [1, 6], \"start\": 0, \"lineup\": {\"1\": 0, \"2\": 9, \"4\": 7, \"5\": 2, \"7\": 8, \"9\": 5, \"10\": 3, \"11\": 4}, \"duration\": 450, \"game_counter\": 4}, {\"subs\": {\"in\": {\"2\": 6, \"4\": 1}, \"out\": {\"2\": 9, \"4\": 7}}, \"bench\": [9, 7], \"start\": 7.5, \"lineup\": {\"1\": 0, \"2\": 6, \"4\": 1, \"5\": 2, \"7\": 8, \"9\": 5, \"10\": 3, \"11\": 4}, \"duration\": 450, \"game_counter\": 4}]',1,NULL,'2026-04-20 11:49:30'),(26,NULL,'8v8_1gk_4x15',10,30016,NULL,'[{\"bench\": [7, 5], \"start\": 0, \"lineup\": {\"1\": 0, \"2\": 6, \"4\": 1, \"5\": 3, \"7\": 8, \"9\": 9, \"10\": 4, \"11\": 2}, \"duration\": 450, \"game_counter\": 1}, {\"subs\": {\"in\": {\"4\": 5, \"10\": 7}, \"out\": {\"4\": 1, \"10\": 4}}, \"bench\": [1, 4], \"start\": 7.5, \"lineup\": {\"1\": 0, \"2\": 6, \"4\": 5, \"5\": 3, \"7\": 8, \"9\": 9, \"10\": 7, \"11\": 2}, \"duration\": 450, \"game_counter\": 1}, {\"bench\": [3, 8], \"start\": 0, \"lineup\": {\"1\": 0, \"2\": 2, \"4\": 4, \"5\": 5, \"7\": 7, \"9\": 1, \"10\": 9, \"11\": 6}, \"duration\": 450, \"game_counter\": 2}, {\"subs\": {\"in\": {\"4\": 3, \"11\": 8}, \"out\": {\"4\": 4, \"11\": 6}}, \"bench\": [4, 6], \"start\": 7.5, \"lineup\": {\"1\": 0, \"2\": 2, \"4\": 3, \"5\": 5, \"7\": 7, \"9\": 1, \"10\": 9, \"11\": 8}, \"duration\": 450, \"game_counter\": 2}, {\"bench\": [9, 2], \"start\": 0, \"lineup\": {\"1\": 0, \"2\": 6, \"4\": 8, \"5\": 7, \"7\": 4, \"9\": 3, \"10\": 1, \"11\": 5}, \"duration\": 450, \"game_counter\": 3}, {\"subs\": {\"in\": {\"4\": 9, \"11\": 2}, \"out\": {\"4\": 8, \"11\": 5}}, \"bench\": [5, 8], \"start\": 7.5, \"lineup\": {\"1\": 0, \"2\": 6, \"4\": 9, \"5\": 7, \"7\": 4, \"9\": 3, \"10\": 1, \"11\": 2}, \"duration\": 450, \"game_counter\": 3}, {\"bench\": [2, 7], \"start\": 0, \"lineup\": {\"1\": 0, \"2\": 1, \"4\": 4, \"5\": 3, \"7\": 6, \"9\": 8, \"10\": 9, \"11\": 5}, \"duration\": 450, \"game_counter\": 4}, {\"subs\": {\"in\": {\"2\": 7, \"5\": 2}, \"out\": {\"2\": 1, \"5\": 3}}, \"bench\": [1, 3], \"start\": 7.5, \"lineup\": {\"1\": 0, \"2\": 7, \"4\": 4, \"5\": 2, \"7\": 6, \"9\": 8, \"10\": 9, \"11\": 5}, \"duration\": 450, \"game_counter\": 4}]',1,NULL,'2026-04-20 11:49:30'),(27,NULL,'8v8_1gk_4x15',10,30017,NULL,'[{\"bench\": [1, 2], \"start\": 0, \"lineup\": {\"1\": 0, \"2\": 9, \"4\": 4, \"5\": 5, \"7\": 3, \"9\": 7, \"10\": 6, \"11\": 8}, \"duration\": 450, \"game_counter\": 1}, {\"subs\": {\"in\": {\"5\": 1, \"10\": 2}, \"out\": {\"5\": 5, \"10\": 6}}, \"bench\": [6, 5], \"start\": 7.5, \"lineup\": {\"1\": 0, \"2\": 9, \"4\": 4, \"5\": 1, \"7\": 3, \"9\": 7, \"10\": 2, \"11\": 8}, \"duration\": 450, \"game_counter\": 1}, {\"bench\": [2, 3], \"start\": 0, \"lineup\": {\"1\": 0, \"2\": 4, \"4\": 8, \"5\": 1, \"7\": 6, \"9\": 9, \"10\": 7, \"11\": 5}, \"duration\": 450, \"game_counter\": 2}, {\"subs\": {\"in\": {\"2\": 3, \"10\": 2}, \"out\": {\"2\": 4, \"10\": 7}}, \"bench\": [4, 7], \"start\": 7.5, \"lineup\": {\"1\": 0, \"2\": 3, \"4\": 8, \"5\": 1, \"7\": 6, \"9\": 9, \"10\": 2, \"11\": 5}, \"duration\": 450, \"game_counter\": 2}, {\"bench\": [9, 3], \"start\": 0, \"lineup\": {\"1\": 0, \"2\": 8, \"4\": 7, \"5\": 2, \"7\": 1, \"9\": 4, \"10\": 5, \"11\": 6}, \"duration\": 450, \"game_counter\": 3}, {\"subs\": {\"in\": {\"2\": 3, \"10\": 9}, \"out\": {\"2\": 8, \"10\": 5}}, \"bench\": [8, 5], \"start\": 7.5, \"lineup\": {\"1\": 0, \"2\": 3, \"4\": 7, \"5\": 2, \"7\": 1, \"9\": 4, \"10\": 9, \"11\": 6}, \"duration\": 450, \"game_counter\": 3}, {\"bench\": [9, 6], \"start\": 0, \"lineup\": {\"1\": 0, \"2\": 8, \"4\": 1, \"5\": 7, \"7\": 5, \"9\": 2, \"10\": 3, \"11\": 4}, \"duration\": 450, \"game_counter\": 4}, {\"subs\": {\"in\": {\"5\": 9, \"11\": 6}, \"out\": {\"5\": 7, \"11\": 4}}, \"bench\": [7, 4], \"start\": 7.5, \"lineup\": {\"1\": 0, \"2\": 8, \"4\": 1, \"5\": 9, \"7\": 5, \"9\": 2, \"10\": 3, \"11\": 6}, \"duration\": 450, \"game_counter\": 4}]',1,NULL,'2026-04-20 11:49:30'),(28,NULL,'8v8_1gk_4x15',10,30018,NULL,'[{\"bench\": [5, 6], \"start\": 0, \"lineup\": {\"1\": 0, \"2\": 2, \"4\": 9, \"5\": 8, \"7\": 1, \"9\": 7, \"10\": 4, \"11\": 3}, \"duration\": 450, \"game_counter\": 1}, {\"subs\": {\"in\": {\"4\": 6, \"5\": 5}, \"out\": {\"4\": 9, \"5\": 8}}, \"bench\": [9, 8], \"start\": 7.5, \"lineup\": {\"1\": 0, \"2\": 2, \"4\": 6, \"5\": 5, \"7\": 1, \"9\": 7, \"10\": 4, \"11\": 3}, \"duration\": 450, \"game_counter\": 1}, {\"bench\": [4, 1], \"start\": 0, \"lineup\": {\"1\": 0, \"2\": 7, \"4\": 3, \"5\": 2, \"7\": 8, \"9\": 5, \"10\": 9, \"11\": 6}, \"duration\": 450, \"game_counter\": 2}, {\"subs\": {\"in\": {\"4\": 1, \"5\": 4}, \"out\": {\"4\": 3, \"5\": 2}}, \"bench\": [2, 3], \"start\": 7.5, \"lineup\": {\"1\": 0, \"2\": 7, \"4\": 1, \"5\": 4, \"7\": 8, \"9\": 5, \"10\": 9, \"11\": 6}, \"duration\": 450, \"game_counter\": 2}, {\"bench\": [7, 6], \"start\": 0, \"lineup\": {\"1\": 0, \"2\": 3, \"4\": 4, \"5\": 2, \"7\": 5, \"9\": 9, \"10\": 8, \"11\": 1}, \"duration\": 450, \"game_counter\": 3}, {\"subs\": {\"in\": {\"9\": 6, \"11\": 7}, \"out\": {\"9\": 9, \"11\": 1}}, \"bench\": [9, 1], \"start\": 7.5, \"lineup\": {\"1\": 0, \"2\": 3, \"4\": 4, \"5\": 2, \"7\": 5, \"9\": 6, \"10\": 8, \"11\": 7}, \"duration\": 450, \"game_counter\": 3}, {\"bench\": [3, 4], \"start\": 0, \"lineup\": {\"1\": 0, \"2\": 9, \"4\": 7, \"5\": 1, \"7\": 5, \"9\": 8, \"10\": 6, \"11\": 2}, \"duration\": 450, \"game_counter\": 4}, {\"subs\": {\"in\": {\"7\": 4, \"9\": 3}, \"out\": {\"7\": 5, \"9\": 8}}, \"bench\": [5, 8], \"start\": 7.5, \"lineup\": {\"1\": 0, \"2\": 9, \"4\": 7, \"5\": 1, \"7\": 4, \"9\": 3, \"10\": 6, \"11\": 2}, \"duration\": 450, \"game_counter\": 4}]',1,NULL,'2026-04-20 11:49:30'),(29,NULL,'8v8_1gk_4x15',10,30019,NULL,'[{\"bench\": [8, 2], \"start\": 0, \"lineup\": {\"1\": 0, \"2\": 3, \"4\": 4, \"5\": 6, \"7\": 9, \"9\": 7, \"10\": 5, \"11\": 1}, \"duration\": 450, \"game_counter\": 1}, {\"subs\": {\"in\": {\"2\": 8, \"4\": 2}, \"out\": {\"2\": 3, \"4\": 4}}, \"bench\": [4, 3], \"start\": 7.5, \"lineup\": {\"1\": 0, \"2\": 8, \"4\": 2, \"5\": 6, \"7\": 9, \"9\": 7, \"10\": 5, \"11\": 1}, \"duration\": 450, \"game_counter\": 1}, {\"bench\": [6, 7], \"start\": 0, \"lineup\": {\"1\": 0, \"2\": 3, \"4\": 8, \"5\": 5, \"7\": 9, \"9\": 2, \"10\": 1, \"11\": 4}, \"duration\": 450, \"game_counter\": 2}, {\"subs\": {\"in\": {\"5\": 7, \"10\": 6}, \"out\": {\"5\": 5, \"10\": 1}}, \"bench\": [1, 5], \"start\": 7.5, \"lineup\": {\"1\": 0, \"2\": 3, \"4\": 8, \"5\": 7, \"7\": 9, \"9\": 2, \"10\": 6, \"11\": 4}, \"duration\": 450, \"game_counter\": 2}, {\"bench\": [9, 7], \"start\": 0, \"lineup\": {\"1\": 0, \"2\": 5, \"4\": 1, \"5\": 8, \"7\": 4, \"9\": 6, \"10\": 2, \"11\": 3}, \"duration\": 450, \"game_counter\": 3}, {\"subs\": {\"in\": {\"10\": 9, \"11\": 7}, \"out\": {\"10\": 2, \"11\": 3}}, \"bench\": [2, 3], \"start\": 7.5, \"lineup\": {\"1\": 0, \"2\": 5, \"4\": 1, \"5\": 8, \"7\": 4, \"9\": 6, \"10\": 9, \"11\": 7}, \"duration\": 450, \"game_counter\": 3}, {\"bench\": [6, 8], \"start\": 0, \"lineup\": {\"1\": 0, \"2\": 2, \"4\": 5, \"5\": 1, \"7\": 7, \"9\": 3, \"10\": 4, \"11\": 9}, \"duration\": 450, \"game_counter\": 4}, {\"subs\": {\"in\": {\"5\": 6, \"10\": 8}, \"out\": {\"5\": 1, \"10\": 4}}, \"bench\": [4, 1], \"start\": 7.5, \"lineup\": {\"1\": 0, \"2\": 2, \"4\": 5, \"5\": 6, \"7\": 7, \"9\": 3, \"10\": 8, \"11\": 9}, \"duration\": 450, \"game_counter\": 4}]',1,NULL,'2026-04-20 11:49:30'),(30,NULL,'8v8_1gk_4x15',10,30020,NULL,'[{\"bench\": [8, 2], \"start\": 0, \"lineup\": {\"1\": 0, \"2\": 7, \"4\": 4, \"5\": 5, \"7\": 6, \"9\": 3, \"10\": 1, \"11\": 9}, \"duration\": 450, \"game_counter\": 1}, {\"subs\": {\"in\": {\"2\": 2, \"10\": 8}, \"out\": {\"2\": 7, \"10\": 1}}, \"bench\": [1, 7], \"start\": 7.5, \"lineup\": {\"1\": 0, \"2\": 2, \"4\": 4, \"5\": 5, \"7\": 6, \"9\": 3, \"10\": 8, \"11\": 9}, \"duration\": 450, \"game_counter\": 1}, {\"bench\": [9, 5], \"start\": 0, \"lineup\": {\"1\": 0, \"2\": 4, \"4\": 3, \"5\": 6, \"7\": 8, \"9\": 1, \"10\": 7, \"11\": 2}, \"duration\": 450, \"game_counter\": 2}, {\"subs\": {\"in\": {\"2\": 5, \"5\": 9}, \"out\": {\"2\": 4, \"5\": 6}}, \"bench\": [4, 6], \"start\": 7.5, \"lineup\": {\"1\": 0, \"2\": 5, \"4\": 3, \"5\": 9, \"7\": 8, \"9\": 1, \"10\": 7, \"11\": 2}, \"duration\": 450, \"game_counter\": 2}, {\"bench\": [2, 5], \"start\": 0, \"lineup\": {\"1\": 0, \"2\": 6, \"4\": 9, \"5\": 8, \"7\": 3, \"9\": 7, \"10\": 4, \"11\": 1}, \"duration\": 450, \"game_counter\": 3}, {\"subs\": {\"in\": {\"2\": 2, \"11\": 5}, \"out\": {\"2\": 6, \"11\": 1}}, \"bench\": [6, 1], \"start\": 7.5, \"lineup\": {\"1\": 0, \"2\": 2, \"4\": 9, \"5\": 8, \"7\": 3, \"9\": 7, \"10\": 4, \"11\": 5}, \"duration\": 450, \"game_counter\": 3}, {\"bench\": [8, 9], \"start\": 0, \"lineup\": {\"1\": 0, \"2\": 6, \"4\": 1, \"5\": 4, \"7\": 3, \"9\": 2, \"10\": 7, \"11\": 5}, \"duration\": 450, \"game_counter\": 4}, {\"subs\": {\"in\": {\"7\": 9, \"10\": 8}, \"out\": {\"7\": 3, \"10\": 7}}, \"bench\": [7, 3], \"start\": 7.5, \"lineup\": {\"1\": 0, \"2\": 6, \"4\": 1, \"5\": 4, \"7\": 9, \"9\": 2, \"10\": 8, \"11\": 5}, \"duration\": 450, \"game_counter\": 4}]',1,NULL,'2026-04-20 11:49:30'),(31,NULL,'8v8_1gk_4x15',10,30021,NULL,'[{\"bench\": [2, 4], \"start\": 0, \"lineup\": {\"1\": 0, \"2\": 8, \"4\": 6, \"5\": 1, \"7\": 5, \"9\": 3, \"10\": 9, \"11\": 7}, \"duration\": 450, \"game_counter\": 1}, {\"subs\": {\"in\": {\"7\": 2, \"10\": 4}, \"out\": {\"7\": 5, \"10\": 9}}, \"bench\": [5, 9], \"start\": 7.5, \"lineup\": {\"1\": 0, \"2\": 8, \"4\": 6, \"5\": 1, \"7\": 2, \"9\": 3, \"10\": 4, \"11\": 7}, \"duration\": 450, \"game_counter\": 1}, {\"bench\": [1, 8], \"start\": 0, \"lineup\": {\"1\": 0, \"2\": 4, \"4\": 5, \"5\": 2, \"7\": 9, \"9\": 6, \"10\": 7, \"11\": 3}, \"duration\": 450, \"game_counter\": 2}, {\"subs\": {\"in\": {\"2\": 1, \"10\": 8}, \"out\": {\"2\": 4, \"10\": 7}}, \"bench\": [7, 4], \"start\": 7.5, \"lineup\": {\"1\": 0, \"2\": 1, \"4\": 5, \"5\": 2, \"7\": 9, \"9\": 6, \"10\": 8, \"11\": 3}, \"duration\": 450, \"game_counter\": 2}, {\"bench\": [9, 5], \"start\": 0, \"lineup\": {\"1\": 0, \"2\": 4, \"4\": 2, \"5\": 6, \"7\": 7, \"9\": 8, \"10\": 1, \"11\": 3}, \"duration\": 450, \"game_counter\": 3}, {\"subs\": {\"in\": {\"4\": 5, \"5\": 9}, \"out\": {\"4\": 2, \"5\": 6}}, \"bench\": [2, 6], \"start\": 7.5, \"lineup\": {\"1\": 0, \"2\": 4, \"4\": 5, \"5\": 9, \"7\": 7, \"9\": 8, \"10\": 1, \"11\": 3}, \"duration\": 450, \"game_counter\": 3}, {\"bench\": [1, 7], \"start\": 0, \"lineup\": {\"1\": 0, \"2\": 6, \"4\": 9, \"5\": 5, \"7\": 8, \"9\": 4, \"10\": 3, \"11\": 2}, \"duration\": 450, \"game_counter\": 4}, {\"subs\": {\"in\": {\"7\": 1, \"10\": 7}, \"out\": {\"7\": 8, \"10\": 3}}, \"bench\": [8, 3], \"start\": 7.5, \"lineup\": {\"1\": 0, \"2\": 6, \"4\": 9, \"5\": 5, \"7\": 1, \"9\": 4, \"10\": 7, \"11\": 2}, \"duration\": 450, \"game_counter\": 4}]',1,NULL,'2026-04-20 11:49:30'),(32,NULL,'8v8_1gk_4x15',10,30022,NULL,'[{\"bench\": [9, 6], \"start\": 0, \"lineup\": {\"1\": 0, \"2\": 4, \"4\": 7, \"5\": 8, \"7\": 1, \"9\": 3, \"10\": 5, \"11\": 2}, \"duration\": 450, \"game_counter\": 1}, {\"subs\": {\"in\": {\"7\": 6, \"9\": 9}, \"out\": {\"7\": 1, \"9\": 3}}, \"bench\": [1, 3], \"start\": 7.5, \"lineup\": {\"1\": 0, \"2\": 4, \"4\": 7, \"5\": 8, \"7\": 6, \"9\": 9, \"10\": 5, \"11\": 2}, \"duration\": 450, \"game_counter\": 1}, {\"bench\": [8, 7], \"start\": 0, \"lineup\": {\"1\": 0, \"2\": 3, \"4\": 4, \"5\": 1, \"7\": 6, \"9\": 9, \"10\": 5, \"11\": 2}, \"duration\": 450, \"game_counter\": 2}, {\"subs\": {\"in\": {\"4\": 8, \"7\": 7}, \"out\": {\"4\": 4, \"7\": 6}}, \"bench\": [4, 6], \"start\": 7.5, \"lineup\": {\"1\": 0, \"2\": 3, \"4\": 8, \"5\": 1, \"7\": 7, \"9\": 9, \"10\": 5, \"11\": 2}, \"duration\": 450, \"game_counter\": 2}, {\"bench\": [2, 3], \"start\": 0, \"lineup\": {\"1\": 0, \"2\": 7, \"4\": 4, \"5\": 9, \"7\": 5, \"9\": 8, \"10\": 1, \"11\": 6}, \"duration\": 450, \"game_counter\": 3}, {\"subs\": {\"in\": {\"5\": 2, \"7\": 3}, \"out\": {\"5\": 9, \"7\": 5}}, \"bench\": [5, 9], \"start\": 7.5, \"lineup\": {\"1\": 0, \"2\": 7, \"4\": 4, \"5\": 2, \"7\": 3, \"9\": 8, \"10\": 1, \"11\": 6}, \"duration\": 450, \"game_counter\": 3}, {\"bench\": [4, 1], \"start\": 0, \"lineup\": {\"1\": 0, \"2\": 9, \"4\": 8, \"5\": 3, \"7\": 2, \"9\": 6, \"10\": 7, \"11\": 5}, \"duration\": 450, \"game_counter\": 4}, {\"subs\": {\"in\": {\"4\": 1, \"10\": 4}, \"out\": {\"4\": 8, \"10\": 7}}, \"bench\": [7, 8], \"start\": 7.5, \"lineup\": {\"1\": 0, \"2\": 9, \"4\": 1, \"5\": 3, \"7\": 2, \"9\": 6, \"10\": 4, \"11\": 5}, \"duration\": 450, \"game_counter\": 4}]',1,NULL,'2026-04-20 11:49:30'),(33,NULL,'8v8_1gk_4x15',10,30023,NULL,'[{\"bench\": [3, 9], \"start\": 0, \"lineup\": {\"1\": 0, \"2\": 4, \"4\": 8, \"5\": 1, \"7\": 5, \"9\": 6, \"10\": 7, \"11\": 2}, \"duration\": 450, \"game_counter\": 1}, {\"subs\": {\"in\": {\"2\": 3, \"4\": 9}, \"out\": {\"2\": 4, \"4\": 8}}, \"bench\": [4, 8], \"start\": 7.5, \"lineup\": {\"1\": 0, \"2\": 3, \"4\": 9, \"5\": 1, \"7\": 5, \"9\": 6, \"10\": 7, \"11\": 2}, \"duration\": 450, \"game_counter\": 1}, {\"bench\": [5, 2], \"start\": 0, \"lineup\": {\"1\": 0, \"2\": 8, \"4\": 3, \"5\": 7, \"7\": 4, \"9\": 6, \"10\": 9, \"11\": 1}, \"duration\": 450, \"game_counter\": 2}, {\"subs\": {\"in\": {\"5\": 5, \"9\": 2}, \"out\": {\"5\": 7, \"9\": 6}}, \"bench\": [7, 6], \"start\": 7.5, \"lineup\": {\"1\": 0, \"2\": 8, \"4\": 3, \"5\": 5, \"7\": 4, \"9\": 2, \"10\": 9, \"11\": 1}, \"duration\": 450, \"game_counter\": 2}, {\"bench\": [4, 3], \"start\": 0, \"lineup\": {\"1\": 0, \"2\": 5, \"4\": 8, \"5\": 1, \"7\": 7, \"9\": 2, \"10\": 9, \"11\": 6}, \"duration\": 450, \"game_counter\": 3}, {\"subs\": {\"in\": {\"5\": 3, \"9\": 4}, \"out\": {\"5\": 1, \"9\": 2}}, \"bench\": [2, 1], \"start\": 7.5, \"lineup\": {\"1\": 0, \"2\": 5, \"4\": 8, \"5\": 3, \"7\": 7, \"9\": 4, \"10\": 9, \"11\": 6}, \"duration\": 450, \"game_counter\": 3}, {\"bench\": [8, 6], \"start\": 0, \"lineup\": {\"1\": 0, \"2\": 7, \"4\": 2, \"5\": 3, \"7\": 1, \"9\": 9, \"10\": 5, \"11\": 4}, \"duration\": 450, \"game_counter\": 4}, {\"subs\": {\"in\": {\"9\": 8, \"10\": 6}, \"out\": {\"9\": 9, \"10\": 5}}, \"bench\": [9, 5], \"start\": 7.5, \"lineup\": {\"1\": 0, \"2\": 7, \"4\": 2, \"5\": 3, \"7\": 1, \"9\": 8, \"10\": 6, \"11\": 4}, \"duration\": 450, \"game_counter\": 4}]',1,NULL,'2026-04-20 11:49:30'),(34,NULL,'8v8_1gk_4x15',10,30024,NULL,'[{\"bench\": [6, 3], \"start\": 0, \"lineup\": {\"1\": 0, \"2\": 5, \"4\": 4, \"5\": 9, \"7\": 8, \"9\": 2, \"10\": 1, \"11\": 7}, \"duration\": 450, \"game_counter\": 1}, {\"subs\": {\"in\": {\"2\": 3, \"9\": 6}, \"out\": {\"2\": 5, \"9\": 2}}, \"bench\": [2, 5], \"start\": 7.5, \"lineup\": {\"1\": 0, \"2\": 3, \"4\": 4, \"5\": 9, \"7\": 8, \"9\": 6, \"10\": 1, \"11\": 7}, \"duration\": 450, \"game_counter\": 1}, {\"bench\": [6, 1], \"start\": 0, \"lineup\": {\"1\": 0, \"2\": 8, \"4\": 7, \"5\": 4, \"7\": 2, \"9\": 9, \"10\": 3, \"11\": 5}, \"duration\": 450, \"game_counter\": 2}, {\"subs\": {\"in\": {\"2\": 1, \"10\": 6}, \"out\": {\"2\": 8, \"10\": 3}}, \"bench\": [8, 3], \"start\": 7.5, \"lineup\": {\"1\": 0, \"2\": 1, \"4\": 7, \"5\": 4, \"7\": 2, \"9\": 9, \"10\": 6, \"11\": 5}, \"duration\": 450, \"game_counter\": 2}, {\"bench\": [7, 1], \"start\": 0, \"lineup\": {\"1\": 0, \"2\": 2, \"4\": 8, \"5\": 9, \"7\": 6, \"9\": 4, \"10\": 5, \"11\": 3}, \"duration\": 450, \"game_counter\": 3}, {\"subs\": {\"in\": {\"5\": 7, \"9\": 1}, \"out\": {\"5\": 9, \"9\": 4}}, \"bench\": [4, 9], \"start\": 7.5, \"lineup\": {\"1\": 0, \"2\": 2, \"4\": 8, \"5\": 7, \"7\": 6, \"9\": 1, \"10\": 5, \"11\": 3}, \"duration\": 450, \"game_counter\": 3}, {\"bench\": [5, 2], \"start\": 0, \"lineup\": {\"1\": 0, \"2\": 7, \"4\": 4, \"5\": 6, \"7\": 1, \"9\": 3, \"10\": 8, \"11\": 9}, \"duration\": 450, \"game_counter\": 4}, {\"subs\": {\"in\": {\"2\": 5, \"10\": 2}, \"out\": {\"2\": 7, \"10\": 8}}, \"bench\": [8, 7], \"start\": 7.5, \"lineup\": {\"1\": 0, \"2\": 5, \"4\": 4, \"5\": 6, \"7\": 1, \"9\": 3, \"10\": 2, \"11\": 9}, \"duration\": 450, \"game_counter\": 4}]',1,NULL,'2026-04-20 11:49:30'),(35,NULL,'8v8_1gk_4x15',10,30025,NULL,'[{\"bench\": [8, 5], \"start\": 0, \"lineup\": {\"1\": 0, \"2\": 6, \"4\": 7, \"5\": 1, \"7\": 2, \"9\": 3, \"10\": 4, \"11\": 9}, \"duration\": 450, \"game_counter\": 1}, {\"subs\": {\"in\": {\"2\": 8, \"7\": 5}, \"out\": {\"2\": 6, \"7\": 2}}, \"bench\": [2, 6], \"start\": 7.5, \"lineup\": {\"1\": 0, \"2\": 8, \"4\": 7, \"5\": 1, \"7\": 5, \"9\": 3, \"10\": 4, \"11\": 9}, \"duration\": 450, \"game_counter\": 1}, {\"bench\": [4, 3], \"start\": 0, \"lineup\": {\"1\": 0, \"2\": 8, \"4\": 7, \"5\": 5, \"7\": 1, \"9\": 2, \"10\": 9, \"11\": 6}, \"duration\": 450, \"game_counter\": 2}, {\"subs\": {\"in\": {\"4\": 3, \"5\": 4}, \"out\": {\"4\": 7, \"5\": 5}}, \"bench\": [7, 5], \"start\": 7.5, \"lineup\": {\"1\": 0, \"2\": 8, \"4\": 3, \"5\": 4, \"7\": 1, \"9\": 2, \"10\": 9, \"11\": 6}, \"duration\": 450, \"game_counter\": 2}, {\"bench\": [1, 4], \"start\": 0, \"lineup\": {\"1\": 0, \"2\": 5, \"4\": 8, \"5\": 9, \"7\": 7, \"9\": 6, \"10\": 3, \"11\": 2}, \"duration\": 450, \"game_counter\": 3}, {\"subs\": {\"in\": {\"7\": 4, \"9\": 1}, \"out\": {\"7\": 7, \"9\": 6}}, \"bench\": [6, 7], \"start\": 7.5, \"lineup\": {\"1\": 0, \"2\": 5, \"4\": 8, \"5\": 9, \"7\": 4, \"9\": 1, \"10\": 3, \"11\": 2}, \"duration\": 450, \"game_counter\": 3}, {\"bench\": [3, 1], \"start\": 0, \"lineup\": {\"1\": 0, \"2\": 5, \"4\": 4, \"5\": 9, \"7\": 2, \"9\": 6, \"10\": 8, \"11\": 7}, \"duration\": 450, \"game_counter\": 4}, {\"subs\": {\"in\": {\"5\": 1, \"10\": 3}, \"out\": {\"5\": 9, \"10\": 8}}, \"bench\": [8, 9], \"start\": 7.5, \"lineup\": {\"1\": 0, \"2\": 5, \"4\": 4, \"5\": 1, \"7\": 2, \"9\": 6, \"10\": 3, \"11\": 7}, \"duration\": 450, \"game_counter\": 4}]',1,NULL,'2026-04-20 11:49:30'),(36,NULL,'8v8_1gk_4x15',10,30026,NULL,'[{\"bench\": [1, 9], \"start\": 0, \"lineup\": {\"1\": 0, \"2\": 2, \"4\": 6, \"5\": 3, \"7\": 8, \"9\": 7, \"10\": 5, \"11\": 4}, \"duration\": 450, \"game_counter\": 1}, {\"subs\": {\"in\": {\"5\": 9, \"11\": 1}, \"out\": {\"5\": 3, \"11\": 4}}, \"bench\": [3, 4], \"start\": 7.5, \"lineup\": {\"1\": 0, \"2\": 2, \"4\": 6, \"5\": 9, \"7\": 8, \"9\": 7, \"10\": 5, \"11\": 1}, \"duration\": 450, \"game_counter\": 1}, {\"bench\": [5, 8], \"start\": 0, \"lineup\": {\"1\": 0, \"2\": 2, \"4\": 7, \"5\": 3, \"7\": 9, \"9\": 6, \"10\": 1, \"11\": 4}, \"duration\": 450, \"game_counter\": 2}, {\"subs\": {\"in\": {\"9\": 8, \"11\": 5}, \"out\": {\"9\": 6, \"11\": 4}}, \"bench\": [6, 4], \"start\": 7.5, \"lineup\": {\"1\": 0, \"2\": 2, \"4\": 7, \"5\": 3, \"7\": 9, \"9\": 8, \"10\": 1, \"11\": 5}, \"duration\": 450, \"game_counter\": 2}, {\"bench\": [9, 1], \"start\": 0, \"lineup\": {\"1\": 0, \"2\": 3, \"4\": 7, \"5\": 2, \"7\": 5, \"9\": 8, \"10\": 4, \"11\": 6}, \"duration\": 450, \"game_counter\": 3}, {\"subs\": {\"in\": {\"4\": 9, \"9\": 1}, \"out\": {\"4\": 7, \"9\": 8}}, \"bench\": [8, 7], \"start\": 7.5, \"lineup\": {\"1\": 0, \"2\": 3, \"4\": 9, \"5\": 2, \"7\": 5, \"9\": 1, \"10\": 4, \"11\": 6}, \"duration\": 450, \"game_counter\": 3}, {\"bench\": [2, 5], \"start\": 0, \"lineup\": {\"1\": 0, \"2\": 1, \"4\": 8, \"5\": 4, \"7\": 3, \"9\": 9, \"10\": 6, \"11\": 7}, \"duration\": 450, \"game_counter\": 4}, {\"subs\": {\"in\": {\"7\": 2, \"11\": 5}, \"out\": {\"7\": 3, \"11\": 7}}, \"bench\": [7, 3], \"start\": 7.5, \"lineup\": {\"1\": 0, \"2\": 1, \"4\": 8, \"5\": 4, \"7\": 2, \"9\": 9, \"10\": 6, \"11\": 5}, \"duration\": 450, \"game_counter\": 4}]',1,NULL,'2026-04-20 11:49:30'),(37,NULL,'8v8_1gk_4x15',10,30027,NULL,'[{\"bench\": [3, 5], \"start\": 0, \"lineup\": {\"1\": 0, \"2\": 1, \"4\": 9, \"5\": 6, \"7\": 8, \"9\": 4, \"10\": 7, \"11\": 2}, \"duration\": 450, \"game_counter\": 1}, {\"subs\": {\"in\": {\"2\": 5, \"5\": 3}, \"out\": {\"2\": 1, \"5\": 6}}, \"bench\": [6, 1], \"start\": 7.5, \"lineup\": {\"1\": 0, \"2\": 5, \"4\": 9, \"5\": 3, \"7\": 8, \"9\": 4, \"10\": 7, \"11\": 2}, \"duration\": 450, \"game_counter\": 1}, {\"bench\": [8, 9], \"start\": 0, \"lineup\": {\"1\": 0, \"2\": 4, \"4\": 1, \"5\": 2, \"7\": 3, \"9\": 6, \"10\": 5, \"11\": 7}, \"duration\": 450, \"game_counter\": 2}, {\"subs\": {\"in\": {\"5\": 8, \"10\": 9}, \"out\": {\"5\": 2, \"10\": 5}}, \"bench\": [5, 2], \"start\": 7.5, \"lineup\": {\"1\": 0, \"2\": 4, \"4\": 1, \"5\": 8, \"7\": 3, \"9\": 6, \"10\": 9, \"11\": 7}, \"duration\": 450, \"game_counter\": 2}, {\"bench\": [4, 3], \"start\": 0, \"lineup\": {\"1\": 0, \"2\": 7, \"4\": 5, \"5\": 2, \"7\": 8, \"9\": 1, \"10\": 9, \"11\": 6}, \"duration\": 450, \"game_counter\": 3}, {\"subs\": {\"in\": {\"9\": 4, \"10\": 3}, \"out\": {\"9\": 1, \"10\": 9}}, \"bench\": [9, 1], \"start\": 7.5, \"lineup\": {\"1\": 0, \"2\": 7, \"4\": 5, \"5\": 2, \"7\": 8, \"9\": 4, \"10\": 3, \"11\": 6}, \"duration\": 450, \"game_counter\": 3}, {\"bench\": [6, 8], \"start\": 0, \"lineup\": {\"1\": 0, \"2\": 2, \"4\": 5, \"5\": 4, \"7\": 3, \"9\": 9, \"10\": 1, \"11\": 7}, \"duration\": 450, \"game_counter\": 4}, {\"subs\": {\"in\": {\"2\": 6, \"11\": 8}, \"out\": {\"2\": 2, \"11\": 7}}, \"bench\": [2, 7], \"start\": 7.5, \"lineup\": {\"1\": 0, \"2\": 6, \"4\": 5, \"5\": 4, \"7\": 3, \"9\": 9, \"10\": 1, \"11\": 8}, \"duration\": 450, \"game_counter\": 4}]',1,NULL,'2026-04-20 11:49:30'),(38,NULL,'8v8_1gk_4x15',10,30028,NULL,'[{\"bench\": [2, 3], \"start\": 0, \"lineup\": {\"1\": 0, \"2\": 8, \"4\": 5, \"5\": 4, \"7\": 1, \"9\": 7, \"10\": 9, \"11\": 6}, \"duration\": 450, \"game_counter\": 1}, {\"subs\": {\"in\": {\"4\": 3, \"5\": 2}, \"out\": {\"4\": 5, \"5\": 4}}, \"bench\": [5, 4], \"start\": 7.5, \"lineup\": {\"1\": 0, \"2\": 8, \"4\": 3, \"5\": 2, \"7\": 1, \"9\": 7, \"10\": 9, \"11\": 6}, \"duration\": 450, \"game_counter\": 1}, {\"bench\": [9, 2], \"start\": 0, \"lineup\": {\"1\": 0, \"2\": 1, \"4\": 3, \"5\": 8, \"7\": 4, \"9\": 5, \"10\": 6, \"11\": 7}, \"duration\": 450, \"game_counter\": 2}, {\"subs\": {\"in\": {\"2\": 2, \"5\": 9}, \"out\": {\"2\": 1, \"5\": 8}}, \"bench\": [1, 8], \"start\": 7.5, \"lineup\": {\"1\": 0, \"2\": 2, \"4\": 3, \"5\": 9, \"7\": 4, \"9\": 5, \"10\": 6, \"11\": 7}, \"duration\": 450, \"game_counter\": 2}, {\"bench\": [6, 9], \"start\": 0, \"lineup\": {\"1\": 0, \"2\": 2, \"4\": 1, \"5\": 7, \"7\": 8, \"9\": 3, \"10\": 4, \"11\": 5}, \"duration\": 450, \"game_counter\": 3}, {\"subs\": {\"in\": {\"5\": 9, \"9\": 6}, \"out\": {\"5\": 7, \"9\": 3}}, \"bench\": [7, 3], \"start\": 7.5, \"lineup\": {\"1\": 0, \"2\": 2, \"4\": 1, \"5\": 9, \"7\": 8, \"9\": 6, \"10\": 4, \"11\": 5}, \"duration\": 450, \"game_counter\": 3}, {\"bench\": [8, 5], \"start\": 0, \"lineup\": {\"1\": 0, \"2\": 9, \"4\": 1, \"5\": 3, \"7\": 2, \"9\": 6, \"10\": 4, \"11\": 7}, \"duration\": 450, \"game_counter\": 4}, {\"subs\": {\"in\": {\"9\": 8, \"11\": 5}, \"out\": {\"9\": 6, \"11\": 7}}, \"bench\": [6, 7], \"start\": 7.5, \"lineup\": {\"1\": 0, \"2\": 9, \"4\": 1, \"5\": 3, \"7\": 2, \"9\": 8, \"10\": 4, \"11\": 5}, \"duration\": 450, \"game_counter\": 4}]',1,NULL,'2026-04-20 11:49:30'),(39,NULL,'8v8_1gk_4x15',10,30029,NULL,'[{\"bench\": [5, 9], \"start\": 0, \"lineup\": {\"1\": 0, \"2\": 1, \"4\": 2, \"5\": 7, \"7\": 4, \"9\": 8, \"10\": 3, \"11\": 6}, \"duration\": 450, \"game_counter\": 1}, {\"subs\": {\"in\": {\"7\": 5, \"11\": 9}, \"out\": {\"7\": 4, \"11\": 6}}, \"bench\": [4, 6], \"start\": 7.5, \"lineup\": {\"1\": 0, \"2\": 1, \"4\": 2, \"5\": 7, \"7\": 5, \"9\": 8, \"10\": 3, \"11\": 9}, \"duration\": 450, \"game_counter\": 1}, {\"bench\": [1, 5], \"start\": 0, \"lineup\": {\"1\": 0, \"2\": 7, \"4\": 8, \"5\": 6, \"7\": 3, \"9\": 9, \"10\": 2, \"11\": 4}, \"duration\": 450, \"game_counter\": 2}, {\"subs\": {\"in\": {\"2\": 5, \"5\": 1}, \"out\": {\"2\": 7, \"5\": 6}}, \"bench\": [7, 6], \"start\": 7.5, \"lineup\": {\"1\": 0, \"2\": 5, \"4\": 8, \"5\": 1, \"7\": 3, \"9\": 9, \"10\": 2, \"11\": 4}, \"duration\": 450, \"game_counter\": 2}, {\"bench\": [3, 2], \"start\": 0, \"lineup\": {\"1\": 0, \"2\": 6, \"4\": 8, \"5\": 7, \"7\": 5, \"9\": 1, \"10\": 4, \"11\": 9}, \"duration\": 450, \"game_counter\": 3}, {\"subs\": {\"in\": {\"4\": 2, \"11\": 3}, \"out\": {\"4\": 8, \"11\": 9}}, \"bench\": [8, 9], \"start\": 7.5, \"lineup\": {\"1\": 0, \"2\": 6, \"4\": 2, \"5\": 7, \"7\": 5, \"9\": 1, \"10\": 4, \"11\": 3}, \"duration\": 450, \"game_counter\": 3}, {\"bench\": [3, 7], \"start\": 0, \"lineup\": {\"1\": 0, \"2\": 8, \"4\": 9, \"5\": 6, \"7\": 1, \"9\": 4, \"10\": 5, \"11\": 2}, \"duration\": 450, \"game_counter\": 4}, {\"subs\": {\"in\": {\"2\": 3, \"11\": 7}, \"out\": {\"2\": 8, \"11\": 2}}, \"bench\": [2, 8], \"start\": 7.5, \"lineup\": {\"1\": 0, \"2\": 3, \"4\": 9, \"5\": 6, \"7\": 1, \"9\": 4, \"10\": 5, \"11\": 7}, \"duration\": 450, \"game_counter\": 4}]',1,NULL,'2026-04-20 11:49:30'),(40,NULL,'8v8_1gk_4x15',10,30030,NULL,'[{\"bench\": [8, 2], \"start\": 0, \"lineup\": {\"1\": 0, \"2\": 5, \"4\": 6, \"5\": 3, \"7\": 9, \"9\": 7, \"10\": 4, \"11\": 1}, \"duration\": 450, \"game_counter\": 1}, {\"subs\": {\"in\": {\"2\": 2, \"5\": 8}, \"out\": {\"2\": 5, \"5\": 3}}, \"bench\": [5, 3], \"start\": 7.5, \"lineup\": {\"1\": 0, \"2\": 2, \"4\": 6, \"5\": 8, \"7\": 9, \"9\": 7, \"10\": 4, \"11\": 1}, \"duration\": 450, \"game_counter\": 1}, {\"bench\": [4, 9], \"start\": 0, \"lineup\": {\"1\": 0, \"2\": 5, \"4\": 6, \"5\": 7, \"7\": 2, \"9\": 1, \"10\": 8, \"11\": 3}, \"duration\": 450, \"game_counter\": 2}, {\"subs\": {\"in\": {\"4\": 4, \"5\": 9}, \"out\": {\"4\": 6, \"5\": 7}}, \"bench\": [6, 7], \"start\": 7.5, \"lineup\": {\"1\": 0, \"2\": 5, \"4\": 4, \"5\": 9, \"7\": 2, \"9\": 1, \"10\": 8, \"11\": 3}, \"duration\": 450, \"game_counter\": 2}, {\"bench\": [5, 2], \"start\": 0, \"lineup\": {\"1\": 0, \"2\": 4, \"4\": 9, \"5\": 7, \"7\": 8, \"9\": 6, \"10\": 3, \"11\": 1}, \"duration\": 450, \"game_counter\": 3}, {\"subs\": {\"in\": {\"7\": 2, \"10\": 5}, \"out\": {\"7\": 8, \"10\": 3}}, \"bench\": [8, 3], \"start\": 7.5, \"lineup\": {\"1\": 0, \"2\": 4, \"4\": 9, \"5\": 7, \"7\": 2, \"9\": 6, \"10\": 5, \"11\": 1}, \"duration\": 450, \"game_counter\": 3}, {\"bench\": [4, 9], \"start\": 0, \"lineup\": {\"1\": 0, \"2\": 7, \"4\": 3, \"5\": 5, \"7\": 1, \"9\": 8, \"10\": 2, \"11\": 6}, \"duration\": 450, \"game_counter\": 4}, {\"subs\": {\"in\": {\"7\": 9, \"11\": 4}, \"out\": {\"7\": 1, \"11\": 6}}, \"bench\": [6, 1], \"start\": 7.5, \"lineup\": {\"1\": 0, \"2\": 7, \"4\": 3, \"5\": 5, \"7\": 9, \"9\": 8, \"10\": 2, \"11\": 4}, \"duration\": 450, \"game_counter\": 4}]',1,NULL,'2026-04-20 11:49:30'),(41,NULL,'8v8_1gk_4x15',10,30031,NULL,'[{\"bench\": [9, 1], \"start\": 0, \"lineup\": {\"1\": 0, \"2\": 8, \"4\": 3, \"5\": 4, \"7\": 5, \"9\": 2, \"10\": 6, \"11\": 7}, \"duration\": 450, \"game_counter\": 1}, {\"subs\": {\"in\": {\"5\": 1, \"11\": 9}, \"out\": {\"5\": 4, \"11\": 7}}, \"bench\": [7, 4], \"start\": 7.5, \"lineup\": {\"1\": 0, \"2\": 8, \"4\": 3, \"5\": 1, \"7\": 5, \"9\": 2, \"10\": 6, \"11\": 9}, \"duration\": 450, \"game_counter\": 1}, {\"bench\": [3, 2], \"start\": 0, \"lineup\": {\"1\": 0, \"2\": 1, \"4\": 9, \"5\": 4, \"7\": 5, \"9\": 8, \"10\": 6, \"11\": 7}, \"duration\": 450, \"game_counter\": 2}, {\"subs\": {\"in\": {\"9\": 3, \"11\": 2}, \"out\": {\"9\": 8, \"11\": 7}}, \"bench\": [7, 8], \"start\": 7.5, \"lineup\": {\"1\": 0, \"2\": 1, \"4\": 9, \"5\": 4, \"7\": 5, \"9\": 3, \"10\": 6, \"11\": 2}, \"duration\": 450, \"game_counter\": 2}, {\"bench\": [2, 6], \"start\": 0, \"lineup\": {\"1\": 0, \"2\": 5, \"4\": 8, \"5\": 1, \"7\": 7, \"9\": 3, \"10\": 9, \"11\": 4}, \"duration\": 450, \"game_counter\": 3}, {\"subs\": {\"in\": {\"2\": 2, \"11\": 6}, \"out\": {\"2\": 5, \"11\": 4}}, \"bench\": [4, 5], \"start\": 7.5, \"lineup\": {\"1\": 0, \"2\": 2, \"4\": 8, \"5\": 1, \"7\": 7, \"9\": 3, \"10\": 9, \"11\": 6}, \"duration\": 450, \"game_counter\": 3}, {\"bench\": [9, 1], \"start\": 0, \"lineup\": {\"1\": 0, \"2\": 6, \"4\": 2, \"5\": 7, \"7\": 4, \"9\": 5, \"10\": 8, \"11\": 3}, \"duration\": 450, \"game_counter\": 4}, {\"subs\": {\"in\": {\"2\": 9, \"9\": 1}, \"out\": {\"2\": 6, \"9\": 5}}, \"bench\": [5, 6], \"start\": 7.5, \"lineup\": {\"1\": 0, \"2\": 9, \"4\": 2, \"5\": 7, \"7\": 4, \"9\": 1, \"10\": 8, \"11\": 3}, \"duration\": 450, \"game_counter\": 4}]',1,NULL,'2026-04-20 11:49:30'),(42,NULL,'8v8_1gk_4x15',10,30032,NULL,'[{\"bench\": [4, 8], \"start\": 0, \"lineup\": {\"1\": 0, \"2\": 1, \"4\": 2, \"5\": 7, \"7\": 5, \"9\": 6, \"10\": 3, \"11\": 9}, \"duration\": 450, \"game_counter\": 1}, {\"subs\": {\"in\": {\"9\": 8, \"11\": 4}, \"out\": {\"9\": 6, \"11\": 9}}, \"bench\": [6, 9], \"start\": 7.5, \"lineup\": {\"1\": 0, \"2\": 1, \"4\": 2, \"5\": 7, \"7\": 5, \"9\": 8, \"10\": 3, \"11\": 4}, \"duration\": 450, \"game_counter\": 1}, {\"bench\": [1, 7], \"start\": 0, \"lineup\": {\"1\": 0, \"2\": 9, \"4\": 8, \"5\": 2, \"7\": 3, \"9\": 6, \"10\": 5, \"11\": 4}, \"duration\": 450, \"game_counter\": 2}, {\"subs\": {\"in\": {\"2\": 1, \"7\": 7}, \"out\": {\"2\": 9, \"7\": 3}}, \"bench\": [3, 9], \"start\": 7.5, \"lineup\": {\"1\": 0, \"2\": 1, \"4\": 8, \"5\": 2, \"7\": 7, \"9\": 6, \"10\": 5, \"11\": 4}, \"duration\": 450, \"game_counter\": 2}, {\"bench\": [7, 5], \"start\": 0, \"lineup\": {\"1\": 0, \"2\": 9, \"4\": 1, \"5\": 6, \"7\": 2, \"9\": 4, \"10\": 3, \"11\": 8}, \"duration\": 450, \"game_counter\": 3}, {\"subs\": {\"in\": {\"7\": 7, \"10\": 5}, \"out\": {\"7\": 2, \"10\": 3}}, \"bench\": [2, 3], \"start\": 7.5, \"lineup\": {\"1\": 0, \"2\": 9, \"4\": 1, \"5\": 6, \"7\": 7, \"9\": 4, \"10\": 5, \"11\": 8}, \"duration\": 450, \"game_counter\": 3}, {\"bench\": [4, 5], \"start\": 0, \"lineup\": {\"1\": 0, \"2\": 7, \"4\": 8, \"5\": 1, \"7\": 6, \"9\": 2, \"10\": 9, \"11\": 3}, \"duration\": 450, \"game_counter\": 4}, {\"subs\": {\"in\": {\"5\": 4, \"9\": 5}, \"out\": {\"5\": 1, \"9\": 2}}, \"bench\": [2, 1], \"start\": 7.5, \"lineup\": {\"1\": 0, \"2\": 7, \"4\": 8, \"5\": 4, \"7\": 6, \"9\": 5, \"10\": 9, \"11\": 3}, \"duration\": 450, \"game_counter\": 4}]',1,NULL,'2026-04-20 11:49:30'),(43,NULL,'8v8_1gk_4x15',10,30033,NULL,'[{\"bench\": [8, 3], \"start\": 0, \"lineup\": {\"1\": 0, \"2\": 1, \"4\": 2, \"5\": 7, \"7\": 5, \"9\": 9, \"10\": 4, \"11\": 6}, \"duration\": 450, \"game_counter\": 1}, {\"subs\": {\"in\": {\"4\": 3, \"7\": 8}, \"out\": {\"4\": 2, \"7\": 5}}, \"bench\": [2, 5], \"start\": 7.5, \"lineup\": {\"1\": 0, \"2\": 1, \"4\": 3, \"5\": 7, \"7\": 8, \"9\": 9, \"10\": 4, \"11\": 6}, \"duration\": 450, \"game_counter\": 1}, {\"bench\": [1, 4], \"start\": 0, \"lineup\": {\"1\": 0, \"2\": 9, \"4\": 7, \"5\": 2, \"7\": 6, \"9\": 3, \"10\": 5, \"11\": 8}, \"duration\": 450, \"game_counter\": 2}, {\"subs\": {\"in\": {\"4\": 4, \"10\": 1}, \"out\": {\"4\": 7, \"10\": 5}}, \"bench\": [7, 5], \"start\": 7.5, \"lineup\": {\"1\": 0, \"2\": 9, \"4\": 4, \"5\": 2, \"7\": 6, \"9\": 3, \"10\": 1, \"11\": 8}, \"duration\": 450, \"game_counter\": 2}, {\"bench\": [9, 3], \"start\": 0, \"lineup\": {\"1\": 0, \"2\": 2, \"4\": 6, \"5\": 8, \"7\": 4, \"9\": 7, \"10\": 1, \"11\": 5}, \"duration\": 450, \"game_counter\": 3}, {\"subs\": {\"in\": {\"4\": 3, \"10\": 9}, \"out\": {\"4\": 6, \"10\": 1}}, \"bench\": [1, 6], \"start\": 7.5, \"lineup\": {\"1\": 0, \"2\": 2, \"4\": 3, \"5\": 8, \"7\": 4, \"9\": 7, \"10\": 9, \"11\": 5}, \"duration\": 450, \"game_counter\": 3}, {\"bench\": [4, 7], \"start\": 0, \"lineup\": {\"1\": 0, \"2\": 8, \"4\": 2, \"5\": 3, \"7\": 6, \"9\": 1, \"10\": 9, \"11\": 5}, \"duration\": 450, \"game_counter\": 4}, {\"subs\": {\"in\": {\"7\": 7, \"10\": 4}, \"out\": {\"7\": 6, \"10\": 9}}, \"bench\": [9, 6], \"start\": 7.5, \"lineup\": {\"1\": 0, \"2\": 8, \"4\": 2, \"5\": 3, \"7\": 7, \"9\": 1, \"10\": 4, \"11\": 5}, \"duration\": 450, \"game_counter\": 4}]',1,NULL,'2026-04-20 11:49:30'),(44,NULL,'8v8_1gk_4x15',10,30034,NULL,'[{\"bench\": [8, 4], \"start\": 0, \"lineup\": {\"1\": 0, \"2\": 9, \"4\": 3, \"5\": 1, \"7\": 6, \"9\": 5, \"10\": 7, \"11\": 2}, \"duration\": 450, \"game_counter\": 1}, {\"subs\": {\"in\": {\"7\": 4, \"9\": 8}, \"out\": {\"7\": 6, \"9\": 5}}, \"bench\": [6, 5], \"start\": 7.5, \"lineup\": {\"1\": 0, \"2\": 9, \"4\": 3, \"5\": 1, \"7\": 4, \"9\": 8, \"10\": 7, \"11\": 2}, \"duration\": 450, \"game_counter\": 1}, {\"bench\": [2, 9], \"start\": 0, \"lineup\": {\"1\": 0, \"2\": 8, \"4\": 6, \"5\": 3, \"7\": 7, \"9\": 1, \"10\": 5, \"11\": 4}, \"duration\": 450, \"game_counter\": 2}, {\"subs\": {\"in\": {\"5\": 9, \"9\": 2}, \"out\": {\"5\": 3, \"9\": 1}}, \"bench\": [1, 3], \"start\": 7.5, \"lineup\": {\"1\": 0, \"2\": 8, \"4\": 6, \"5\": 9, \"7\": 7, \"9\": 2, \"10\": 5, \"11\": 4}, \"duration\": 450, \"game_counter\": 2}, {\"bench\": [7, 4], \"start\": 0, \"lineup\": {\"1\": 0, \"2\": 2, \"4\": 1, \"5\": 9, \"7\": 3, \"9\": 8, \"10\": 6, \"11\": 5}, \"duration\": 450, \"game_counter\": 3}, {\"subs\": {\"in\": {\"9\": 7, \"10\": 4}, \"out\": {\"9\": 8, \"10\": 6}}, \"bench\": [6, 8], \"start\": 7.5, \"lineup\": {\"1\": 0, \"2\": 2, \"4\": 1, \"5\": 9, \"7\": 3, \"9\": 7, \"10\": 4, \"11\": 5}, \"duration\": 450, \"game_counter\": 3}, {\"bench\": [7, 1], \"start\": 0, \"lineup\": {\"1\": 0, \"2\": 6, \"4\": 3, \"5\": 5, \"7\": 9, \"9\": 4, \"10\": 2, \"11\": 8}, \"duration\": 450, \"game_counter\": 4}, {\"subs\": {\"in\": {\"7\": 1, \"10\": 7}, \"out\": {\"7\": 9, \"10\": 2}}, \"bench\": [9, 2], \"start\": 7.5, \"lineup\": {\"1\": 0, \"2\": 6, \"4\": 3, \"5\": 5, \"7\": 1, \"9\": 4, \"10\": 7, \"11\": 8}, \"duration\": 450, \"game_counter\": 4}]',1,NULL,'2026-04-20 11:49:30'),(45,NULL,'8v8_1gk_4x15',10,30035,NULL,'[{\"bench\": [8, 2], \"start\": 0, \"lineup\": {\"1\": 0, \"2\": 1, \"4\": 9, \"5\": 5, \"7\": 6, \"9\": 3, \"10\": 4, \"11\": 7}, \"duration\": 450, \"game_counter\": 1}, {\"subs\": {\"in\": {\"4\": 2, \"7\": 8}, \"out\": {\"4\": 9, \"7\": 6}}, \"bench\": [9, 6], \"start\": 7.5, \"lineup\": {\"1\": 0, \"2\": 1, \"4\": 2, \"5\": 5, \"7\": 8, \"9\": 3, \"10\": 4, \"11\": 7}, \"duration\": 450, \"game_counter\": 1}, {\"bench\": [4, 5], \"start\": 0, \"lineup\": {\"1\": 0, \"2\": 3, \"4\": 1, \"5\": 6, \"7\": 9, \"9\": 2, \"10\": 7, \"11\": 8}, \"duration\": 450, \"game_counter\": 2}, {\"subs\": {\"in\": {\"2\": 5, \"9\": 4}, \"out\": {\"2\": 3, \"9\": 2}}, \"bench\": [2, 3], \"start\": 7.5, \"lineup\": {\"1\": 0, \"2\": 5, \"4\": 1, \"5\": 6, \"7\": 9, \"9\": 4, \"10\": 7, \"11\": 8}, \"duration\": 450, \"game_counter\": 2}, {\"bench\": [4, 1], \"start\": 0, \"lineup\": {\"1\": 0, \"2\": 7, \"4\": 5, \"5\": 8, \"7\": 2, \"9\": 6, \"10\": 9, \"11\": 3}, \"duration\": 450, \"game_counter\": 3}, {\"subs\": {\"in\": {\"4\": 1, \"9\": 4}, \"out\": {\"4\": 5, \"9\": 6}}, \"bench\": [5, 6], \"start\": 7.5, \"lineup\": {\"1\": 0, \"2\": 7, \"4\": 1, \"5\": 8, \"7\": 2, \"9\": 4, \"10\": 9, \"11\": 3}, \"duration\": 450, \"game_counter\": 3}, {\"bench\": [3, 8], \"start\": 0, \"lineup\": {\"1\": 0, \"2\": 5, \"4\": 6, \"5\": 4, \"7\": 9, \"9\": 7, \"10\": 2, \"11\": 1}, \"duration\": 450, \"game_counter\": 4}, {\"subs\": {\"in\": {\"7\": 8, \"9\": 3}, \"out\": {\"7\": 9, \"9\": 7}}, \"bench\": [7, 9], \"start\": 7.5, \"lineup\": {\"1\": 0, \"2\": 5, \"4\": 6, \"5\": 4, \"7\": 8, \"9\": 3, \"10\": 2, \"11\": 1}, \"duration\": 450, \"game_counter\": 4}]',1,NULL,'2026-04-20 11:49:30'),(46,NULL,'8v8_1gk_4x15',10,30036,NULL,'[{\"bench\": [1, 3], \"start\": 0, \"lineup\": {\"1\": 0, \"2\": 7, \"4\": 8, \"5\": 9, \"7\": 2, \"9\": 5, \"10\": 4, \"11\": 6}, \"duration\": 450, \"game_counter\": 1}, {\"subs\": {\"in\": {\"2\": 3, \"10\": 1}, \"out\": {\"2\": 7, \"10\": 4}}, \"bench\": [4, 7], \"start\": 7.5, \"lineup\": {\"1\": 0, \"2\": 3, \"4\": 8, \"5\": 9, \"7\": 2, \"9\": 5, \"10\": 1, \"11\": 6}, \"duration\": 450, \"game_counter\": 1}, {\"bench\": [8, 5], \"start\": 0, \"lineup\": {\"1\": 0, \"2\": 1, \"4\": 2, \"5\": 7, \"7\": 3, \"9\": 6, \"10\": 4, \"11\": 9}, \"duration\": 450, \"game_counter\": 2}, {\"subs\": {\"in\": {\"2\": 5, \"11\": 8}, \"out\": {\"2\": 1, \"11\": 9}}, \"bench\": [9, 1], \"start\": 7.5, \"lineup\": {\"1\": 0, \"2\": 5, \"4\": 2, \"5\": 7, \"7\": 3, \"9\": 6, \"10\": 4, \"11\": 8}, \"duration\": 450, \"game_counter\": 2}, {\"bench\": [7, 3], \"start\": 0, \"lineup\": {\"1\": 0, \"2\": 1, \"4\": 8, \"5\": 4, \"7\": 2, \"9\": 6, \"10\": 5, \"11\": 9}, \"duration\": 450, \"game_counter\": 3}, {\"subs\": {\"in\": {\"4\": 3, \"5\": 7}, \"out\": {\"4\": 8, \"5\": 4}}, \"bench\": [8, 4], \"start\": 7.5, \"lineup\": {\"1\": 0, \"2\": 1, \"4\": 3, \"5\": 7, \"7\": 2, \"9\": 6, \"10\": 5, \"11\": 9}, \"duration\": 450, \"game_counter\": 3}, {\"bench\": [2, 5], \"start\": 0, \"lineup\": {\"1\": 0, \"2\": 6, \"4\": 1, \"5\": 3, \"7\": 9, \"9\": 8, \"10\": 7, \"11\": 4}, \"duration\": 450, \"game_counter\": 4}, {\"subs\": {\"in\": {\"2\": 2, \"7\": 5}, \"out\": {\"2\": 6, \"7\": 9}}, \"bench\": [6, 9], \"start\": 7.5, \"lineup\": {\"1\": 0, \"2\": 2, \"4\": 1, \"5\": 3, \"7\": 5, \"9\": 8, \"10\": 7, \"11\": 4}, \"duration\": 450, \"game_counter\": 4}]',1,NULL,'2026-04-20 11:49:30'),(47,NULL,'8v8_1gk_4x15',10,30037,NULL,'[{\"bench\": [7, 9], \"start\": 0, \"lineup\": {\"1\": 0, \"2\": 5, \"4\": 2, \"5\": 3, \"7\": 4, \"9\": 1, \"10\": 6, \"11\": 8}, \"duration\": 450, \"game_counter\": 1}, {\"subs\": {\"in\": {\"4\": 7, \"11\": 9}, \"out\": {\"4\": 2, \"11\": 8}}, \"bench\": [8, 2], \"start\": 7.5, \"lineup\": {\"1\": 0, \"2\": 5, \"4\": 7, \"5\": 3, \"7\": 4, \"9\": 1, \"10\": 6, \"11\": 9}, \"duration\": 450, \"game_counter\": 1}, {\"bench\": [4, 3], \"start\": 0, \"lineup\": {\"1\": 0, \"2\": 9, \"4\": 6, \"5\": 7, \"7\": 5, \"9\": 1, \"10\": 8, \"11\": 2}, \"duration\": 450, \"game_counter\": 2}, {\"subs\": {\"in\": {\"5\": 3, \"9\": 4}, \"out\": {\"5\": 7, \"9\": 1}}, \"bench\": [1, 7], \"start\": 7.5, \"lineup\": {\"1\": 0, \"2\": 9, \"4\": 6, \"5\": 3, \"7\": 5, \"9\": 4, \"10\": 8, \"11\": 2}, \"duration\": 450, \"game_counter\": 2}, {\"bench\": [2, 8], \"start\": 0, \"lineup\": {\"1\": 0, \"2\": 3, \"4\": 9, \"5\": 6, \"7\": 1, \"9\": 5, \"10\": 4, \"11\": 7}, \"duration\": 450, \"game_counter\": 3}, {\"subs\": {\"in\": {\"7\": 2, \"10\": 8}, \"out\": {\"7\": 1, \"10\": 4}}, \"bench\": [4, 1], \"start\": 7.5, \"lineup\": {\"1\": 0, \"2\": 3, \"4\": 9, \"5\": 6, \"7\": 2, \"9\": 5, \"10\": 8, \"11\": 7}, \"duration\": 450, \"game_counter\": 3}, {\"bench\": [6, 5], \"start\": 0, \"lineup\": {\"1\": 0, \"2\": 4, \"4\": 7, \"5\": 9, \"7\": 2, \"9\": 8, \"10\": 1, \"11\": 3}, \"duration\": 450, \"game_counter\": 4}, {\"subs\": {\"in\": {\"5\": 5, \"11\": 6}, \"out\": {\"5\": 9, \"11\": 3}}, \"bench\": [9, 3], \"start\": 7.5, \"lineup\": {\"1\": 0, \"2\": 4, \"4\": 7, \"5\": 5, \"7\": 2, \"9\": 8, \"10\": 1, \"11\": 6}, \"duration\": 450, \"game_counter\": 4}]',1,NULL,'2026-04-20 11:49:30'),(48,NULL,'8v8_1gk_4x15',10,30038,NULL,'[{\"bench\": [1, 7], \"start\": 0, \"lineup\": {\"1\": 0, \"2\": 9, \"4\": 8, \"5\": 5, \"7\": 3, \"9\": 6, \"10\": 4, \"11\": 2}, \"duration\": 450, \"game_counter\": 1}, {\"subs\": {\"in\": {\"9\": 7, \"10\": 1}, \"out\": {\"9\": 6, \"10\": 4}}, \"bench\": [6, 4], \"start\": 7.5, \"lineup\": {\"1\": 0, \"2\": 9, \"4\": 8, \"5\": 5, \"7\": 3, \"9\": 7, \"10\": 1, \"11\": 2}, \"duration\": 450, \"game_counter\": 1}, {\"bench\": [2, 8], \"start\": 0, \"lineup\": {\"1\": 0, \"2\": 3, \"4\": 9, \"5\": 5, \"7\": 4, \"9\": 6, \"10\": 7, \"11\": 1}, \"duration\": 450, \"game_counter\": 2}, {\"subs\": {\"in\": {\"5\": 8, \"7\": 2}, \"out\": {\"5\": 5, \"7\": 4}}, \"bench\": [5, 4], \"start\": 7.5, \"lineup\": {\"1\": 0, \"2\": 3, \"4\": 9, \"5\": 8, \"7\": 2, \"9\": 6, \"10\": 7, \"11\": 1}, \"duration\": 450, \"game_counter\": 2}, {\"bench\": [8, 2], \"start\": 0, \"lineup\": {\"1\": 0, \"2\": 6, \"4\": 4, \"5\": 9, \"7\": 5, \"9\": 3, \"10\": 1, \"11\": 7}, \"duration\": 450, \"game_counter\": 3}, {\"subs\": {\"in\": {\"2\": 8, \"5\": 2}, \"out\": {\"2\": 6, \"5\": 9}}, \"bench\": [9, 6], \"start\": 7.5, \"lineup\": {\"1\": 0, \"2\": 8, \"4\": 4, \"5\": 2, \"7\": 5, \"9\": 3, \"10\": 1, \"11\": 7}, \"duration\": 450, \"game_counter\": 3}, {\"bench\": [5, 3], \"start\": 0, \"lineup\": {\"1\": 0, \"2\": 9, \"4\": 6, \"5\": 8, \"7\": 1, \"9\": 7, \"10\": 4, \"11\": 2}, \"duration\": 450, \"game_counter\": 4}, {\"subs\": {\"in\": {\"7\": 3, \"9\": 5}, \"out\": {\"7\": 1, \"9\": 7}}, \"bench\": [7, 1], \"start\": 7.5, \"lineup\": {\"1\": 0, \"2\": 9, \"4\": 6, \"5\": 8, \"7\": 3, \"9\": 5, \"10\": 4, \"11\": 2}, \"duration\": 450, \"game_counter\": 4}]',1,NULL,'2026-04-20 11:49:30'),(49,NULL,'8v8_1gk_4x15',10,30039,NULL,'[{\"bench\": [5, 8], \"start\": 0, \"lineup\": {\"1\": 0, \"2\": 6, \"4\": 7, \"5\": 4, \"7\": 3, \"9\": 2, \"10\": 1, \"11\": 9}, \"duration\": 450, \"game_counter\": 1}, {\"subs\": {\"in\": {\"2\": 8, \"7\": 5}, \"out\": {\"2\": 6, \"7\": 3}}, \"bench\": [6, 3], \"start\": 7.5, \"lineup\": {\"1\": 0, \"2\": 8, \"4\": 7, \"5\": 4, \"7\": 5, \"9\": 2, \"10\": 1, \"11\": 9}, \"duration\": 450, \"game_counter\": 1}, {\"bench\": [1, 5], \"start\": 0, \"lineup\": {\"1\": 0, \"2\": 4, \"4\": 6, \"5\": 7, \"7\": 9, \"9\": 2, \"10\": 8, \"11\": 3}, \"duration\": 450, \"game_counter\": 2}, {\"subs\": {\"in\": {\"5\": 5, \"9\": 1}, \"out\": {\"5\": 7, \"9\": 2}}, \"bench\": [2, 7], \"start\": 7.5, \"lineup\": {\"1\": 0, \"2\": 4, \"4\": 6, \"5\": 5, \"7\": 9, \"9\": 1, \"10\": 8, \"11\": 3}, \"duration\": 450, \"game_counter\": 2}, {\"bench\": [9, 3], \"start\": 0, \"lineup\": {\"1\": 0, \"2\": 5, \"4\": 7, \"5\": 1, \"7\": 2, \"9\": 4, \"10\": 6, \"11\": 8}, \"duration\": 450, \"game_counter\": 3}, {\"subs\": {\"in\": {\"5\": 9, \"9\": 3}, \"out\": {\"5\": 1, \"9\": 4}}, \"bench\": [1, 4], \"start\": 7.5, \"lineup\": {\"1\": 0, \"2\": 5, \"4\": 7, \"5\": 9, \"7\": 2, \"9\": 3, \"10\": 6, \"11\": 8}, \"duration\": 450, \"game_counter\": 3}, {\"bench\": [2, 9], \"start\": 0, \"lineup\": {\"1\": 0, \"2\": 3, \"4\": 1, \"5\": 4, \"7\": 8, \"9\": 5, \"10\": 6, \"11\": 7}, \"duration\": 450, \"game_counter\": 4}, {\"subs\": {\"in\": {\"5\": 2, \"11\": 9}, \"out\": {\"5\": 4, \"11\": 7}}, \"bench\": [4, 7], \"start\": 7.5, \"lineup\": {\"1\": 0, \"2\": 3, \"4\": 1, \"5\": 2, \"7\": 8, \"9\": 5, \"10\": 6, \"11\": 9}, \"duration\": 450, \"game_counter\": 4}]',1,NULL,'2026-04-20 11:49:30'),(50,NULL,'8v8_1gk_4x15',10,30040,NULL,'[{\"bench\": [4, 5], \"start\": 0, \"lineup\": {\"1\": 0, \"2\": 7, \"4\": 8, \"5\": 9, \"7\": 1, \"9\": 3, \"10\": 2, \"11\": 6}, \"duration\": 450, \"game_counter\": 1}, {\"subs\": {\"in\": {\"5\": 5, \"10\": 4}, \"out\": {\"5\": 9, \"10\": 2}}, \"bench\": [9, 2], \"start\": 7.5, \"lineup\": {\"1\": 0, \"2\": 7, \"4\": 8, \"5\": 5, \"7\": 1, \"9\": 3, \"10\": 4, \"11\": 6}, \"duration\": 450, \"game_counter\": 1}, {\"bench\": [3, 6], \"start\": 0, \"lineup\": {\"1\": 0, \"2\": 1, \"4\": 5, \"5\": 8, \"7\": 2, \"9\": 4, \"10\": 7, \"11\": 9}, \"duration\": 450, \"game_counter\": 2}, {\"subs\": {\"in\": {\"2\": 6, \"5\": 3}, \"out\": {\"2\": 1, \"5\": 8}}, \"bench\": [8, 1], \"start\": 7.5, \"lineup\": {\"1\": 0, \"2\": 6, \"4\": 5, \"5\": 3, \"7\": 2, \"9\": 4, \"10\": 7, \"11\": 9}, \"duration\": 450, \"game_counter\": 2}, {\"bench\": [9, 3], \"start\": 0, \"lineup\": {\"1\": 0, \"2\": 2, \"4\": 4, \"5\": 7, \"7\": 8, \"9\": 5, \"10\": 1, \"11\": 6}, \"duration\": 450, \"game_counter\": 3}, {\"subs\": {\"in\": {\"4\": 3, \"5\": 9}, \"out\": {\"4\": 4, \"5\": 7}}, \"bench\": [4, 7], \"start\": 7.5, \"lineup\": {\"1\": 0, \"2\": 2, \"4\": 3, \"5\": 9, \"7\": 8, \"9\": 5, \"10\": 1, \"11\": 6}, \"duration\": 450, \"game_counter\": 3}, {\"bench\": [6, 1], \"start\": 0, \"lineup\": {\"1\": 0, \"2\": 9, \"4\": 3, \"5\": 5, \"7\": 7, \"9\": 4, \"10\": 2, \"11\": 8}, \"duration\": 450, \"game_counter\": 4}, {\"subs\": {\"in\": {\"5\": 6, \"7\": 1}, \"out\": {\"5\": 5, \"7\": 7}}, \"bench\": [5, 7], \"start\": 7.5, \"lineup\": {\"1\": 0, \"2\": 9, \"4\": 3, \"5\": 6, \"7\": 1, \"9\": 4, \"10\": 2, \"11\": 8}, \"duration\": 450, \"game_counter\": 4}]',1,NULL,'2026-04-20 11:49:30'),(51,NULL,'8v8_1gk_4x15',10,30041,NULL,'[{\"bench\": [9, 2], \"start\": 0, \"lineup\": {\"1\": 0, \"2\": 3, \"4\": 6, \"5\": 7, \"7\": 4, \"9\": 1, \"10\": 5, \"11\": 8}, \"duration\": 450, \"game_counter\": 1}, {\"subs\": {\"in\": {\"2\": 9, \"10\": 2}, \"out\": {\"2\": 3, \"10\": 5}}, \"bench\": [5, 3], \"start\": 7.5, \"lineup\": {\"1\": 0, \"2\": 9, \"4\": 6, \"5\": 7, \"7\": 4, \"9\": 1, \"10\": 2, \"11\": 8}, \"duration\": 450, \"game_counter\": 1}, {\"bench\": [1, 7], \"start\": 0, \"lineup\": {\"1\": 0, \"2\": 3, \"4\": 4, \"5\": 8, \"7\": 9, \"9\": 6, \"10\": 2, \"11\": 5}, \"duration\": 450, \"game_counter\": 2}, {\"subs\": {\"in\": {\"9\": 7, \"10\": 1}, \"out\": {\"9\": 6, \"10\": 2}}, \"bench\": [6, 2], \"start\": 7.5, \"lineup\": {\"1\": 0, \"2\": 3, \"4\": 4, \"5\": 8, \"7\": 9, \"9\": 7, \"10\": 1, \"11\": 5}, \"duration\": 450, \"game_counter\": 2}, {\"bench\": [5, 8], \"start\": 0, \"lineup\": {\"1\": 0, \"2\": 4, \"4\": 7, \"5\": 2, \"7\": 3, \"9\": 6, \"10\": 9, \"11\": 1}, \"duration\": 450, \"game_counter\": 3}, {\"subs\": {\"in\": {\"2\": 5, \"4\": 8}, \"out\": {\"2\": 4, \"4\": 7}}, \"bench\": [4, 7], \"start\": 7.5, \"lineup\": {\"1\": 0, \"2\": 5, \"4\": 8, \"5\": 2, \"7\": 3, \"9\": 6, \"10\": 9, \"11\": 1}, \"duration\": 450, \"game_counter\": 3}, {\"bench\": [1, 3], \"start\": 0, \"lineup\": {\"1\": 0, \"2\": 5, \"4\": 4, \"5\": 6, \"7\": 2, \"9\": 9, \"10\": 8, \"11\": 7}, \"duration\": 450, \"game_counter\": 4}, {\"subs\": {\"in\": {\"5\": 3, \"10\": 1}, \"out\": {\"5\": 6, \"10\": 8}}, \"bench\": [6, 8], \"start\": 7.5, \"lineup\": {\"1\": 0, \"2\": 5, \"4\": 4, \"5\": 3, \"7\": 2, \"9\": 9, \"10\": 1, \"11\": 7}, \"duration\": 450, \"game_counter\": 4}]',1,NULL,'2026-04-20 11:49:30'),(52,NULL,'8v8_1gk_4x15',10,30042,NULL,'[{\"bench\": [1, 8], \"start\": 0, \"lineup\": {\"1\": 0, \"2\": 5, \"4\": 2, \"5\": 6, \"7\": 4, \"9\": 9, \"10\": 7, \"11\": 3}, \"duration\": 450, \"game_counter\": 1}, {\"subs\": {\"in\": {\"2\": 1, \"4\": 8}, \"out\": {\"2\": 5, \"4\": 2}}, \"bench\": [2, 5], \"start\": 7.5, \"lineup\": {\"1\": 0, \"2\": 1, \"4\": 8, \"5\": 6, \"7\": 4, \"9\": 9, \"10\": 7, \"11\": 3}, \"duration\": 450, \"game_counter\": 1}, {\"bench\": [3, 8], \"start\": 0, \"lineup\": {\"1\": 0, \"2\": 1, \"4\": 9, \"5\": 4, \"7\": 5, \"9\": 6, \"10\": 2, \"11\": 7}, \"duration\": 450, \"game_counter\": 2}, {\"subs\": {\"in\": {\"5\": 8, \"7\": 3}, \"out\": {\"5\": 4, \"7\": 5}}, \"bench\": [5, 4], \"start\": 7.5, \"lineup\": {\"1\": 0, \"2\": 1, \"4\": 9, \"5\": 8, \"7\": 3, \"9\": 6, \"10\": 2, \"11\": 7}, \"duration\": 450, \"game_counter\": 2}, {\"bench\": [9, 2], \"start\": 0, \"lineup\": {\"1\": 0, \"2\": 3, \"4\": 7, \"5\": 6, \"7\": 8, \"9\": 5, \"10\": 4, \"11\": 1}, \"duration\": 450, \"game_counter\": 3}, {\"subs\": {\"in\": {\"5\": 2, \"10\": 9}, \"out\": {\"5\": 6, \"10\": 4}}, \"bench\": [6, 4], \"start\": 7.5, \"lineup\": {\"1\": 0, \"2\": 3, \"4\": 7, \"5\": 2, \"7\": 8, \"9\": 5, \"10\": 9, \"11\": 1}, \"duration\": 450, \"game_counter\": 3}, {\"bench\": [3, 9], \"start\": 0, \"lineup\": {\"1\": 0, \"2\": 7, \"4\": 6, \"5\": 8, \"7\": 1, \"9\": 4, \"10\": 2, \"11\": 5}, \"duration\": 450, \"game_counter\": 4}, {\"subs\": {\"in\": {\"2\": 3, \"7\": 9}, \"out\": {\"2\": 7, \"7\": 1}}, \"bench\": [7, 1], \"start\": 7.5, \"lineup\": {\"1\": 0, \"2\": 3, \"4\": 6, \"5\": 8, \"7\": 9, \"9\": 4, \"10\": 2, \"11\": 5}, \"duration\": 450, \"game_counter\": 4}]',1,NULL,'2026-04-20 11:49:30'),(53,NULL,'8v8_1gk_4x15',10,30043,NULL,'[{\"bench\": [4, 9], \"start\": 0, \"lineup\": {\"1\": 0, \"2\": 2, \"4\": 1, \"5\": 8, \"7\": 3, \"9\": 5, \"10\": 6, \"11\": 7}, \"duration\": 450, \"game_counter\": 1}, {\"subs\": {\"in\": {\"2\": 9, \"5\": 4}, \"out\": {\"2\": 2, \"5\": 8}}, \"bench\": [8, 2], \"start\": 7.5, \"lineup\": {\"1\": 0, \"2\": 9, \"4\": 1, \"5\": 4, \"7\": 3, \"9\": 5, \"10\": 6, \"11\": 7}, \"duration\": 450, \"game_counter\": 1}, {\"bench\": [1, 3], \"start\": 0, \"lineup\": {\"1\": 0, \"2\": 9, \"4\": 6, \"5\": 5, \"7\": 4, \"9\": 8, \"10\": 7, \"11\": 2}, \"duration\": 450, \"game_counter\": 2}, {\"subs\": {\"in\": {\"5\": 1, \"11\": 3}, \"out\": {\"5\": 5, \"11\": 2}}, \"bench\": [5, 2], \"start\": 7.5, \"lineup\": {\"1\": 0, \"2\": 9, \"4\": 6, \"5\": 1, \"7\": 4, \"9\": 8, \"10\": 7, \"11\": 3}, \"duration\": 450, \"game_counter\": 2}, {\"bench\": [6, 7], \"start\": 0, \"lineup\": {\"1\": 0, \"2\": 3, \"4\": 5, \"5\": 1, \"7\": 2, \"9\": 9, \"10\": 4, \"11\": 8}, \"duration\": 450, \"game_counter\": 3}, {\"subs\": {\"in\": {\"2\": 7, \"4\": 6}, \"out\": {\"2\": 3, \"4\": 5}}, \"bench\": [3, 5], \"start\": 7.5, \"lineup\": {\"1\": 0, \"2\": 7, \"4\": 6, \"5\": 1, \"7\": 2, \"9\": 9, \"10\": 4, \"11\": 8}, \"duration\": 450, \"game_counter\": 3}, {\"bench\": [8, 6], \"start\": 0, \"lineup\": {\"1\": 0, \"2\": 4, \"4\": 7, \"5\": 2, \"7\": 1, \"9\": 5, \"10\": 9, \"11\": 3}, \"duration\": 450, \"game_counter\": 4}, {\"subs\": {\"in\": {\"4\": 8, \"7\": 6}, \"out\": {\"4\": 7, \"7\": 1}}, \"bench\": [7, 1], \"start\": 7.5, \"lineup\": {\"1\": 0, \"2\": 4, \"4\": 8, \"5\": 2, \"7\": 6, \"9\": 5, \"10\": 9, \"11\": 3}, \"duration\": 450, \"game_counter\": 4}]',1,NULL,'2026-04-20 11:49:30'),(54,NULL,'8v8_1gk_4x15',10,30044,NULL,'[{\"bench\": [9, 1], \"start\": 0, \"lineup\": {\"1\": 0, \"2\": 7, \"4\": 8, \"5\": 3, \"7\": 4, \"9\": 5, \"10\": 2, \"11\": 6}, \"duration\": 450, \"game_counter\": 1}, {\"subs\": {\"in\": {\"2\": 1, \"11\": 9}, \"out\": {\"2\": 7, \"11\": 6}}, \"bench\": [7, 6], \"start\": 7.5, \"lineup\": {\"1\": 0, \"2\": 1, \"4\": 8, \"5\": 3, \"7\": 4, \"9\": 5, \"10\": 2, \"11\": 9}, \"duration\": 450, \"game_counter\": 1}, {\"bench\": [1, 4], \"start\": 0, \"lineup\": {\"1\": 0, \"2\": 5, \"4\": 3, \"5\": 8, \"7\": 9, \"9\": 2, \"10\": 6, \"11\": 7}, \"duration\": 450, \"game_counter\": 2}, {\"subs\": {\"in\": {\"4\": 4, \"9\": 1}, \"out\": {\"4\": 3, \"9\": 2}}, \"bench\": [3, 2], \"start\": 7.5, \"lineup\": {\"1\": 0, \"2\": 5, \"4\": 4, \"5\": 8, \"7\": 9, \"9\": 1, \"10\": 6, \"11\": 7}, \"duration\": 450, \"game_counter\": 2}, {\"bench\": [8, 5], \"start\": 0, \"lineup\": {\"1\": 0, \"2\": 6, \"4\": 9, \"5\": 1, \"7\": 7, \"9\": 2, \"10\": 4, \"11\": 3}, \"duration\": 450, \"game_counter\": 3}, {\"subs\": {\"in\": {\"4\": 8, \"11\": 5}, \"out\": {\"4\": 9, \"11\": 3}}, \"bench\": [9, 3], \"start\": 7.5, \"lineup\": {\"1\": 0, \"2\": 6, \"4\": 8, \"5\": 1, \"7\": 7, \"9\": 2, \"10\": 4, \"11\": 5}, \"duration\": 450, \"game_counter\": 3}, {\"bench\": [2, 8], \"start\": 0, \"lineup\": {\"1\": 0, \"2\": 9, \"4\": 6, \"5\": 7, \"7\": 1, \"9\": 3, \"10\": 5, \"11\": 4}, \"duration\": 450, \"game_counter\": 4}, {\"subs\": {\"in\": {\"4\": 2, \"10\": 8}, \"out\": {\"4\": 6, \"10\": 5}}, \"bench\": [5, 6], \"start\": 7.5, \"lineup\": {\"1\": 0, \"2\": 9, \"4\": 2, \"5\": 7, \"7\": 1, \"9\": 3, \"10\": 8, \"11\": 4}, \"duration\": 450, \"game_counter\": 4}]',1,NULL,'2026-04-20 11:49:30'),(55,NULL,'8v8_1gk_4x15',10,30045,NULL,'[{\"bench\": [6, 3], \"start\": 0, \"lineup\": {\"1\": 0, \"2\": 7, \"4\": 9, \"5\": 4, \"7\": 8, \"9\": 1, \"10\": 2, \"11\": 5}, \"duration\": 450, \"game_counter\": 1}, {\"subs\": {\"in\": {\"2\": 3, \"5\": 6}, \"out\": {\"2\": 7, \"5\": 4}}, \"bench\": [7, 4], \"start\": 7.5, \"lineup\": {\"1\": 0, \"2\": 3, \"4\": 9, \"5\": 6, \"7\": 8, \"9\": 1, \"10\": 2, \"11\": 5}, \"duration\": 450, \"game_counter\": 1}, {\"bench\": [5, 1], \"start\": 0, \"lineup\": {\"1\": 0, \"2\": 9, \"4\": 2, \"5\": 7, \"7\": 6, \"9\": 4, \"10\": 3, \"11\": 8}, \"duration\": 450, \"game_counter\": 2}, {\"subs\": {\"in\": {\"4\": 1, \"7\": 5}, \"out\": {\"4\": 2, \"7\": 6}}, \"bench\": [2, 6], \"start\": 7.5, \"lineup\": {\"1\": 0, \"2\": 9, \"4\": 1, \"5\": 7, \"7\": 5, \"9\": 4, \"10\": 3, \"11\": 8}, \"duration\": 450, \"game_counter\": 2}, {\"bench\": [9, 3], \"start\": 0, \"lineup\": {\"1\": 0, \"2\": 1, \"4\": 6, \"5\": 4, \"7\": 2, \"9\": 5, \"10\": 8, \"11\": 7}, \"duration\": 450, \"game_counter\": 3}, {\"subs\": {\"in\": {\"9\": 3, \"11\": 9}, \"out\": {\"9\": 5, \"11\": 7}}, \"bench\": [7, 5], \"start\": 7.5, \"lineup\": {\"1\": 0, \"2\": 1, \"4\": 6, \"5\": 4, \"7\": 2, \"9\": 3, \"10\": 8, \"11\": 9}, \"duration\": 450, \"game_counter\": 3}, {\"bench\": [8, 4], \"start\": 0, \"lineup\": {\"1\": 0, \"2\": 2, \"4\": 7, \"5\": 9, \"7\": 6, \"9\": 5, \"10\": 1, \"11\": 3}, \"duration\": 450, \"game_counter\": 4}, {\"subs\": {\"in\": {\"2\": 4, \"10\": 8}, \"out\": {\"2\": 2, \"10\": 1}}, \"bench\": [1, 2], \"start\": 7.5, \"lineup\": {\"1\": 0, \"2\": 4, \"4\": 7, \"5\": 9, \"7\": 6, \"9\": 5, \"10\": 8, \"11\": 3}, \"duration\": 450, \"game_counter\": 4}]',1,NULL,'2026-04-20 11:49:30'),(56,NULL,'8v8_1gk_4x15',10,30046,NULL,'[{\"bench\": [2, 4], \"start\": 0, \"lineup\": {\"1\": 0, \"2\": 8, \"4\": 1, \"5\": 3, \"7\": 5, \"9\": 9, \"10\": 6, \"11\": 7}, \"duration\": 450, \"game_counter\": 1}, {\"subs\": {\"in\": {\"4\": 2, \"5\": 4}, \"out\": {\"4\": 1, \"5\": 3}}, \"bench\": [1, 3], \"start\": 7.5, \"lineup\": {\"1\": 0, \"2\": 8, \"4\": 2, \"5\": 4, \"7\": 5, \"9\": 9, \"10\": 6, \"11\": 7}, \"duration\": 450, \"game_counter\": 1}, {\"bench\": [5, 4], \"start\": 0, \"lineup\": {\"1\": 0, \"2\": 2, \"4\": 7, \"5\": 6, \"7\": 9, \"9\": 1, \"10\": 3, \"11\": 8}, \"duration\": 450, \"game_counter\": 2}, {\"subs\": {\"in\": {\"7\": 4, \"11\": 5}, \"out\": {\"7\": 9, \"11\": 8}}, \"bench\": [8, 9], \"start\": 7.5, \"lineup\": {\"1\": 0, \"2\": 2, \"4\": 7, \"5\": 6, \"7\": 4, \"9\": 1, \"10\": 3, \"11\": 5}, \"duration\": 450, \"game_counter\": 2}, {\"bench\": [3, 5], \"start\": 0, \"lineup\": {\"1\": 0, \"2\": 9, \"4\": 8, \"5\": 1, \"7\": 7, \"9\": 4, \"10\": 2, \"11\": 6}, \"duration\": 450, \"game_counter\": 3}, {\"subs\": {\"in\": {\"2\": 3, \"7\": 5}, \"out\": {\"2\": 9, \"7\": 7}}, \"bench\": [7, 9], \"start\": 7.5, \"lineup\": {\"1\": 0, \"2\": 3, \"4\": 8, \"5\": 1, \"7\": 5, \"9\": 4, \"10\": 2, \"11\": 6}, \"duration\": 450, \"game_counter\": 3}, {\"bench\": [6, 1], \"start\": 0, \"lineup\": {\"1\": 0, \"2\": 8, \"4\": 5, \"5\": 3, \"7\": 9, \"9\": 7, \"10\": 4, \"11\": 2}, \"duration\": 450, \"game_counter\": 4}, {\"subs\": {\"in\": {\"2\": 6, \"11\": 1}, \"out\": {\"2\": 8, \"11\": 2}}, \"bench\": [2, 8], \"start\": 7.5, \"lineup\": {\"1\": 0, \"2\": 6, \"4\": 5, \"5\": 3, \"7\": 9, \"9\": 7, \"10\": 4, \"11\": 1}, \"duration\": 450, \"game_counter\": 4}]',1,NULL,'2026-04-20 11:49:30'),(57,NULL,'8v8_1gk_4x15',10,30047,NULL,'[{\"bench\": [7, 8], \"start\": 0, \"lineup\": {\"1\": 0, \"2\": 2, \"4\": 9, \"5\": 3, \"7\": 5, \"9\": 4, \"10\": 6, \"11\": 1}, \"duration\": 450, \"game_counter\": 1}, {\"subs\": {\"in\": {\"10\": 8, \"11\": 7}, \"out\": {\"10\": 6, \"11\": 1}}, \"bench\": [6, 1], \"start\": 7.5, \"lineup\": {\"1\": 0, \"2\": 2, \"4\": 9, \"5\": 3, \"7\": 5, \"9\": 4, \"10\": 8, \"11\": 7}, \"duration\": 450, \"game_counter\": 1}, {\"bench\": [4, 9], \"start\": 0, \"lineup\": {\"1\": 0, \"2\": 7, \"4\": 1, \"5\": 5, \"7\": 6, \"9\": 8, \"10\": 3, \"11\": 2}, \"duration\": 450, \"game_counter\": 2}, {\"subs\": {\"in\": {\"4\": 4, \"5\": 9}, \"out\": {\"4\": 1, \"5\": 5}}, \"bench\": [5, 1], \"start\": 7.5, \"lineup\": {\"1\": 0, \"2\": 7, \"4\": 4, \"5\": 9, \"7\": 6, \"9\": 8, \"10\": 3, \"11\": 2}, \"duration\": 450, \"game_counter\": 2}, {\"bench\": [6, 9], \"start\": 0, \"lineup\": {\"1\": 0, \"2\": 3, \"4\": 8, \"5\": 7, \"7\": 4, \"9\": 5, \"10\": 2, \"11\": 1}, \"duration\": 450, \"game_counter\": 3}, {\"subs\": {\"in\": {\"2\": 6, \"4\": 9}, \"out\": {\"2\": 3, \"4\": 8}}, \"bench\": [8, 3], \"start\": 7.5, \"lineup\": {\"1\": 0, \"2\": 6, \"4\": 9, \"5\": 7, \"7\": 4, \"9\": 5, \"10\": 2, \"11\": 1}, \"duration\": 450, \"game_counter\": 3}, {\"bench\": [5, 7], \"start\": 0, \"lineup\": {\"1\": 0, \"2\": 1, \"4\": 4, \"5\": 6, \"7\": 9, \"9\": 2, \"10\": 8, \"11\": 3}, \"duration\": 450, \"game_counter\": 4}, {\"subs\": {\"in\": {\"4\": 5, \"9\": 7}, \"out\": {\"4\": 4, \"9\": 2}}, \"bench\": [2, 4], \"start\": 7.5, \"lineup\": {\"1\": 0, \"2\": 1, \"4\": 5, \"5\": 6, \"7\": 9, \"9\": 7, \"10\": 8, \"11\": 3}, \"duration\": 450, \"game_counter\": 4}]',1,NULL,'2026-04-20 11:49:30'),(58,NULL,'8v8_1gk_4x15',10,30048,NULL,'[{\"bench\": [8, 4], \"start\": 0, \"lineup\": {\"1\": 0, \"2\": 2, \"4\": 1, \"5\": 6, \"7\": 3, \"9\": 9, \"10\": 7, \"11\": 5}, \"duration\": 450, \"game_counter\": 1}, {\"subs\": {\"in\": {\"9\": 4, \"10\": 8}, \"out\": {\"9\": 9, \"10\": 7}}, \"bench\": [9, 7], \"start\": 7.5, \"lineup\": {\"1\": 0, \"2\": 2, \"4\": 1, \"5\": 6, \"7\": 3, \"9\": 4, \"10\": 8, \"11\": 5}, \"duration\": 450, \"game_counter\": 1}, {\"bench\": [3, 2], \"start\": 0, \"lineup\": {\"1\": 0, \"2\": 1, \"4\": 5, \"5\": 9, \"7\": 7, \"9\": 8, \"10\": 4, \"11\": 6}, \"duration\": 450, \"game_counter\": 2}, {\"subs\": {\"in\": {\"2\": 3, \"4\": 2}, \"out\": {\"2\": 1, \"4\": 5}}, \"bench\": [1, 5], \"start\": 7.5, \"lineup\": {\"1\": 0, \"2\": 3, \"4\": 2, \"5\": 9, \"7\": 7, \"9\": 8, \"10\": 4, \"11\": 6}, \"duration\": 450, \"game_counter\": 2}, {\"bench\": [9, 6], \"start\": 0, \"lineup\": {\"1\": 0, \"2\": 2, \"4\": 8, \"5\": 5, \"7\": 4, \"9\": 7, \"10\": 1, \"11\": 3}, \"duration\": 450, \"game_counter\": 3}, {\"subs\": {\"in\": {\"10\": 9, \"11\": 6}, \"out\": {\"10\": 1, \"11\": 3}}, \"bench\": [3, 1], \"start\": 7.5, \"lineup\": {\"1\": 0, \"2\": 2, \"4\": 8, \"5\": 5, \"7\": 4, \"9\": 7, \"10\": 9, \"11\": 6}, \"duration\": 450, \"game_counter\": 3}, {\"bench\": [4, 2], \"start\": 0, \"lineup\": {\"1\": 0, \"2\": 9, \"4\": 7, \"5\": 3, \"7\": 6, \"9\": 1, \"10\": 5, \"11\": 8}, \"duration\": 450, \"game_counter\": 4}, {\"subs\": {\"in\": {\"7\": 2, \"11\": 4}, \"out\": {\"7\": 6, \"11\": 8}}, \"bench\": [8, 6], \"start\": 7.5, \"lineup\": {\"1\": 0, \"2\": 9, \"4\": 7, \"5\": 3, \"7\": 2, \"9\": 1, \"10\": 5, \"11\": 4}, \"duration\": 450, \"game_counter\": 4}]',1,NULL,'2026-04-20 11:49:30'),(59,NULL,'8v8_1gk_4x15',10,30049,NULL,'[{\"bench\": [3, 7], \"start\": 0, \"lineup\": {\"1\": 0, \"2\": 2, \"4\": 8, \"5\": 6, \"7\": 1, \"9\": 9, \"10\": 4, \"11\": 5}, \"duration\": 450, \"game_counter\": 1}, {\"subs\": {\"in\": {\"5\": 3, \"11\": 7}, \"out\": {\"5\": 6, \"11\": 5}}, \"bench\": [5, 6], \"start\": 7.5, \"lineup\": {\"1\": 0, \"2\": 2, \"4\": 8, \"5\": 3, \"7\": 1, \"9\": 9, \"10\": 4, \"11\": 7}, \"duration\": 450, \"game_counter\": 1}, {\"bench\": [7, 1], \"start\": 0, \"lineup\": {\"1\": 0, \"2\": 2, \"4\": 3, \"5\": 9, \"7\": 4, \"9\": 6, \"10\": 5, \"11\": 8}, \"duration\": 450, \"game_counter\": 2}, {\"subs\": {\"in\": {\"2\": 7, \"5\": 1}, \"out\": {\"2\": 2, \"5\": 9}}, \"bench\": [9, 2], \"start\": 7.5, \"lineup\": {\"1\": 0, \"2\": 7, \"4\": 3, \"5\": 1, \"7\": 4, \"9\": 6, \"10\": 5, \"11\": 8}, \"duration\": 450, \"game_counter\": 2}, {\"bench\": [8, 3], \"start\": 0, \"lineup\": {\"1\": 0, \"2\": 9, \"4\": 1, \"5\": 6, \"7\": 5, \"9\": 2, \"10\": 4, \"11\": 7}, \"duration\": 450, \"game_counter\": 3}, {\"subs\": {\"in\": {\"7\": 3, \"9\": 8}, \"out\": {\"7\": 5, \"9\": 2}}, \"bench\": [2, 5], \"start\": 7.5, \"lineup\": {\"1\": 0, \"2\": 9, \"4\": 1, \"5\": 6, \"7\": 3, \"9\": 8, \"10\": 4, \"11\": 7}, \"duration\": 450, \"game_counter\": 3}, {\"bench\": [1, 8], \"start\": 0, \"lineup\": {\"1\": 0, \"2\": 5, \"4\": 6, \"5\": 4, \"7\": 2, \"9\": 9, \"10\": 7, \"11\": 3}, \"duration\": 450, \"game_counter\": 4}, {\"subs\": {\"in\": {\"5\": 8, \"9\": 1}, \"out\": {\"5\": 4, \"9\": 9}}, \"bench\": [4, 9], \"start\": 7.5, \"lineup\": {\"1\": 0, \"2\": 5, \"4\": 6, \"5\": 8, \"7\": 2, \"9\": 1, \"10\": 7, \"11\": 3}, \"duration\": 450, \"game_counter\": 4}]',1,NULL,'2026-04-20 11:49:30'),(60,NULL,'8v8_1gk_4x15',10,30050,NULL,'[{\"bench\": [5, 7], \"start\": 0, \"lineup\": {\"1\": 0, \"2\": 3, \"4\": 4, \"5\": 8, \"7\": 1, \"9\": 2, \"10\": 6, \"11\": 9}, \"duration\": 450, \"game_counter\": 1}, {\"subs\": {\"in\": {\"4\": 7, \"11\": 5}, \"out\": {\"4\": 4, \"11\": 9}}, \"bench\": [4, 9], \"start\": 7.5, \"lineup\": {\"1\": 0, \"2\": 3, \"4\": 7, \"5\": 8, \"7\": 1, \"9\": 2, \"10\": 6, \"11\": 5}, \"duration\": 450, \"game_counter\": 1}, {\"bench\": [8, 1], \"start\": 0, \"lineup\": {\"1\": 0, \"2\": 4, \"4\": 2, \"5\": 7, \"7\": 3, \"9\": 9, \"10\": 5, \"11\": 6}, \"duration\": 450, \"game_counter\": 2}, {\"subs\": {\"in\": {\"2\": 8, \"7\": 1}, \"out\": {\"2\": 4, \"7\": 3}}, \"bench\": [4, 3], \"start\": 7.5, \"lineup\": {\"1\": 0, \"2\": 8, \"4\": 2, \"5\": 7, \"7\": 1, \"9\": 9, \"10\": 5, \"11\": 6}, \"duration\": 450, \"game_counter\": 2}, {\"bench\": [6, 7], \"start\": 0, \"lineup\": {\"1\": 0, \"2\": 3, \"4\": 4, \"5\": 8, \"7\": 2, \"9\": 9, \"10\": 1, \"11\": 5}, \"duration\": 450, \"game_counter\": 3}, {\"subs\": {\"in\": {\"2\": 7, \"7\": 6}, \"out\": {\"2\": 3, \"7\": 2}}, \"bench\": [3, 2], \"start\": 7.5, \"lineup\": {\"1\": 0, \"2\": 7, \"4\": 4, \"5\": 8, \"7\": 6, \"9\": 9, \"10\": 1, \"11\": 5}, \"duration\": 450, \"game_counter\": 3}, {\"bench\": [5, 6], \"start\": 0, \"lineup\": {\"1\": 0, \"2\": 9, \"4\": 3, \"5\": 2, \"7\": 7, \"9\": 8, \"10\": 4, \"11\": 1}, \"duration\": 450, \"game_counter\": 4}, {\"subs\": {\"in\": {\"2\": 6, \"9\": 5}, \"out\": {\"2\": 9, \"9\": 8}}, \"bench\": [8, 9], \"start\": 7.5, \"lineup\": {\"1\": 0, \"2\": 6, \"4\": 3, \"5\": 2, \"7\": 7, \"9\": 5, \"10\": 4, \"11\": 1}, \"duration\": 450, \"game_counter\": 4}]',1,NULL,'2026-04-20 11:49:30'),(61,NULL,'8v8_1gk_4x15',10,30051,NULL,'[{\"bench\": [8, 5], \"start\": 0, \"lineup\": {\"1\": 0, \"2\": 1, \"4\": 9, \"5\": 7, \"7\": 4, \"9\": 2, \"10\": 6, \"11\": 3}, \"duration\": 450, \"game_counter\": 1}, {\"subs\": {\"in\": {\"4\": 8, \"11\": 5}, \"out\": {\"4\": 9, \"11\": 3}}, \"bench\": [9, 3], \"start\": 7.5, \"lineup\": {\"1\": 0, \"2\": 1, \"4\": 8, \"5\": 7, \"7\": 4, \"9\": 2, \"10\": 6, \"11\": 5}, \"duration\": 450, \"game_counter\": 1}, {\"bench\": [1, 5], \"start\": 0, \"lineup\": {\"1\": 0, \"2\": 4, \"4\": 7, \"5\": 8, \"7\": 6, \"9\": 3, \"10\": 2, \"11\": 9}, \"duration\": 450, \"game_counter\": 2}, {\"subs\": {\"in\": {\"4\": 5, \"7\": 1}, \"out\": {\"4\": 7, \"7\": 6}}, \"bench\": [7, 6], \"start\": 7.5, \"lineup\": {\"1\": 0, \"2\": 4, \"4\": 5, \"5\": 8, \"7\": 1, \"9\": 3, \"10\": 2, \"11\": 9}, \"duration\": 450, \"game_counter\": 2}, {\"bench\": [4, 2], \"start\": 0, \"lineup\": {\"1\": 0, \"2\": 9, \"4\": 1, \"5\": 3, \"7\": 5, \"9\": 6, \"10\": 8, \"11\": 7}, \"duration\": 450, \"game_counter\": 3}, {\"subs\": {\"in\": {\"9\": 4, \"11\": 2}, \"out\": {\"9\": 6, \"11\": 7}}, \"bench\": [7, 6], \"start\": 7.5, \"lineup\": {\"1\": 0, \"2\": 9, \"4\": 1, \"5\": 3, \"7\": 5, \"9\": 4, \"10\": 8, \"11\": 2}, \"duration\": 450, \"game_counter\": 3}, {\"bench\": [3, 1], \"start\": 0, \"lineup\": {\"1\": 0, \"2\": 7, \"4\": 8, \"5\": 9, \"7\": 5, \"9\": 2, \"10\": 4, \"11\": 6}, \"duration\": 450, \"game_counter\": 4}, {\"subs\": {\"in\": {\"4\": 1, \"5\": 3}, \"out\": {\"4\": 8, \"5\": 9}}, \"bench\": [8, 9], \"start\": 7.5, \"lineup\": {\"1\": 0, \"2\": 7, \"4\": 1, \"5\": 3, \"7\": 5, \"9\": 2, \"10\": 4, \"11\": 6}, \"duration\": 450, \"game_counter\": 4}]',1,NULL,'2026-04-20 11:49:30'),(62,NULL,'8v8_1gk_4x15',10,30052,NULL,'[{\"bench\": [5, 9], \"start\": 0, \"lineup\": {\"1\": 0, \"2\": 4, \"4\": 2, \"5\": 6, \"7\": 1, \"9\": 8, \"10\": 3, \"11\": 7}, \"duration\": 450, \"game_counter\": 1}, {\"subs\": {\"in\": {\"2\": 5, \"11\": 9}, \"out\": {\"2\": 4, \"11\": 7}}, \"bench\": [7, 4], \"start\": 7.5, \"lineup\": {\"1\": 0, \"2\": 5, \"4\": 2, \"5\": 6, \"7\": 1, \"9\": 8, \"10\": 3, \"11\": 9}, \"duration\": 450, \"game_counter\": 1}, {\"bench\": [8, 6], \"start\": 0, \"lineup\": {\"1\": 0, \"2\": 4, \"4\": 5, \"5\": 9, \"7\": 7, \"9\": 1, \"10\": 2, \"11\": 3}, \"duration\": 450, \"game_counter\": 2}, {\"subs\": {\"in\": {\"5\": 6, \"11\": 8}, \"out\": {\"5\": 9, \"11\": 3}}, \"bench\": [3, 9], \"start\": 7.5, \"lineup\": {\"1\": 0, \"2\": 4, \"4\": 5, \"5\": 6, \"7\": 7, \"9\": 1, \"10\": 2, \"11\": 8}, \"duration\": 450, \"game_counter\": 2}, {\"bench\": [7, 2], \"start\": 0, \"lineup\": {\"1\": 0, \"2\": 3, \"4\": 1, \"5\": 9, \"7\": 4, \"9\": 6, \"10\": 8, \"11\": 5}, \"duration\": 450, \"game_counter\": 3}, {\"subs\": {\"in\": {\"2\": 2, \"10\": 7}, \"out\": {\"2\": 3, \"10\": 8}}, \"bench\": [3, 8], \"start\": 7.5, \"lineup\": {\"1\": 0, \"2\": 2, \"4\": 1, \"5\": 9, \"7\": 4, \"9\": 6, \"10\": 7, \"11\": 5}, \"duration\": 450, \"game_counter\": 3}, {\"bench\": [1, 5], \"start\": 0, \"lineup\": {\"1\": 0, \"2\": 6, \"4\": 7, \"5\": 3, \"7\": 8, \"9\": 9, \"10\": 2, \"11\": 4}, \"duration\": 450, \"game_counter\": 4}, {\"subs\": {\"in\": {\"2\": 5, \"10\": 1}, \"out\": {\"2\": 6, \"10\": 2}}, \"bench\": [2, 6], \"start\": 7.5, \"lineup\": {\"1\": 0, \"2\": 5, \"4\": 7, \"5\": 3, \"7\": 8, \"9\": 9, \"10\": 1, \"11\": 4}, \"duration\": 450, \"game_counter\": 4}]',1,NULL,'2026-04-20 11:49:30'),(63,NULL,'8v8_1gk_4x15',10,30053,NULL,'[{\"bench\": [3, 5], \"start\": 0, \"lineup\": {\"1\": 0, \"2\": 4, \"4\": 2, \"5\": 8, \"7\": 9, \"9\": 7, \"10\": 1, \"11\": 6}, \"duration\": 450, \"game_counter\": 1}, {\"subs\": {\"in\": {\"7\": 3, \"11\": 5}, \"out\": {\"7\": 9, \"11\": 6}}, \"bench\": [9, 6], \"start\": 7.5, \"lineup\": {\"1\": 0, \"2\": 4, \"4\": 2, \"5\": 8, \"7\": 3, \"9\": 7, \"10\": 1, \"11\": 5}, \"duration\": 450, \"game_counter\": 1}, {\"bench\": [4, 8], \"start\": 0, \"lineup\": {\"1\": 0, \"2\": 3, \"4\": 9, \"5\": 1, \"7\": 5, \"9\": 6, \"10\": 2, \"11\": 7}, \"duration\": 450, \"game_counter\": 2}, {\"subs\": {\"in\": {\"5\": 8, \"10\": 4}, \"out\": {\"5\": 1, \"10\": 2}}, \"bench\": [2, 1], \"start\": 7.5, \"lineup\": {\"1\": 0, \"2\": 3, \"4\": 9, \"5\": 8, \"7\": 5, \"9\": 6, \"10\": 4, \"11\": 7}, \"duration\": 450, \"game_counter\": 2}, {\"bench\": [3, 4], \"start\": 0, \"lineup\": {\"1\": 0, \"2\": 7, \"4\": 8, \"5\": 9, \"7\": 2, \"9\": 6, \"10\": 5, \"11\": 1}, \"duration\": 450, \"game_counter\": 3}, {\"subs\": {\"in\": {\"4\": 4, \"5\": 3}, \"out\": {\"4\": 8, \"5\": 9}}, \"bench\": [8, 9], \"start\": 7.5, \"lineup\": {\"1\": 0, \"2\": 7, \"4\": 4, \"5\": 3, \"7\": 2, \"9\": 6, \"10\": 5, \"11\": 1}, \"duration\": 450, \"game_counter\": 3}, {\"bench\": [1, 7], \"start\": 0, \"lineup\": {\"1\": 0, \"2\": 8, \"4\": 5, \"5\": 2, \"7\": 6, \"9\": 9, \"10\": 3, \"11\": 4}, \"duration\": 450, \"game_counter\": 4}, {\"subs\": {\"in\": {\"5\": 7, \"7\": 1}, \"out\": {\"5\": 2, \"7\": 6}}, \"bench\": [2, 6], \"start\": 7.5, \"lineup\": {\"1\": 0, \"2\": 8, \"4\": 5, \"5\": 7, \"7\": 1, \"9\": 9, \"10\": 3, \"11\": 4}, \"duration\": 450, \"game_counter\": 4}]',1,NULL,'2026-04-20 11:49:30'),(64,NULL,'8v8_1gk_4x15',10,30054,NULL,'[{\"bench\": [2, 3], \"start\": 0, \"lineup\": {\"1\": 0, \"2\": 7, \"4\": 8, \"5\": 6, \"7\": 4, \"9\": 1, \"10\": 9, \"11\": 5}, \"duration\": 450, \"game_counter\": 1}, {\"subs\": {\"in\": {\"7\": 2, \"11\": 3}, \"out\": {\"7\": 4, \"11\": 5}}, \"bench\": [5, 4], \"start\": 7.5, \"lineup\": {\"1\": 0, \"2\": 7, \"4\": 8, \"5\": 6, \"7\": 2, \"9\": 1, \"10\": 9, \"11\": 3}, \"duration\": 450, \"game_counter\": 1}, {\"bench\": [7, 1], \"start\": 0, \"lineup\": {\"1\": 0, \"2\": 6, \"4\": 8, \"5\": 5, \"7\": 2, \"9\": 3, \"10\": 9, \"11\": 4}, \"duration\": 450, \"game_counter\": 2}, {\"subs\": {\"in\": {\"7\": 7, \"10\": 1}, \"out\": {\"7\": 2, \"10\": 9}}, \"bench\": [9, 2], \"start\": 7.5, \"lineup\": {\"1\": 0, \"2\": 6, \"4\": 8, \"5\": 5, \"7\": 7, \"9\": 3, \"10\": 1, \"11\": 4}, \"duration\": 450, \"game_counter\": 2}, {\"bench\": [5, 1], \"start\": 0, \"lineup\": {\"1\": 0, \"2\": 2, \"4\": 6, \"5\": 4, \"7\": 8, \"9\": 9, \"10\": 7, \"11\": 3}, \"duration\": 450, \"game_counter\": 3}, {\"subs\": {\"in\": {\"5\": 1, \"11\": 5}, \"out\": {\"5\": 4, \"11\": 3}}, \"bench\": [3, 4], \"start\": 7.5, \"lineup\": {\"1\": 0, \"2\": 2, \"4\": 6, \"5\": 1, \"7\": 8, \"9\": 9, \"10\": 7, \"11\": 5}, \"duration\": 450, \"game_counter\": 3}, {\"bench\": [9, 8], \"start\": 0, \"lineup\": {\"1\": 0, \"2\": 6, \"4\": 3, \"5\": 1, \"7\": 5, \"9\": 2, \"10\": 4, \"11\": 7}, \"duration\": 450, \"game_counter\": 4}, {\"subs\": {\"in\": {\"2\": 8, \"11\": 9}, \"out\": {\"2\": 6, \"11\": 7}}, \"bench\": [7, 6], \"start\": 7.5, \"lineup\": {\"1\": 0, \"2\": 8, \"4\": 3, \"5\": 1, \"7\": 5, \"9\": 2, \"10\": 4, \"11\": 9}, \"duration\": 450, \"game_counter\": 4}]',1,NULL,'2026-04-20 11:49:30'),(65,NULL,'8v8_1gk_4x15',10,10001,NULL,'[{\"bench\": [2, 8], \"start\": 0, \"lineup\": {\"1\": 0, \"2\": 9, \"4\": 1, \"5\": 5, \"7\": 6, \"9\": 3, \"10\": 4, \"11\": 7}, \"duration\": 450, \"game_counter\": 1}, {\"subs\": {\"in\": {\"5\": 2, \"10\": 8}, \"out\": {\"5\": 5, \"10\": 4}}, \"bench\": [4, 5], \"start\": 7.5, \"lineup\": {\"1\": 0, \"2\": 9, \"4\": 1, \"5\": 2, \"7\": 6, \"9\": 3, \"10\": 8, \"11\": 7}, \"duration\": 450, \"game_counter\": 1}, {\"bench\": [7, 9], \"start\": 0, \"lineup\": {\"1\": 0, \"2\": 5, \"4\": 1, \"5\": 8, \"7\": 2, \"9\": 3, \"10\": 4, \"11\": 6}, \"duration\": 450, \"game_counter\": 2}, {\"subs\": {\"in\": {\"2\": 9, \"9\": 7}, \"out\": {\"2\": 5, \"9\": 3}}, \"bench\": [5, 3], \"start\": 7.5, \"lineup\": {\"1\": 0, \"2\": 9, \"4\": 1, \"5\": 8, \"7\": 2, \"9\": 7, \"10\": 4, \"11\": 6}, \"duration\": 450, \"game_counter\": 2}, {\"bench\": [1, 6], \"start\": 0, \"lineup\": {\"1\": 0, \"2\": 5, \"4\": 9, \"5\": 8, \"7\": 2, \"9\": 3, \"10\": 4, \"11\": 7}, \"duration\": 450, \"game_counter\": 3}, {\"subs\": {\"in\": {\"7\": 6, \"11\": 1}, \"out\": {\"7\": 2, \"11\": 7}}, \"bench\": [7, 2], \"start\": 7.5, \"lineup\": {\"1\": 0, \"2\": 5, \"4\": 9, \"5\": 8, \"7\": 6, \"9\": 3, \"10\": 4, \"11\": 1}, \"duration\": 450, \"game_counter\": 3}, {\"bench\": [8, 9], \"start\": 0, \"lineup\": {\"1\": 0, \"2\": 5, \"4\": 1, \"5\": 7, \"7\": 2, \"9\": 3, \"10\": 4, \"11\": 6}, \"duration\": 450, \"game_counter\": 4}, {\"subs\": {\"in\": {\"4\": 9, \"10\": 8}, \"out\": {\"4\": 1, \"10\": 4}}, \"bench\": [4, 1], \"start\": 7.5, \"lineup\": {\"1\": 0, \"2\": 5, \"4\": 9, \"5\": 7, \"7\": 2, \"9\": 3, \"10\": 8, \"11\": 6}, \"duration\": 450, \"game_counter\": 4}]',1,NULL,'2026-04-20 11:49:30'),(66,NULL,'8v8_1gk_4x15',10,20006,NULL,'[{\"bench\": [4, 9], \"start\": 0, \"lineup\": {\"1\": 0, \"2\": 5, \"4\": 1, \"5\": 7, \"7\": 2, \"9\": 3, \"10\": 8, \"11\": 6}, \"duration\": 450, \"game_counter\": 1}, {\"subs\": {\"in\": {\"7\": 9, \"11\": 4}, \"out\": {\"7\": 2, \"11\": 6}}, \"bench\": [6, 2], \"start\": 7.5, \"lineup\": {\"1\": 0, \"2\": 5, \"4\": 1, \"5\": 7, \"7\": 9, \"9\": 3, \"10\": 8, \"11\": 4}, \"duration\": 450, \"game_counter\": 1}, {\"bench\": [3, 1], \"start\": 0, \"lineup\": {\"1\": 0, \"2\": 5, \"4\": 9, \"5\": 8, \"7\": 2, \"9\": 7, \"10\": 4, \"11\": 6}, \"duration\": 450, \"game_counter\": 2}, {\"subs\": {\"in\": {\"2\": 3, \"10\": 1}, \"out\": {\"2\": 5, \"10\": 4}}, \"bench\": [4, 5], \"start\": 7.5, \"lineup\": {\"1\": 0, \"2\": 3, \"4\": 9, \"5\": 8, \"7\": 2, \"9\": 7, \"10\": 1, \"11\": 6}, \"duration\": 450, \"game_counter\": 2}, {\"bench\": [8, 7], \"start\": 0, \"lineup\": {\"1\": 0, \"2\": 9, \"4\": 1, \"5\": 5, \"7\": 2, \"9\": 3, \"10\": 4, \"11\": 6}, \"duration\": 450, \"game_counter\": 3}, {\"subs\": {\"in\": {\"5\": 8, \"9\": 7}, \"out\": {\"5\": 5, \"9\": 3}}, \"bench\": [5, 3], \"start\": 7.5, \"lineup\": {\"1\": 0, \"2\": 9, \"4\": 1, \"5\": 8, \"7\": 2, \"9\": 7, \"10\": 4, \"11\": 6}, \"duration\": 450, \"game_counter\": 3}, {\"bench\": [2, 7], \"start\": 0, \"lineup\": {\"1\": 0, \"2\": 5, \"4\": 1, \"5\": 8, \"7\": 6, \"9\": 3, \"10\": 4, \"11\": 9}, \"duration\": 450, \"game_counter\": 4}, {\"subs\": {\"in\": {\"5\": 7, \"11\": 2}, \"out\": {\"5\": 8, \"11\": 9}}, \"bench\": [9, 8], \"start\": 7.5, \"lineup\": {\"1\": 0, \"2\": 5, \"4\": 1, \"5\": 7, \"7\": 6, \"9\": 3, \"10\": 4, \"11\": 2}, \"duration\": 450, \"game_counter\": 4}]',1,NULL,'2026-04-20 11:49:30'),(67,NULL,'8v8_1gk_4x15',10,10002,NULL,'[{\"bench\": [5, 1], \"start\": 0, \"lineup\": {\"1\": 0, \"2\": 7, \"4\": 9, \"5\": 8, \"7\": 2, \"9\": 3, \"10\": 4, \"11\": 6}, \"duration\": 450, \"game_counter\": 1}, {\"subs\": {\"in\": {\"5\": 5, \"9\": 1}, \"out\": {\"5\": 8, \"9\": 3}}, \"bench\": [8, 3], \"start\": 7.5, \"lineup\": {\"1\": 0, \"2\": 7, \"4\": 9, \"5\": 5, \"7\": 2, \"9\": 1, \"10\": 4, \"11\": 6}, \"duration\": 450, \"game_counter\": 1}, {\"bench\": [6, 7], \"start\": 0, \"lineup\": {\"1\": 0, \"2\": 5, \"4\": 1, \"5\": 8, \"7\": 2, \"9\": 3, \"10\": 4, \"11\": 9}, \"duration\": 450, \"game_counter\": 2}, {\"subs\": {\"in\": {\"7\": 6, \"11\": 7}, \"out\": {\"7\": 2, \"11\": 9}}, \"bench\": [9, 2], \"start\": 7.5, \"lineup\": {\"1\": 0, \"2\": 5, \"4\": 1, \"5\": 8, \"7\": 6, \"9\": 3, \"10\": 4, \"11\": 7}, \"duration\": 450, \"game_counter\": 2}, {\"bench\": [1, 3], \"start\": 0, \"lineup\": {\"1\": 0, \"2\": 5, \"4\": 9, \"5\": 8, \"7\": 2, \"9\": 7, \"10\": 4, \"11\": 6}, \"duration\": 450, \"game_counter\": 3}, {\"subs\": {\"in\": {\"7\": 3, \"10\": 1}, \"out\": {\"7\": 2, \"10\": 4}}, \"bench\": [2, 4], \"start\": 7.5, \"lineup\": {\"1\": 0, \"2\": 5, \"4\": 9, \"5\": 8, \"7\": 3, \"9\": 7, \"10\": 1, \"11\": 6}, \"duration\": 450, \"game_counter\": 3}, {\"bench\": [8, 9], \"start\": 0, \"lineup\": {\"1\": 0, \"2\": 5, \"4\": 1, \"5\": 7, \"7\": 2, \"9\": 3, \"10\": 4, \"11\": 6}, \"duration\": 450, \"game_counter\": 4}, {\"subs\": {\"in\": {\"5\": 8, \"11\": 9}, \"out\": {\"5\": 7, \"11\": 6}}, \"bench\": [7, 6], \"start\": 7.5, \"lineup\": {\"1\": 0, \"2\": 5, \"4\": 1, \"5\": 8, \"7\": 2, \"9\": 3, \"10\": 4, \"11\": 9}, \"duration\": 450, \"game_counter\": 4}]',1,NULL,'2026-04-20 11:49:30'),(68,NULL,'8v8_1gk_4x15',10,10003,NULL,'[{\"bench\": [1, 8], \"start\": 0, \"lineup\": {\"1\": 0, \"2\": 5, \"4\": 9, \"5\": 7, \"7\": 2, \"9\": 3, \"10\": 4, \"11\": 6}, \"duration\": 450, \"game_counter\": 1}, {\"subs\": {\"in\": {\"2\": 8, \"11\": 1}, \"out\": {\"2\": 5, \"11\": 6}}, \"bench\": [6, 5], \"start\": 7.5, \"lineup\": {\"1\": 0, \"2\": 8, \"4\": 9, \"5\": 7, \"7\": 2, \"9\": 3, \"10\": 4, \"11\": 1}, \"duration\": 450, \"game_counter\": 1}, {\"bench\": [2, 8], \"start\": 0, \"lineup\": {\"1\": 0, \"2\": 9, \"4\": 1, \"5\": 5, \"7\": 6, \"9\": 3, \"10\": 4, \"11\": 7}, \"duration\": 450, \"game_counter\": 2}, {\"subs\": {\"in\": {\"2\": 2, \"10\": 8}, \"out\": {\"2\": 9, \"10\": 4}}, \"bench\": [9, 4], \"start\": 7.5, \"lineup\": {\"1\": 0, \"2\": 2, \"4\": 1, \"5\": 5, \"7\": 6, \"9\": 3, \"10\": 8, \"11\": 7}, \"duration\": 450, \"game_counter\": 2}, {\"bench\": [7, 5], \"start\": 0, \"lineup\": {\"1\": 0, \"2\": 9, \"4\": 1, \"5\": 8, \"7\": 2, \"9\": 3, \"10\": 4, \"11\": 6}, \"duration\": 450, \"game_counter\": 3}, {\"subs\": {\"in\": {\"2\": 5, \"9\": 7}, \"out\": {\"2\": 9, \"9\": 3}}, \"bench\": [3, 9], \"start\": 7.5, \"lineup\": {\"1\": 0, \"2\": 5, \"4\": 1, \"5\": 8, \"7\": 2, \"9\": 7, \"10\": 4, \"11\": 6}, \"duration\": 450, \"game_counter\": 3}, {\"bench\": [6, 2], \"start\": 0, \"lineup\": {\"1\": 0, \"2\": 5, \"4\": 1, \"5\": 8, \"7\": 7, \"9\": 3, \"10\": 4, \"11\": 9}, \"duration\": 450, \"game_counter\": 4}, {\"subs\": {\"in\": {\"7\": 6, \"9\": 2}, \"out\": {\"7\": 7, \"9\": 3}}, \"bench\": [7, 3], \"start\": 7.5, \"lineup\": {\"1\": 0, \"2\": 5, \"4\": 1, \"5\": 8, \"7\": 6, \"9\": 2, \"10\": 4, \"11\": 9}, \"duration\": 450, \"game_counter\": 4}]',1,NULL,'2026-04-20 11:49:30'),(69,NULL,'8v8_1gk_4x15',10,10004,NULL,'[{\"bench\": [8, 2], \"start\": 0, \"lineup\": {\"1\": 0, \"2\": 9, \"4\": 1, \"5\": 5, \"7\": 6, \"9\": 3, \"10\": 4, \"11\": 7}, \"duration\": 450, \"game_counter\": 1}, {\"subs\": {\"in\": {\"7\": 2, \"9\": 8}, \"out\": {\"7\": 6, \"9\": 3}}, \"bench\": [6, 3], \"start\": 7.5, \"lineup\": {\"1\": 0, \"2\": 9, \"4\": 1, \"5\": 5, \"7\": 2, \"9\": 8, \"10\": 4, \"11\": 7}, \"duration\": 450, \"game_counter\": 1}, {\"bench\": [2, 4], \"start\": 0, \"lineup\": {\"1\": 0, \"2\": 5, \"4\": 9, \"5\": 8, \"7\": 6, \"9\": 3, \"10\": 1, \"11\": 7}, \"duration\": 450, \"game_counter\": 2}, {\"subs\": {\"in\": {\"9\": 2, \"10\": 4}, \"out\": {\"9\": 3, \"10\": 1}}, \"bench\": [1, 3], \"start\": 7.5, \"lineup\": {\"1\": 0, \"2\": 5, \"4\": 9, \"5\": 8, \"7\": 6, \"9\": 2, \"10\": 4, \"11\": 7}, \"duration\": 450, \"game_counter\": 2}, {\"bench\": [9, 7], \"start\": 0, \"lineup\": {\"1\": 0, \"2\": 5, \"4\": 1, \"5\": 8, \"7\": 2, \"9\": 3, \"10\": 4, \"11\": 6}, \"duration\": 450, \"game_counter\": 3}, {\"subs\": {\"in\": {\"4\": 9, \"11\": 7}, \"out\": {\"4\": 1, \"11\": 6}}, \"bench\": [6, 1], \"start\": 7.5, \"lineup\": {\"1\": 0, \"2\": 5, \"4\": 9, \"5\": 8, \"7\": 2, \"9\": 3, \"10\": 4, \"11\": 7}, \"duration\": 450, \"game_counter\": 3}, {\"bench\": [4, 8], \"start\": 0, \"lineup\": {\"1\": 0, \"2\": 5, \"4\": 9, \"5\": 7, \"7\": 2, \"9\": 3, \"10\": 1, \"11\": 6}, \"duration\": 450, \"game_counter\": 4}, {\"subs\": {\"in\": {\"2\": 8, \"5\": 4}, \"out\": {\"2\": 5, \"5\": 7}}, \"bench\": [7, 5], \"start\": 7.5, \"lineup\": {\"1\": 0, \"2\": 8, \"4\": 9, \"5\": 4, \"7\": 2, \"9\": 3, \"10\": 1, \"11\": 6}, \"duration\": 450, \"game_counter\": 4}]',1,NULL,'2026-04-20 11:49:30'),(70,NULL,'8v8_1gk_4x15',10,20007,NULL,'[{\"bench\": [1, 4], \"start\": 0, \"lineup\": {\"1\": 0, \"2\": 5, \"4\": 9, \"5\": 7, \"7\": 6, \"9\": 3, \"10\": 8, \"11\": 2}, \"duration\": 450, \"game_counter\": 1}, {\"subs\": {\"in\": {\"4\": 1, \"11\": 4}, \"out\": {\"4\": 9, \"11\": 2}}, \"bench\": [9, 2], \"start\": 7.5, \"lineup\": {\"1\": 0, \"2\": 5, \"4\": 1, \"5\": 7, \"7\": 6, \"9\": 3, \"10\": 8, \"11\": 4}, \"duration\": 450, \"game_counter\": 1}, {\"bench\": [7, 3], \"start\": 0, \"lineup\": {\"1\": 0, \"2\": 9, \"4\": 1, \"5\": 5, \"7\": 2, \"9\": 8, \"10\": 4, \"11\": 6}, \"duration\": 450, \"game_counter\": 2}, {\"subs\": {\"in\": {\"9\": 7, \"11\": 3}, \"out\": {\"9\": 8, \"11\": 6}}, \"bench\": [6, 8], \"start\": 7.5, \"lineup\": {\"1\": 0, \"2\": 9, \"4\": 1, \"5\": 5, \"7\": 2, \"9\": 7, \"10\": 4, \"11\": 3}, \"duration\": 450, \"game_counter\": 2}, {\"bench\": [9, 2], \"start\": 0, \"lineup\": {\"1\": 0, \"2\": 5, \"4\": 1, \"5\": 8, \"7\": 6, \"9\": 3, \"10\": 4, \"11\": 7}, \"duration\": 450, \"game_counter\": 3}, {\"subs\": {\"in\": {\"4\": 9, \"11\": 2}, \"out\": {\"4\": 1, \"11\": 7}}, \"bench\": [7, 1], \"start\": 7.5, \"lineup\": {\"1\": 0, \"2\": 5, \"4\": 9, \"5\": 8, \"7\": 6, \"9\": 3, \"10\": 4, \"11\": 2}, \"duration\": 450, \"game_counter\": 3}, {\"bench\": [4, 6], \"start\": 0, \"lineup\": {\"1\": 0, \"2\": 5, \"4\": 9, \"5\": 8, \"7\": 2, \"9\": 3, \"10\": 1, \"11\": 7}, \"duration\": 450, \"game_counter\": 4}, {\"subs\": {\"in\": {\"2\": 6, \"9\": 4}, \"out\": {\"2\": 5, \"9\": 3}}, \"bench\": [5, 3], \"start\": 7.5, \"lineup\": {\"1\": 0, \"2\": 6, \"4\": 9, \"5\": 8, \"7\": 2, \"9\": 4, \"10\": 1, \"11\": 7}, \"duration\": 450, \"game_counter\": 4}]',1,NULL,'2026-04-20 11:49:30'),(71,NULL,'8v8_1gk_4x15',10,20008,NULL,'[{\"bench\": [1, 7], \"start\": 0, \"lineup\": {\"1\": 0, \"2\": 5, \"4\": 9, \"5\": 8, \"7\": 2, \"9\": 3, \"10\": 4, \"11\": 6}, \"duration\": 450, \"game_counter\": 1}, {\"subs\": {\"in\": {\"4\": 7, \"5\": 1}, \"out\": {\"4\": 9, \"5\": 8}}, \"bench\": [8, 9], \"start\": 7.5, \"lineup\": {\"1\": 0, \"2\": 5, \"4\": 7, \"5\": 1, \"7\": 2, \"9\": 3, \"10\": 4, \"11\": 6}, \"duration\": 450, \"game_counter\": 1}, {\"bench\": [5, 2], \"start\": 0, \"lineup\": {\"1\": 0, \"2\": 9, \"4\": 1, \"5\": 8, \"7\": 6, \"9\": 3, \"10\": 4, \"11\": 7}, \"duration\": 450, \"game_counter\": 2}, {\"subs\": {\"in\": {\"9\": 2, \"11\": 5}, \"out\": {\"9\": 3, \"11\": 7}}, \"bench\": [7, 3], \"start\": 7.5, \"lineup\": {\"1\": 0, \"2\": 9, \"4\": 1, \"5\": 8, \"7\": 6, \"9\": 2, \"10\": 4, \"11\": 5}, \"duration\": 450, \"game_counter\": 2}, {\"bench\": [9, 4], \"start\": 0, \"lineup\": {\"1\": 0, \"2\": 5, \"4\": 1, \"5\": 7, \"7\": 2, \"9\": 3, \"10\": 8, \"11\": 6}, \"duration\": 450, \"game_counter\": 3}, {\"subs\": {\"in\": {\"4\": 9, \"11\": 4}, \"out\": {\"4\": 1, \"11\": 6}}, \"bench\": [6, 1], \"start\": 7.5, \"lineup\": {\"1\": 0, \"2\": 5, \"4\": 9, \"5\": 7, \"7\": 2, \"9\": 3, \"10\": 8, \"11\": 4}, \"duration\": 450, \"game_counter\": 3}, {\"bench\": [3, 8], \"start\": 0, \"lineup\": {\"1\": 0, \"2\": 9, \"4\": 1, \"5\": 5, \"7\": 2, \"9\": 7, \"10\": 4, \"11\": 6}, \"duration\": 450, \"game_counter\": 4}, {\"subs\": {\"in\": {\"7\": 3, \"11\": 8}, \"out\": {\"7\": 2, \"11\": 6}}, \"bench\": [2, 6], \"start\": 7.5, \"lineup\": {\"1\": 0, \"2\": 9, \"4\": 1, \"5\": 5, \"7\": 3, \"9\": 7, \"10\": 4, \"11\": 8}, \"duration\": 450, \"game_counter\": 4}]',1,NULL,'2026-04-20 11:49:30'),(72,NULL,'8v8_1gk_4x15',10,20009,NULL,'[{\"bench\": [1, 4], \"start\": 0, \"lineup\": {\"1\": 0, \"2\": 5, \"4\": 9, \"5\": 7, \"7\": 2, \"9\": 3, \"10\": 8, \"11\": 6}, \"duration\": 450, \"game_counter\": 1}, {\"subs\": {\"in\": {\"4\": 1, \"11\": 4}, \"out\": {\"4\": 9, \"11\": 6}}, \"bench\": [6, 9], \"start\": 7.5, \"lineup\": {\"1\": 0, \"2\": 5, \"4\": 1, \"5\": 7, \"7\": 2, \"9\": 3, \"10\": 8, \"11\": 4}, \"duration\": 450, \"game_counter\": 1}, {\"bench\": [8, 7], \"start\": 0, \"lineup\": {\"1\": 0, \"2\": 9, \"4\": 1, \"5\": 5, \"7\": 2, \"9\": 3, \"10\": 4, \"11\": 6}, \"duration\": 450, \"game_counter\": 2}, {\"subs\": {\"in\": {\"7\": 7, \"9\": 8}, \"out\": {\"7\": 2, \"9\": 3}}, \"bench\": [3, 2], \"start\": 7.5, \"lineup\": {\"1\": 0, \"2\": 9, \"4\": 1, \"5\": 5, \"7\": 7, \"9\": 8, \"10\": 4, \"11\": 6}, \"duration\": 450, \"game_counter\": 2}, {\"bench\": [7, 9], \"start\": 0, \"lineup\": {\"1\": 0, \"2\": 5, \"4\": 1, \"5\": 8, \"7\": 2, \"9\": 3, \"10\": 4, \"11\": 6}, \"duration\": 450, \"game_counter\": 3}, {\"subs\": {\"in\": {\"10\": 7, \"11\": 9}, \"out\": {\"10\": 4, \"11\": 6}}, \"bench\": [6, 4], \"start\": 7.5, \"lineup\": {\"1\": 0, \"2\": 5, \"4\": 1, \"5\": 8, \"7\": 2, \"9\": 3, \"10\": 7, \"11\": 9}, \"duration\": 450, \"game_counter\": 3}, {\"bench\": [3, 1], \"start\": 0, \"lineup\": {\"1\": 0, \"2\": 5, \"4\": 9, \"5\": 8, \"7\": 6, \"9\": 7, \"10\": 4, \"11\": 2}, \"duration\": 450, \"game_counter\": 4}, {\"subs\": {\"in\": {\"2\": 3, \"11\": 1}, \"out\": {\"2\": 5, \"11\": 2}}, \"bench\": [2, 5], \"start\": 7.5, \"lineup\": {\"1\": 0, \"2\": 3, \"4\": 9, \"5\": 8, \"7\": 6, \"9\": 7, \"10\": 4, \"11\": 1}, \"duration\": 450, \"game_counter\": 4}]',1,NULL,'2026-04-20 11:49:30'),(73,NULL,'8v8_1gk_4x15',10,20010,NULL,'[{\"bench\": [4, 8], \"start\": 0, \"lineup\": {\"1\": 0, \"2\": 5, \"4\": 9, \"5\": 7, \"7\": 6, \"9\": 3, \"10\": 1, \"11\": 2}, \"duration\": 450, \"game_counter\": 1}, {\"subs\": {\"in\": {\"4\": 8, \"11\": 4}, \"out\": {\"4\": 9, \"11\": 2}}, \"bench\": [2, 9], \"start\": 7.5, \"lineup\": {\"1\": 0, \"2\": 5, \"4\": 8, \"5\": 7, \"7\": 6, \"9\": 3, \"10\": 1, \"11\": 4}, \"duration\": 450, \"game_counter\": 1}, {\"bench\": [3, 7], \"start\": 0, \"lineup\": {\"1\": 0, \"2\": 9, \"4\": 1, \"5\": 5, \"7\": 2, \"9\": 8, \"10\": 4, \"11\": 6}, \"duration\": 450, \"game_counter\": 2}, {\"subs\": {\"in\": {\"9\": 7, \"10\": 3}, \"out\": {\"9\": 8, \"10\": 4}}, \"bench\": [4, 8], \"start\": 7.5, \"lineup\": {\"1\": 0, \"2\": 9, \"4\": 1, \"5\": 5, \"7\": 2, \"9\": 7, \"10\": 3, \"11\": 6}, \"duration\": 450, \"game_counter\": 2}, {\"bench\": [6, 1], \"start\": 0, \"lineup\": {\"1\": 0, \"2\": 5, \"4\": 9, \"5\": 8, \"7\": 2, \"9\": 3, \"10\": 4, \"11\": 7}, \"duration\": 450, \"game_counter\": 3}, {\"subs\": {\"in\": {\"2\": 6, \"4\": 1}, \"out\": {\"2\": 5, \"4\": 9}}, \"bench\": [9, 5], \"start\": 7.5, \"lineup\": {\"1\": 0, \"2\": 6, \"4\": 1, \"5\": 8, \"7\": 2, \"9\": 3, \"10\": 4, \"11\": 7}, \"duration\": 450, \"game_counter\": 3}, {\"bench\": [2, 7], \"start\": 0, \"lineup\": {\"1\": 0, \"2\": 5, \"4\": 1, \"5\": 8, \"7\": 6, \"9\": 3, \"10\": 4, \"11\": 9}, \"duration\": 450, \"game_counter\": 4}, {\"subs\": {\"in\": {\"4\": 7, \"9\": 2}, \"out\": {\"4\": 1, \"9\": 3}}, \"bench\": [3, 1], \"start\": 7.5, \"lineup\": {\"1\": 0, \"2\": 5, \"4\": 7, \"5\": 8, \"7\": 6, \"9\": 2, \"10\": 4, \"11\": 9}, \"duration\": 450, \"game_counter\": 4}]',1,NULL,'2026-04-20 11:49:30'),(74,NULL,'8v8_1gk_4x15',10,20011,NULL,'[{\"bench\": [4, 5], \"start\": 0, \"lineup\": {\"1\": 0, \"2\": 7, \"4\": 9, \"5\": 8, \"7\": 6, \"9\": 3, \"10\": 1, \"11\": 2}, \"duration\": 450, \"game_counter\": 1}, {\"subs\": {\"in\": {\"4\": 5, \"11\": 4}, \"out\": {\"4\": 9, \"11\": 2}}, \"bench\": [9, 2], \"start\": 7.5, \"lineup\": {\"1\": 0, \"2\": 7, \"4\": 5, \"5\": 8, \"7\": 6, \"9\": 3, \"10\": 1, \"11\": 4}, \"duration\": 450, \"game_counter\": 1}, {\"bench\": [3, 5], \"start\": 0, \"lineup\": {\"1\": 0, \"2\": 9, \"4\": 1, \"5\": 8, \"7\": 2, \"9\": 7, \"10\": 4, \"11\": 6}, \"duration\": 450, \"game_counter\": 2}, {\"subs\": {\"in\": {\"4\": 5, \"5\": 3}, \"out\": {\"4\": 1, \"5\": 8}}, \"bench\": [1, 8], \"start\": 7.5, \"lineup\": {\"1\": 0, \"2\": 9, \"4\": 5, \"5\": 3, \"7\": 2, \"9\": 7, \"10\": 4, \"11\": 6}, \"duration\": 450, \"game_counter\": 2}, {\"bench\": [4, 6], \"start\": 0, \"lineup\": {\"1\": 0, \"2\": 5, \"4\": 9, \"5\": 8, \"7\": 2, \"9\": 3, \"10\": 1, \"11\": 7}, \"duration\": 450, \"game_counter\": 3}, {\"subs\": {\"in\": {\"10\": 4, \"11\": 6}, \"out\": {\"10\": 1, \"11\": 7}}, \"bench\": [7, 1], \"start\": 7.5, \"lineup\": {\"1\": 0, \"2\": 5, \"4\": 9, \"5\": 8, \"7\": 2, \"9\": 3, \"10\": 4, \"11\": 6}, \"duration\": 450, \"game_counter\": 3}, {\"bench\": [6, 8], \"start\": 0, \"lineup\": {\"1\": 0, \"2\": 9, \"4\": 1, \"5\": 5, \"7\": 2, \"9\": 3, \"10\": 4, \"11\": 7}, \"duration\": 450, \"game_counter\": 4}, {\"subs\": {\"in\": {\"2\": 8, \"7\": 6}, \"out\": {\"2\": 9, \"7\": 2}}, \"bench\": [9, 2], \"start\": 7.5, \"lineup\": {\"1\": 0, \"2\": 8, \"4\": 1, \"5\": 5, \"7\": 6, \"9\": 3, \"10\": 4, \"11\": 7}, \"duration\": 450, \"game_counter\": 4}]',1,NULL,'2026-04-20 11:49:30'),(75,NULL,'8v8_1gk_4x15',10,10005,NULL,'[{\"bench\": [9, 2], \"start\": 0, \"lineup\": {\"1\": 0, \"2\": 5, \"4\": 1, \"5\": 8, \"7\": 6, \"9\": 3, \"10\": 4, \"11\": 7}, \"duration\": 450, \"game_counter\": 1}, {\"subs\": {\"in\": {\"2\": 9, \"5\": 2}, \"out\": {\"2\": 5, \"5\": 8}}, \"bench\": [8, 5], \"start\": 7.5, \"lineup\": {\"1\": 0, \"2\": 9, \"4\": 1, \"5\": 2, \"7\": 6, \"9\": 3, \"10\": 4, \"11\": 7}, \"duration\": 450, \"game_counter\": 1}, {\"bench\": [4, 7], \"start\": 0, \"lineup\": {\"1\": 0, \"2\": 5, \"4\": 9, \"5\": 8, \"7\": 2, \"9\": 3, \"10\": 1, \"11\": 6}, \"duration\": 450, \"game_counter\": 2}, {\"subs\": {\"in\": {\"9\": 7, \"11\": 4}, \"out\": {\"9\": 3, \"11\": 6}}, \"bench\": [3, 6], \"start\": 7.5, \"lineup\": {\"1\": 0, \"2\": 5, \"4\": 9, \"5\": 8, \"7\": 2, \"9\": 7, \"10\": 1, \"11\": 4}, \"duration\": 450, \"game_counter\": 2}, {\"bench\": [4, 8], \"start\": 0, \"lineup\": {\"1\": 0, \"2\": 5, \"4\": 9, \"5\": 7, \"7\": 2, \"9\": 3, \"10\": 1, \"11\": 6}, \"duration\": 450, \"game_counter\": 3}, {\"subs\": {\"in\": {\"9\": 8, \"10\": 4}, \"out\": {\"9\": 3, \"10\": 1}}, \"bench\": [3, 1], \"start\": 7.5, \"lineup\": {\"1\": 0, \"2\": 5, \"4\": 9, \"5\": 7, \"7\": 2, \"9\": 8, \"10\": 4, \"11\": 6}, \"duration\": 450, \"game_counter\": 3}, {\"bench\": [7, 6], \"start\": 0, \"lineup\": {\"1\": 0, \"2\": 5, \"4\": 1, \"5\": 8, \"7\": 2, \"9\": 3, \"10\": 4, \"11\": 9}, \"duration\": 450, \"game_counter\": 4}, {\"subs\": {\"in\": {\"7\": 6, \"11\": 7}, \"out\": {\"7\": 2, \"11\": 9}}, \"bench\": [9, 2], \"start\": 7.5, \"lineup\": {\"1\": 0, \"2\": 5, \"4\": 1, \"5\": 8, \"7\": 6, \"9\": 3, \"10\": 4, \"11\": 7}, \"duration\": 450, \"game_counter\": 4}]',1,NULL,'2026-04-20 11:49:30'),(76,NULL,'8v8_1gk_4x15',10,10006,NULL,'[{\"bench\": [4, 2], \"start\": 0, \"lineup\": {\"1\": 0, \"2\": 5, \"4\": 9, \"5\": 8, \"7\": 6, \"9\": 3, \"10\": 1, \"11\": 7}, \"duration\": 450, \"game_counter\": 1}, {\"subs\": {\"in\": {\"5\": 4, \"7\": 2}, \"out\": {\"5\": 8, \"7\": 6}}, \"bench\": [8, 6], \"start\": 7.5, \"lineup\": {\"1\": 0, \"2\": 5, \"4\": 9, \"5\": 4, \"7\": 2, \"9\": 3, \"10\": 1, \"11\": 7}, \"duration\": 450, \"game_counter\": 1}, {\"bench\": [3, 9], \"start\": 0, \"lineup\": {\"1\": 0, \"2\": 5, \"4\": 1, \"5\": 8, \"7\": 2, \"9\": 7, \"10\": 4, \"11\": 6}, \"duration\": 450, \"game_counter\": 2}, {\"subs\": {\"in\": {\"2\": 9, \"9\": 3}, \"out\": {\"2\": 5, \"9\": 7}}, \"bench\": [5, 7], \"start\": 7.5, \"lineup\": {\"1\": 0, \"2\": 9, \"4\": 1, \"5\": 8, \"7\": 2, \"9\": 3, \"10\": 4, \"11\": 6}, \"duration\": 450, \"game_counter\": 2}, {\"bench\": [2, 1], \"start\": 0, \"lineup\": {\"1\": 0, \"2\": 5, \"4\": 9, \"5\": 8, \"7\": 6, \"9\": 3, \"10\": 4, \"11\": 7}, \"duration\": 450, \"game_counter\": 3}, {\"subs\": {\"in\": {\"4\": 1, \"11\": 2}, \"out\": {\"4\": 9, \"11\": 7}}, \"bench\": [7, 9], \"start\": 7.5, \"lineup\": {\"1\": 0, \"2\": 5, \"4\": 1, \"5\": 8, \"7\": 6, \"9\": 3, \"10\": 4, \"11\": 2}, \"duration\": 450, \"game_counter\": 3}, {\"bench\": [4, 8], \"start\": 0, \"lineup\": {\"1\": 0, \"2\": 5, \"4\": 9, \"5\": 7, \"7\": 2, \"9\": 3, \"10\": 1, \"11\": 6}, \"duration\": 450, \"game_counter\": 4}, {\"subs\": {\"in\": {\"2\": 8, \"10\": 4}, \"out\": {\"2\": 5, \"10\": 1}}, \"bench\": [1, 5], \"start\": 7.5, \"lineup\": {\"1\": 0, \"2\": 8, \"4\": 9, \"5\": 7, \"7\": 2, \"9\": 3, \"10\": 4, \"11\": 6}, \"duration\": 450, \"game_counter\": 4}]',1,NULL,'2026-04-20 11:49:30'),(77,NULL,'8v8_1gk_4x15',10,10007,NULL,'[{\"bench\": [3, 2], \"start\": 0, \"lineup\": {\"1\": 0, \"2\": 5, \"4\": 1, \"5\": 8, \"7\": 6, \"9\": 7, \"10\": 4, \"11\": 9}, \"duration\": 450, \"game_counter\": 1}, {\"subs\": {\"in\": {\"9\": 3, \"11\": 2}, \"out\": {\"9\": 7, \"11\": 9}}, \"bench\": [7, 9], \"start\": 7.5, \"lineup\": {\"1\": 0, \"2\": 5, \"4\": 1, \"5\": 8, \"7\": 6, \"9\": 3, \"10\": 4, \"11\": 2}, \"duration\": 450, \"game_counter\": 1}, {\"bench\": [8, 1], \"start\": 0, \"lineup\": {\"1\": 0, \"2\": 5, \"4\": 9, \"5\": 7, \"7\": 2, \"9\": 3, \"10\": 4, \"11\": 6}, \"duration\": 450, \"game_counter\": 2}, {\"subs\": {\"in\": {\"5\": 8, \"10\": 1}, \"out\": {\"5\": 7, \"10\": 4}}, \"bench\": [7, 4], \"start\": 7.5, \"lineup\": {\"1\": 0, \"2\": 5, \"4\": 9, \"5\": 8, \"7\": 2, \"9\": 3, \"10\": 1, \"11\": 6}, \"duration\": 450, \"game_counter\": 2}, {\"bench\": [3, 5], \"start\": 0, \"lineup\": {\"1\": 0, \"2\": 9, \"4\": 1, \"5\": 8, \"7\": 2, \"9\": 7, \"10\": 4, \"11\": 6}, \"duration\": 450, \"game_counter\": 3}, {\"subs\": {\"in\": {\"7\": 3, \"11\": 5}, \"out\": {\"7\": 2, \"11\": 6}}, \"bench\": [6, 2], \"start\": 7.5, \"lineup\": {\"1\": 0, \"2\": 9, \"4\": 1, \"5\": 8, \"7\": 3, \"9\": 7, \"10\": 4, \"11\": 5}, \"duration\": 450, \"game_counter\": 3}, {\"bench\": [8, 1], \"start\": 0, \"lineup\": {\"1\": 0, \"2\": 5, \"4\": 9, \"5\": 7, \"7\": 2, \"9\": 3, \"10\": 4, \"11\": 6}, \"duration\": 450, \"game_counter\": 4}, {\"subs\": {\"in\": {\"2\": 8, \"4\": 1}, \"out\": {\"2\": 5, \"4\": 9}}, \"bench\": [9, 5], \"start\": 7.5, \"lineup\": {\"1\": 0, \"2\": 8, \"4\": 1, \"5\": 7, \"7\": 2, \"9\": 3, \"10\": 4, \"11\": 6}, \"duration\": 450, \"game_counter\": 4}]',1,NULL,'2026-04-20 11:49:30'),(78,NULL,'8v8_1gk_4x15',10,10008,NULL,'[{\"bench\": [8, 7], \"start\": 0, \"lineup\": {\"1\": 0, \"2\": 9, \"4\": 1, \"5\": 5, \"7\": 2, \"9\": 3, \"10\": 4, \"11\": 6}, \"duration\": 450, \"game_counter\": 1}, {\"subs\": {\"in\": {\"4\": 8, \"9\": 7}, \"out\": {\"4\": 1, \"9\": 3}}, \"bench\": [3, 1], \"start\": 7.5, \"lineup\": {\"1\": 0, \"2\": 9, \"4\": 8, \"5\": 5, \"7\": 2, \"9\": 7, \"10\": 4, \"11\": 6}, \"duration\": 450, \"game_counter\": 1}, {\"bench\": [2, 9], \"start\": 0, \"lineup\": {\"1\": 0, \"2\": 5, \"4\": 1, \"5\": 8, \"7\": 6, \"9\": 3, \"10\": 4, \"11\": 7}, \"duration\": 450, \"game_counter\": 2}, {\"subs\": {\"in\": {\"7\": 9, \"9\": 2}, \"out\": {\"7\": 6, \"9\": 3}}, \"bench\": [3, 6], \"start\": 7.5, \"lineup\": {\"1\": 0, \"2\": 5, \"4\": 1, \"5\": 8, \"7\": 9, \"9\": 2, \"10\": 4, \"11\": 7}, \"duration\": 450, \"game_counter\": 2}, {\"bench\": [4, 1], \"start\": 0, \"lineup\": {\"1\": 0, \"2\": 5, \"4\": 9, \"5\": 7, \"7\": 2, \"9\": 3, \"10\": 8, \"11\": 6}, \"duration\": 450, \"game_counter\": 3}, {\"subs\": {\"in\": {\"7\": 1, \"11\": 4}, \"out\": {\"7\": 2, \"11\": 6}}, \"bench\": [6, 2], \"start\": 7.5, \"lineup\": {\"1\": 0, \"2\": 5, \"4\": 9, \"5\": 7, \"7\": 1, \"9\": 3, \"10\": 8, \"11\": 4}, \"duration\": 450, \"game_counter\": 3}, {\"bench\": [5, 7], \"start\": 0, \"lineup\": {\"1\": 0, \"2\": 9, \"4\": 1, \"5\": 8, \"7\": 2, \"9\": 3, \"10\": 4, \"11\": 6}, \"duration\": 450, \"game_counter\": 4}, {\"subs\": {\"in\": {\"2\": 5, \"5\": 7}, \"out\": {\"2\": 9, \"5\": 8}}, \"bench\": [8, 9], \"start\": 7.5, \"lineup\": {\"1\": 0, \"2\": 5, \"4\": 1, \"5\": 7, \"7\": 2, \"9\": 3, \"10\": 4, \"11\": 6}, \"duration\": 450, \"game_counter\": 4}]',1,NULL,'2026-04-20 11:49:30'),(79,NULL,'8v8_1gk_4x15',10,10009,NULL,'[{\"bench\": [6, 1], \"start\": 0, \"lineup\": {\"1\": 0, \"2\": 5, \"4\": 9, \"5\": 8, \"7\": 2, \"9\": 3, \"10\": 4, \"11\": 7}, \"duration\": 450, \"game_counter\": 1}, {\"subs\": {\"in\": {\"7\": 6, \"10\": 1}, \"out\": {\"7\": 2, \"10\": 4}}, \"bench\": [2, 4], \"start\": 7.5, \"lineup\": {\"1\": 0, \"2\": 5, \"4\": 9, \"5\": 8, \"7\": 6, \"9\": 3, \"10\": 1, \"11\": 7}, \"duration\": 450, \"game_counter\": 1}, {\"bench\": [9, 7], \"start\": 0, \"lineup\": {\"1\": 0, \"2\": 5, \"4\": 1, \"5\": 8, \"7\": 2, \"9\": 3, \"10\": 4, \"11\": 6}, \"duration\": 450, \"game_counter\": 2}, {\"subs\": {\"in\": {\"7\": 7, \"11\": 9}, \"out\": {\"7\": 2, \"11\": 6}}, \"bench\": [2, 6], \"start\": 7.5, \"lineup\": {\"1\": 0, \"2\": 5, \"4\": 1, \"5\": 8, \"7\": 7, \"9\": 3, \"10\": 4, \"11\": 9}, \"duration\": 450, \"game_counter\": 2}, {\"bench\": [5, 4], \"start\": 0, \"lineup\": {\"1\": 0, \"2\": 7, \"4\": 9, \"5\": 8, \"7\": 2, \"9\": 3, \"10\": 1, \"11\": 6}, \"duration\": 450, \"game_counter\": 3}, {\"subs\": {\"in\": {\"2\": 5, \"5\": 4}, \"out\": {\"2\": 7, \"5\": 8}}, \"bench\": [7, 8], \"start\": 7.5, \"lineup\": {\"1\": 0, \"2\": 5, \"4\": 9, \"5\": 4, \"7\": 2, \"9\": 3, \"10\": 1, \"11\": 6}, \"duration\": 450, \"game_counter\": 3}, {\"bench\": [3, 5], \"start\": 0, \"lineup\": {\"1\": 0, \"2\": 9, \"4\": 1, \"5\": 8, \"7\": 2, \"9\": 7, \"10\": 4, \"11\": 6}, \"duration\": 450, \"game_counter\": 4}, {\"subs\": {\"in\": {\"2\": 5, \"5\": 3}, \"out\": {\"2\": 9, \"5\": 8}}, \"bench\": [9, 8], \"start\": 7.5, \"lineup\": {\"1\": 0, \"2\": 5, \"4\": 1, \"5\": 3, \"7\": 2, \"9\": 7, \"10\": 4, \"11\": 6}, \"duration\": 450, \"game_counter\": 4}]',1,NULL,'2026-04-20 11:49:30'),(80,NULL,'8v8_1gk_4x15',10,10010,NULL,'[{\"bench\": [4, 6], \"start\": 0, \"lineup\": {\"1\": 0, \"2\": 5, \"4\": 8, \"5\": 9, \"7\": 7, \"9\": 2, \"10\": 1, \"11\": 3}, \"duration\": 450, \"game_counter\": 1}, {\"subs\": {\"in\": {\"2\": 4, \"7\": 6}, \"out\": {\"2\": 5, \"7\": 7}}, \"bench\": [7, 5], \"start\": 7.5, \"lineup\": {\"1\": 0, \"2\": 4, \"4\": 8, \"5\": 9, \"7\": 6, \"9\": 2, \"10\": 1, \"11\": 3}, \"duration\": 450, \"game_counter\": 1}, {\"bench\": [8, 3], \"start\": 0, \"lineup\": {\"1\": 0, \"2\": 5, \"4\": 1, \"5\": 4, \"7\": 6, \"9\": 2, \"10\": 9, \"11\": 7}, \"duration\": 450, \"game_counter\": 2}, {\"subs\": {\"in\": {\"9\": 3, \"10\": 8}, \"out\": {\"9\": 2, \"10\": 9}}, \"bench\": [9, 2], \"start\": 7.5, \"lineup\": {\"1\": 0, \"2\": 5, \"4\": 1, \"5\": 4, \"7\": 6, \"9\": 3, \"10\": 8, \"11\": 7}, \"duration\": 450, \"game_counter\": 2}, {\"bench\": [1, 6], \"start\": 0, \"lineup\": {\"1\": 0, \"2\": 9, \"4\": 8, \"5\": 3, \"7\": 2, \"9\": 7, \"10\": 4, \"11\": 5}, \"duration\": 450, \"game_counter\": 3}, {\"subs\": {\"in\": {\"4\": 1, \"7\": 6}, \"out\": {\"4\": 8, \"7\": 2}}, \"bench\": [8, 2], \"start\": 7.5, \"lineup\": {\"1\": 0, \"2\": 9, \"4\": 1, \"5\": 3, \"7\": 6, \"9\": 7, \"10\": 4, \"11\": 5}, \"duration\": 450, \"game_counter\": 3}, {\"bench\": [5, 1], \"start\": 0, \"lineup\": {\"1\": 0, \"2\": 7, \"4\": 9, \"5\": 4, \"7\": 6, \"9\": 8, \"10\": 3, \"11\": 2}, \"duration\": 450, \"game_counter\": 4}, {\"subs\": {\"in\": {\"2\": 1, \"5\": 5}, \"out\": {\"2\": 7, \"5\": 4}}, \"bench\": [7, 4], \"start\": 7.5, \"lineup\": {\"1\": 0, \"2\": 1, \"4\": 9, \"5\": 5, \"7\": 6, \"9\": 8, \"10\": 3, \"11\": 2}, \"duration\": 450, \"game_counter\": 4}]',1,NULL,'2026-04-20 11:49:30'),(81,NULL,'8v8_1gk_4x15',10,20012,NULL,'[{\"bench\": [4, 9], \"start\": 0, \"lineup\": {\"1\": 0, \"2\": 5, \"4\": 1, \"5\": 6, \"7\": 2, \"9\": 3, \"10\": 8, \"11\": 7}, \"duration\": 450, \"game_counter\": 1}, {\"subs\": {\"in\": {\"5\": 4, \"7\": 9}, \"out\": {\"5\": 6, \"7\": 2}}, \"bench\": [6, 2], \"start\": 7.5, \"lineup\": {\"1\": 0, \"2\": 5, \"4\": 1, \"5\": 4, \"7\": 9, \"9\": 3, \"10\": 8, \"11\": 7}, \"duration\": 450, \"game_counter\": 1}, {\"bench\": [3, 1], \"start\": 0, \"lineup\": {\"1\": 0, \"2\": 5, \"4\": 9, \"5\": 8, \"7\": 2, \"9\": 7, \"10\": 4, \"11\": 6}, \"duration\": 450, \"game_counter\": 2}, {\"subs\": {\"in\": {\"2\": 3, \"10\": 1}, \"out\": {\"2\": 5, \"10\": 4}}, \"bench\": [4, 5], \"start\": 7.5, \"lineup\": {\"1\": 0, \"2\": 3, \"4\": 9, \"5\": 8, \"7\": 2, \"9\": 7, \"10\": 1, \"11\": 6}, \"duration\": 450, \"game_counter\": 2}, {\"bench\": [8, 7], \"start\": 0, \"lineup\": {\"1\": 0, \"2\": 9, \"4\": 1, \"5\": 5, \"7\": 2, \"9\": 3, \"10\": 4, \"11\": 6}, \"duration\": 450, \"game_counter\": 3}, {\"subs\": {\"in\": {\"5\": 8, \"9\": 7}, \"out\": {\"5\": 5, \"9\": 3}}, \"bench\": [5, 3], \"start\": 7.5, \"lineup\": {\"1\": 0, \"2\": 9, \"4\": 1, \"5\": 8, \"7\": 2, \"9\": 7, \"10\": 4, \"11\": 6}, \"duration\": 450, \"game_counter\": 3}, {\"bench\": [2, 7], \"start\": 0, \"lineup\": {\"1\": 0, \"2\": 5, \"4\": 1, \"5\": 9, \"7\": 6, \"9\": 3, \"10\": 4, \"11\": 8}, \"duration\": 450, \"game_counter\": 4}, {\"subs\": {\"in\": {\"5\": 2, \"11\": 7}, \"out\": {\"5\": 9, \"11\": 8}}, \"bench\": [9, 8], \"start\": 7.5, \"lineup\": {\"1\": 0, \"2\": 5, \"4\": 1, \"5\": 2, \"7\": 6, \"9\": 3, \"10\": 4, \"11\": 7}, \"duration\": 450, \"game_counter\": 4}]',1,NULL,'2026-04-20 11:49:30'),(82,NULL,'8v8_1gk_4x15',11,20000,NULL,'[{\"bench\": [3, 7, 8], \"start\": 0, \"lineup\": {\"1\": 0, \"2\": 10, \"4\": 9, \"5\": 6, \"7\": 5, \"9\": 2, \"10\": 1, \"11\": 4}, \"duration\": 450, \"game_counter\": 1}, {\"subs\": {\"in\": {\"7\": 7, \"9\": 3, \"11\": 8}, \"out\": {\"7\": 5, \"9\": 2, \"11\": 4}}, \"bench\": [2, 4, 5], \"start\": 7.5, \"lineup\": {\"1\": 0, \"2\": 10, \"4\": 9, \"5\": 6, \"7\": 7, \"9\": 3, \"10\": 1, \"11\": 8}, \"duration\": 450, \"game_counter\": 1}, {\"bench\": [10, 9, 1], \"start\": 0, \"lineup\": {\"1\": 0, \"2\": 4, \"4\": 8, \"5\": 5, \"7\": 7, \"9\": 3, \"10\": 6, \"11\": 2}, \"duration\": 450, \"game_counter\": 2}, {\"subs\": {\"in\": {\"2\": 1, \"10\": 9, \"11\": 10}, \"out\": {\"2\": 4, \"10\": 6, \"11\": 2}}, \"bench\": [2, 6, 4], \"start\": 7.5, \"lineup\": {\"1\": 0, \"2\": 1, \"4\": 8, \"5\": 5, \"7\": 7, \"9\": 3, \"10\": 9, \"11\": 10}, \"duration\": 450, \"game_counter\": 2}, {\"bench\": [3, 7, 8], \"start\": 0, \"lineup\": {\"1\": 0, \"2\": 5, \"4\": 9, \"5\": 4, \"7\": 10, \"9\": 2, \"10\": 1, \"11\": 6}, \"duration\": 450, \"game_counter\": 3}, {\"subs\": {\"in\": {\"7\": 3, \"10\": 8, \"11\": 7}, \"out\": {\"7\": 10, \"10\": 1, \"11\": 6}}, \"bench\": [10, 1, 6], \"start\": 7.5, \"lineup\": {\"1\": 0, \"2\": 5, \"4\": 9, \"5\": 4, \"7\": 3, \"9\": 2, \"10\": 8, \"11\": 7}, \"duration\": 450, \"game_counter\": 3}, {\"bench\": [5, 9, 2], \"start\": 0, \"lineup\": {\"1\": 0, \"2\": 6, \"4\": 1, \"5\": 4, \"7\": 10, \"9\": 7, \"10\": 8, \"11\": 3}, \"duration\": 450, \"game_counter\": 4}, {\"subs\": {\"in\": {\"2\": 5, \"4\": 9, \"9\": 2}, \"out\": {\"2\": 6, \"4\": 1, \"9\": 7}}, \"bench\": [1, 7, 6], \"start\": 7.5, \"lineup\": {\"1\": 0, \"2\": 5, \"4\": 9, \"5\": 4, \"7\": 10, \"9\": 2, \"10\": 8, \"11\": 3}, \"duration\": 450, \"game_counter\": 4}]',1,NULL,'2026-04-20 11:49:30'),(83,NULL,'8v8_1gk_4x15',11,30000,NULL,'[{\"bench\": [7, 10, 5], \"start\": 0, \"lineup\": {\"1\": 0, \"2\": 9, \"4\": 8, \"5\": 6, \"7\": 3, \"9\": 2, \"10\": 1, \"11\": 4}, \"duration\": 450, \"game_counter\": 1}, {\"subs\": {\"in\": {\"2\": 5, \"7\": 10, \"11\": 7}, \"out\": {\"2\": 9, \"7\": 3, \"11\": 4}}, \"bench\": [4, 9, 3], \"start\": 7.5, \"lineup\": {\"1\": 0, \"2\": 5, \"4\": 8, \"5\": 6, \"7\": 10, \"9\": 2, \"10\": 1, \"11\": 7}, \"duration\": 450, \"game_counter\": 1}, {\"bench\": [2, 5, 6], \"start\": 0, \"lineup\": {\"1\": 0, \"2\": 10, \"4\": 1, \"5\": 9, \"7\": 7, \"9\": 4, \"10\": 8, \"11\": 3}, \"duration\": 450, \"game_counter\": 2}, {\"subs\": {\"in\": {\"5\": 5, \"9\": 6, \"10\": 2}, \"out\": {\"5\": 9, \"9\": 4, \"10\": 8}}, \"bench\": [4, 9, 8], \"start\": 7.5, \"lineup\": {\"1\": 0, \"2\": 10, \"4\": 1, \"5\": 5, \"7\": 7, \"9\": 6, \"10\": 2, \"11\": 3}, \"duration\": 450, \"game_counter\": 2}, {\"bench\": [1, 7, 2], \"start\": 0, \"lineup\": {\"1\": 0, \"2\": 8, \"4\": 6, \"5\": 3, \"7\": 5, \"9\": 10, \"10\": 9, \"11\": 4}, \"duration\": 450, \"game_counter\": 3}, {\"subs\": {\"in\": {\"2\": 7, \"4\": 1, \"5\": 2}, \"out\": {\"2\": 8, \"4\": 6, \"5\": 3}}, \"bench\": [8, 3, 6], \"start\": 7.5, \"lineup\": {\"1\": 0, \"2\": 7, \"4\": 1, \"5\": 2, \"7\": 5, \"9\": 10, \"10\": 9, \"11\": 4}, \"duration\": 450, \"game_counter\": 3}, {\"bench\": [10, 5, 1], \"start\": 0, \"lineup\": {\"1\": 0, \"2\": 2, \"4\": 6, \"5\": 4, \"7\": 9, \"9\": 3, \"10\": 8, \"11\": 7}, \"duration\": 450, \"game_counter\": 4}, {\"subs\": {\"in\": {\"5\": 1, \"9\": 5, \"11\": 10}, \"out\": {\"5\": 4, \"9\": 3, \"11\": 7}}, \"bench\": [4, 3, 7], \"start\": 7.5, \"lineup\": {\"1\": 0, \"2\": 2, \"4\": 6, \"5\": 1, \"7\": 9, \"9\": 5, \"10\": 8, \"11\": 10}, \"duration\": 450, \"game_counter\": 4}]',1,NULL,'2026-04-20 11:49:30'),(84,NULL,'8v8_1gk_4x15',11,30001,NULL,'[{\"bench\": [7, 10, 5], \"start\": 0, \"lineup\": {\"1\": 0, \"2\": 9, \"4\": 8, \"5\": 6, \"7\": 3, \"9\": 2, \"10\": 1, \"11\": 4}, \"duration\": 450, \"game_counter\": 1}, {\"subs\": {\"in\": {\"2\": 5, \"7\": 10, \"11\": 7}, \"out\": {\"2\": 9, \"7\": 3, \"11\": 4}}, \"bench\": [4, 9, 3], \"start\": 7.5, \"lineup\": {\"1\": 0, \"2\": 5, \"4\": 8, \"5\": 6, \"7\": 10, \"9\": 2, \"10\": 1, \"11\": 7}, \"duration\": 450, \"game_counter\": 1}, {\"bench\": [2, 5, 6], \"start\": 0, \"lineup\": {\"1\": 0, \"2\": 7, \"4\": 1, \"5\": 9, \"7\": 10, \"9\": 4, \"10\": 8, \"11\": 3}, \"duration\": 450, \"game_counter\": 2}, {\"subs\": {\"in\": {\"5\": 5, \"9\": 6, \"10\": 2}, \"out\": {\"5\": 9, \"9\": 4, \"10\": 8}}, \"bench\": [4, 9, 8], \"start\": 7.5, \"lineup\": {\"1\": 0, \"2\": 7, \"4\": 1, \"5\": 5, \"7\": 10, \"9\": 6, \"10\": 2, \"11\": 3}, \"duration\": 450, \"game_counter\": 2}, {\"bench\": [1, 7, 2], \"start\": 0, \"lineup\": {\"1\": 0, \"2\": 6, \"4\": 8, \"5\": 3, \"7\": 4, \"9\": 10, \"10\": 9, \"11\": 5}, \"duration\": 450, \"game_counter\": 3}, {\"subs\": {\"in\": {\"2\": 2, \"4\": 1, \"5\": 7}, \"out\": {\"2\": 6, \"4\": 8, \"5\": 3}}, \"bench\": [8, 3, 6], \"start\": 7.5, \"lineup\": {\"1\": 0, \"2\": 2, \"4\": 1, \"5\": 7, \"7\": 4, \"9\": 10, \"10\": 9, \"11\": 5}, \"duration\": 450, \"game_counter\": 3}, {\"bench\": [10, 5, 1], \"start\": 0, \"lineup\": {\"1\": 0, \"2\": 2, \"4\": 6, \"5\": 4, \"7\": 9, \"9\": 8, \"10\": 3, \"11\": 7}, \"duration\": 450, \"game_counter\": 4}, {\"subs\": {\"in\": {\"5\": 1, \"10\": 5, \"11\": 10}, \"out\": {\"5\": 4, \"10\": 3, \"11\": 7}}, \"bench\": [4, 3, 7], \"start\": 7.5, \"lineup\": {\"1\": 0, \"2\": 2, \"4\": 6, \"5\": 1, \"7\": 9, \"9\": 8, \"10\": 5, \"11\": 10}, \"duration\": 450, \"game_counter\": 4}]',1,NULL,'2026-04-20 11:49:30'),(85,NULL,'8v8_1gk_4x15',11,30002,NULL,'[{\"bench\": [7, 10, 5], \"start\": 0, \"lineup\": {\"1\": 0, \"2\": 9, \"4\": 8, \"5\": 6, \"7\": 3, \"9\": 2, \"10\": 1, \"11\": 4}, \"duration\": 450, \"game_counter\": 1}, {\"subs\": {\"in\": {\"2\": 5, \"7\": 7, \"11\": 10}, \"out\": {\"2\": 9, \"7\": 3, \"11\": 4}}, \"bench\": [4, 9, 3], \"start\": 7.5, \"lineup\": {\"1\": 0, \"2\": 5, \"4\": 8, \"5\": 6, \"7\": 7, \"9\": 2, \"10\": 1, \"11\": 10}, \"duration\": 450, \"game_counter\": 1}, {\"bench\": [2, 5, 6], \"start\": 0, \"lineup\": {\"1\": 0, \"2\": 3, \"4\": 1, \"5\": 4, \"7\": 10, \"9\": 9, \"10\": 8, \"11\": 7}, \"duration\": 450, \"game_counter\": 2}, {\"subs\": {\"in\": {\"5\": 5, \"9\": 6, \"10\": 2}, \"out\": {\"5\": 4, \"9\": 9, \"10\": 8}}, \"bench\": [4, 9, 8], \"start\": 7.5, \"lineup\": {\"1\": 0, \"2\": 3, \"4\": 1, \"5\": 5, \"7\": 10, \"9\": 6, \"10\": 2, \"11\": 7}, \"duration\": 450, \"game_counter\": 2}, {\"bench\": [1, 7, 2], \"start\": 0, \"lineup\": {\"1\": 0, \"2\": 6, \"4\": 8, \"5\": 3, \"7\": 5, \"9\": 10, \"10\": 4, \"11\": 9}, \"duration\": 450, \"game_counter\": 3}, {\"subs\": {\"in\": {\"2\": 7, \"4\": 1, \"5\": 2}, \"out\": {\"2\": 6, \"4\": 8, \"5\": 3}}, \"bench\": [8, 3, 6], \"start\": 7.5, \"lineup\": {\"1\": 0, \"2\": 7, \"4\": 1, \"5\": 2, \"7\": 5, \"9\": 10, \"10\": 4, \"11\": 9}, \"duration\": 450, \"game_counter\": 3}, {\"bench\": [10, 5, 1], \"start\": 0, \"lineup\": {\"1\": 0, \"2\": 2, \"4\": 6, \"5\": 4, \"7\": 9, \"9\": 8, \"10\": 3, \"11\": 7}, \"duration\": 450, \"game_counter\": 4}, {\"subs\": {\"in\": {\"5\": 1, \"10\": 5, \"11\": 10}, \"out\": {\"5\": 4, \"10\": 3, \"11\": 7}}, \"bench\": [4, 3, 7], \"start\": 7.5, \"lineup\": {\"1\": 0, \"2\": 2, \"4\": 6, \"5\": 1, \"7\": 9, \"9\": 8, \"10\": 5, \"11\": 10}, \"duration\": 450, \"game_counter\": 4}]',1,NULL,'2026-04-20 11:49:30'),(86,NULL,'8v8_1gk_4x15',11,30003,NULL,'[{\"bench\": [7, 10, 5], \"start\": 0, \"lineup\": {\"1\": 0, \"2\": 9, \"4\": 8, \"5\": 6, \"7\": 3, \"9\": 2, \"10\": 1, \"11\": 4}, \"duration\": 450, \"game_counter\": 1}, {\"subs\": {\"in\": {\"2\": 5, \"7\": 10, \"11\": 7}, \"out\": {\"2\": 9, \"7\": 3, \"11\": 4}}, \"bench\": [4, 9, 3], \"start\": 7.5, \"lineup\": {\"1\": 0, \"2\": 5, \"4\": 8, \"5\": 6, \"7\": 10, \"9\": 2, \"10\": 1, \"11\": 7}, \"duration\": 450, \"game_counter\": 1}, {\"bench\": [2, 5, 6], \"start\": 0, \"lineup\": {\"1\": 0, \"2\": 7, \"4\": 1, \"5\": 4, \"7\": 9, \"9\": 10, \"10\": 8, \"11\": 3}, \"duration\": 450, \"game_counter\": 2}, {\"subs\": {\"in\": {\"5\": 5, \"7\": 6, \"10\": 2}, \"out\": {\"5\": 4, \"7\": 9, \"10\": 8}}, \"bench\": [4, 9, 8], \"start\": 7.5, \"lineup\": {\"1\": 0, \"2\": 7, \"4\": 1, \"5\": 5, \"7\": 6, \"9\": 10, \"10\": 2, \"11\": 3}, \"duration\": 450, \"game_counter\": 2}, {\"bench\": [1, 7, 2], \"start\": 0, \"lineup\": {\"1\": 0, \"2\": 6, \"4\": 3, \"5\": 8, \"7\": 5, \"9\": 10, \"10\": 4, \"11\": 9}, \"duration\": 450, \"game_counter\": 3}, {\"subs\": {\"in\": {\"2\": 1, \"4\": 7, \"5\": 2}, \"out\": {\"2\": 6, \"4\": 3, \"5\": 8}}, \"bench\": [8, 3, 6], \"start\": 7.5, \"lineup\": {\"1\": 0, \"2\": 1, \"4\": 7, \"5\": 2, \"7\": 5, \"9\": 10, \"10\": 4, \"11\": 9}, \"duration\": 450, \"game_counter\": 3}, {\"bench\": [10, 5, 1], \"start\": 0, \"lineup\": {\"1\": 0, \"2\": 2, \"4\": 8, \"5\": 4, \"7\": 9, \"9\": 6, \"10\": 3, \"11\": 7}, \"duration\": 450, \"game_counter\": 4}, {\"subs\": {\"in\": {\"5\": 1, \"10\": 5, \"11\": 10}, \"out\": {\"5\": 4, \"10\": 3, \"11\": 7}}, \"bench\": [4, 3, 7], \"start\": 7.5, \"lineup\": {\"1\": 0, \"2\": 2, \"4\": 8, \"5\": 1, \"7\": 9, \"9\": 6, \"10\": 5, \"11\": 10}, \"duration\": 450, \"game_counter\": 4}]',1,NULL,'2026-04-20 11:49:30'),(87,NULL,'8v8_1gk_4x15',11,30004,NULL,'[{\"bench\": [7, 10, 5], \"start\": 0, \"lineup\": {\"1\": 0, \"2\": 9, \"4\": 8, \"5\": 6, \"7\": 3, \"9\": 2, \"10\": 1, \"11\": 4}, \"duration\": 450, \"game_counter\": 1}, {\"subs\": {\"in\": {\"2\": 5, \"7\": 10, \"11\": 7}, \"out\": {\"2\": 9, \"7\": 3, \"11\": 4}}, \"bench\": [4, 9, 3], \"start\": 7.5, \"lineup\": {\"1\": 0, \"2\": 5, \"4\": 8, \"5\": 6, \"7\": 10, \"9\": 2, \"10\": 1, \"11\": 7}, \"duration\": 450, \"game_counter\": 1}, {\"bench\": [2, 1, 6], \"start\": 0, \"lineup\": {\"1\": 0, \"2\": 4, \"4\": 3, \"5\": 7, \"7\": 9, \"9\": 10, \"10\": 8, \"11\": 5}, \"duration\": 450, \"game_counter\": 2}, {\"subs\": {\"in\": {\"2\": 1, \"7\": 6, \"10\": 2}, \"out\": {\"2\": 4, \"7\": 9, \"10\": 8}}, \"bench\": [4, 9, 8], \"start\": 7.5, \"lineup\": {\"1\": 0, \"2\": 1, \"4\": 3, \"5\": 7, \"7\": 6, \"9\": 10, \"10\": 2, \"11\": 5}, \"duration\": 450, \"game_counter\": 2}, {\"bench\": [1, 7, 2], \"start\": 0, \"lineup\": {\"1\": 0, \"2\": 6, \"4\": 3, \"5\": 9, \"7\": 5, \"9\": 10, \"10\": 4, \"11\": 8}, \"duration\": 450, \"game_counter\": 3}, {\"subs\": {\"in\": {\"2\": 7, \"4\": 1, \"11\": 2}, \"out\": {\"2\": 6, \"4\": 3, \"11\": 8}}, \"bench\": [8, 3, 6], \"start\": 7.5, \"lineup\": {\"1\": 0, \"2\": 7, \"4\": 1, \"5\": 9, \"7\": 5, \"9\": 10, \"10\": 4, \"11\": 2}, \"duration\": 450, \"game_counter\": 3}, {\"bench\": [10, 5, 1], \"start\": 0, \"lineup\": {\"1\": 0, \"2\": 2, \"4\": 8, \"5\": 4, \"7\": 9, \"9\": 6, \"10\": 3, \"11\": 7}, \"duration\": 450, \"game_counter\": 4}, {\"subs\": {\"in\": {\"5\": 5, \"10\": 1, \"11\": 10}, \"out\": {\"5\": 4, \"10\": 3, \"11\": 7}}, \"bench\": [4, 3, 7], \"start\": 7.5, \"lineup\": {\"1\": 0, \"2\": 2, \"4\": 8, \"5\": 5, \"7\": 9, \"9\": 6, \"10\": 1, \"11\": 10}, \"duration\": 450, \"game_counter\": 4}]',1,NULL,'2026-04-20 11:49:30'),(88,NULL,'8v8_1gk_4x15',11,30005,NULL,'[{\"bench\": [7, 10, 5], \"start\": 0, \"lineup\": {\"1\": 0, \"2\": 9, \"4\": 8, \"5\": 6, \"7\": 3, \"9\": 2, \"10\": 1, \"11\": 4}, \"duration\": 450, \"game_counter\": 1}, {\"subs\": {\"in\": {\"2\": 5, \"7\": 10, \"11\": 7}, \"out\": {\"2\": 9, \"7\": 3, \"11\": 4}}, \"bench\": [4, 9, 3], \"start\": 7.5, \"lineup\": {\"1\": 0, \"2\": 5, \"4\": 8, \"5\": 6, \"7\": 10, \"9\": 2, \"10\": 1, \"11\": 7}, \"duration\": 450, \"game_counter\": 1}, {\"bench\": [2, 5, 6], \"start\": 0, \"lineup\": {\"1\": 0, \"2\": 7, \"4\": 1, \"5\": 4, \"7\": 9, \"9\": 10, \"10\": 8, \"11\": 3}, \"duration\": 450, \"game_counter\": 2}, {\"subs\": {\"in\": {\"5\": 5, \"7\": 6, \"10\": 2}, \"out\": {\"5\": 4, \"7\": 9, \"10\": 8}}, \"bench\": [4, 9, 8], \"start\": 7.5, \"lineup\": {\"1\": 0, \"2\": 7, \"4\": 1, \"5\": 5, \"7\": 6, \"9\": 10, \"10\": 2, \"11\": 3}, \"duration\": 450, \"game_counter\": 2}, {\"bench\": [1, 7, 2], \"start\": 0, \"lineup\": {\"1\": 0, \"2\": 6, \"4\": 3, \"5\": 8, \"7\": 5, \"9\": 10, \"10\": 4, \"11\": 9}, \"duration\": 450, \"game_counter\": 3}, {\"subs\": {\"in\": {\"2\": 1, \"4\": 7, \"5\": 2}, \"out\": {\"2\": 6, \"4\": 3, \"5\": 8}}, \"bench\": [8, 3, 6], \"start\": 7.5, \"lineup\": {\"1\": 0, \"2\": 1, \"4\": 7, \"5\": 2, \"7\": 5, \"9\": 10, \"10\": 4, \"11\": 9}, \"duration\": 450, \"game_counter\": 3}, {\"bench\": [10, 5, 1], \"start\": 0, \"lineup\": {\"1\": 0, \"2\": 2, \"4\": 8, \"5\": 4, \"7\": 9, \"9\": 6, \"10\": 3, \"11\": 7}, \"duration\": 450, \"game_counter\": 4}, {\"subs\": {\"in\": {\"5\": 5, \"10\": 1, \"11\": 10}, \"out\": {\"5\": 4, \"10\": 3, \"11\": 7}}, \"bench\": [4, 3, 7], \"start\": 7.5, \"lineup\": {\"1\": 0, \"2\": 2, \"4\": 8, \"5\": 5, \"7\": 9, \"9\": 6, \"10\": 1, \"11\": 10}, \"duration\": 450, \"game_counter\": 4}]',1,NULL,'2026-04-20 11:49:30'),(89,NULL,'8v8_1gk_4x15',11,30006,NULL,'[{\"bench\": [7, 10, 5], \"start\": 0, \"lineup\": {\"1\": 0, \"2\": 9, \"4\": 8, \"5\": 6, \"7\": 3, \"9\": 2, \"10\": 1, \"11\": 4}, \"duration\": 450, \"game_counter\": 1}, {\"subs\": {\"in\": {\"2\": 5, \"7\": 10, \"11\": 7}, \"out\": {\"2\": 9, \"7\": 3, \"11\": 4}}, \"bench\": [4, 9, 3], \"start\": 7.5, \"lineup\": {\"1\": 0, \"2\": 5, \"4\": 8, \"5\": 6, \"7\": 10, \"9\": 2, \"10\": 1, \"11\": 7}, \"duration\": 450, \"game_counter\": 1}, {\"bench\": [2, 5, 6], \"start\": 0, \"lineup\": {\"1\": 0, \"2\": 4, \"4\": 3, \"5\": 7, \"7\": 9, \"9\": 10, \"10\": 8, \"11\": 1}, \"duration\": 450, \"game_counter\": 2}, {\"subs\": {\"in\": {\"2\": 5, \"7\": 6, \"10\": 2}, \"out\": {\"2\": 4, \"7\": 9, \"10\": 8}}, \"bench\": [4, 9, 8], \"start\": 7.5, \"lineup\": {\"1\": 0, \"2\": 5, \"4\": 3, \"5\": 7, \"7\": 6, \"9\": 10, \"10\": 2, \"11\": 1}, \"duration\": 450, \"game_counter\": 2}, {\"bench\": [1, 7, 2], \"start\": 0, \"lineup\": {\"1\": 0, \"2\": 6, \"4\": 3, \"5\": 8, \"7\": 5, \"9\": 10, \"10\": 4, \"11\": 9}, \"duration\": 450, \"game_counter\": 3}, {\"subs\": {\"in\": {\"2\": 7, \"4\": 1, \"5\": 2}, \"out\": {\"2\": 6, \"4\": 3, \"5\": 8}}, \"bench\": [8, 3, 6], \"start\": 7.5, \"lineup\": {\"1\": 0, \"2\": 7, \"4\": 1, \"5\": 2, \"7\": 5, \"9\": 10, \"10\": 4, \"11\": 9}, \"duration\": 450, \"game_counter\": 3}, {\"bench\": [10, 5, 1], \"start\": 0, \"lineup\": {\"1\": 0, \"2\": 2, \"4\": 8, \"5\": 4, \"7\": 9, \"9\": 6, \"10\": 3, \"11\": 7}, \"duration\": 450, \"game_counter\": 4}, {\"subs\": {\"in\": {\"5\": 5, \"10\": 1, \"11\": 10}, \"out\": {\"5\": 4, \"10\": 3, \"11\": 7}}, \"bench\": [4, 3, 7], \"start\": 7.5, \"lineup\": {\"1\": 0, \"2\": 2, \"4\": 8, \"5\": 5, \"7\": 9, \"9\": 6, \"10\": 1, \"11\": 10}, \"duration\": 450, \"game_counter\": 4}]',1,NULL,'2026-04-20 11:49:30'),(90,NULL,'8v8_1gk_4x15',11,30007,NULL,'[{\"bench\": [7, 10, 5], \"start\": 0, \"lineup\": {\"1\": 0, \"2\": 9, \"4\": 8, \"5\": 6, \"7\": 3, \"9\": 2, \"10\": 1, \"11\": 4}, \"duration\": 450, \"game_counter\": 1}, {\"subs\": {\"in\": {\"2\": 5, \"7\": 10, \"11\": 7}, \"out\": {\"2\": 9, \"7\": 3, \"11\": 4}}, \"bench\": [4, 9, 3], \"start\": 7.5, \"lineup\": {\"1\": 0, \"2\": 5, \"4\": 8, \"5\": 6, \"7\": 10, \"9\": 2, \"10\": 1, \"11\": 7}, \"duration\": 450, \"game_counter\": 1}, {\"bench\": [2, 5, 6], \"start\": 0, \"lineup\": {\"1\": 0, \"2\": 4, \"4\": 3, \"5\": 7, \"7\": 9, \"9\": 10, \"10\": 8, \"11\": 1}, \"duration\": 450, \"game_counter\": 2}, {\"subs\": {\"in\": {\"2\": 5, \"7\": 6, \"10\": 2}, \"out\": {\"2\": 4, \"7\": 9, \"10\": 8}}, \"bench\": [4, 9, 8], \"start\": 7.5, \"lineup\": {\"1\": 0, \"2\": 5, \"4\": 3, \"5\": 7, \"7\": 6, \"9\": 10, \"10\": 2, \"11\": 1}, \"duration\": 450, \"game_counter\": 2}, {\"bench\": [1, 7, 2], \"start\": 0, \"lineup\": {\"1\": 0, \"2\": 6, \"4\": 3, \"5\": 9, \"7\": 5, \"9\": 10, \"10\": 4, \"11\": 8}, \"duration\": 450, \"game_counter\": 3}, {\"subs\": {\"in\": {\"2\": 7, \"4\": 1, \"11\": 2}, \"out\": {\"2\": 6, \"4\": 3, \"11\": 8}}, \"bench\": [8, 3, 6], \"start\": 7.5, \"lineup\": {\"1\": 0, \"2\": 7, \"4\": 1, \"5\": 9, \"7\": 5, \"9\": 10, \"10\": 4, \"11\": 2}, \"duration\": 450, \"game_counter\": 3}, {\"bench\": [10, 5, 1], \"start\": 0, \"lineup\": {\"1\": 0, \"2\": 2, \"4\": 8, \"5\": 4, \"7\": 9, \"9\": 6, \"10\": 3, \"11\": 7}, \"duration\": 450, \"game_counter\": 4}, {\"subs\": {\"in\": {\"5\": 5, \"10\": 1, \"11\": 10}, \"out\": {\"5\": 4, \"10\": 3, \"11\": 7}}, \"bench\": [4, 3, 7], \"start\": 7.5, \"lineup\": {\"1\": 0, \"2\": 2, \"4\": 8, \"5\": 5, \"7\": 9, \"9\": 6, \"10\": 1, \"11\": 10}, \"duration\": 450, \"game_counter\": 4}]',1,NULL,'2026-04-20 11:49:30'),(91,NULL,'8v8_1gk_4x15',11,30008,NULL,'[{\"bench\": [7, 10, 5], \"start\": 0, \"lineup\": {\"1\": 0, \"2\": 9, \"4\": 8, \"5\": 6, \"7\": 3, \"9\": 2, \"10\": 1, \"11\": 4}, \"duration\": 450, \"game_counter\": 1}, {\"subs\": {\"in\": {\"2\": 5, \"7\": 10, \"11\": 7}, \"out\": {\"2\": 9, \"7\": 3, \"11\": 4}}, \"bench\": [4, 9, 3], \"start\": 7.5, \"lineup\": {\"1\": 0, \"2\": 5, \"4\": 8, \"5\": 6, \"7\": 10, \"9\": 2, \"10\": 1, \"11\": 7}, \"duration\": 450, \"game_counter\": 1}, {\"bench\": [2, 5, 6], \"start\": 0, \"lineup\": {\"1\": 0, \"2\": 10, \"4\": 1, \"5\": 9, \"7\": 7, \"9\": 4, \"10\": 8, \"11\": 3}, \"duration\": 450, \"game_counter\": 2}, {\"subs\": {\"in\": {\"5\": 5, \"9\": 6, \"10\": 2}, \"out\": {\"5\": 9, \"9\": 4, \"10\": 8}}, \"bench\": [4, 9, 8], \"start\": 7.5, \"lineup\": {\"1\": 0, \"2\": 10, \"4\": 1, \"5\": 5, \"7\": 7, \"9\": 6, \"10\": 2, \"11\": 3}, \"duration\": 450, \"game_counter\": 2}, {\"bench\": [1, 7, 2], \"start\": 0, \"lineup\": {\"1\": 0, \"2\": 8, \"4\": 6, \"5\": 3, \"7\": 10, \"9\": 5, \"10\": 9, \"11\": 4}, \"duration\": 450, \"game_counter\": 3}, {\"subs\": {\"in\": {\"2\": 7, \"4\": 1, \"5\": 2}, \"out\": {\"2\": 8, \"4\": 6, \"5\": 3}}, \"bench\": [8, 3, 6], \"start\": 7.5, \"lineup\": {\"1\": 0, \"2\": 7, \"4\": 1, \"5\": 2, \"7\": 10, \"9\": 5, \"10\": 9, \"11\": 4}, \"duration\": 450, \"game_counter\": 3}, {\"bench\": [10, 5, 1], \"start\": 0, \"lineup\": {\"1\": 0, \"2\": 2, \"4\": 6, \"5\": 4, \"7\": 9, \"9\": 3, \"10\": 8, \"11\": 7}, \"duration\": 450, \"game_counter\": 4}, {\"subs\": {\"in\": {\"5\": 1, \"9\": 5, \"11\": 10}, \"out\": {\"5\": 4, \"9\": 3, \"11\": 7}}, \"bench\": [4, 3, 7], \"start\": 7.5, \"lineup\": {\"1\": 0, \"2\": 2, \"4\": 6, \"5\": 1, \"7\": 9, \"9\": 5, \"10\": 8, \"11\": 10}, \"duration\": 450, \"game_counter\": 4}]',1,NULL,'2026-04-20 11:49:30'),(92,NULL,'8v8_1gk_4x15',11,30009,NULL,'[{\"bench\": [7, 10, 5], \"start\": 0, \"lineup\": {\"1\": 0, \"2\": 6, \"4\": 8, \"5\": 9, \"7\": 3, \"9\": 2, \"10\": 1, \"11\": 4}, \"duration\": 450, \"game_counter\": 1}, {\"subs\": {\"in\": {\"5\": 5, \"7\": 7, \"11\": 10}, \"out\": {\"5\": 9, \"7\": 3, \"11\": 4}}, \"bench\": [4, 9, 3], \"start\": 7.5, \"lineup\": {\"1\": 0, \"2\": 6, \"4\": 8, \"5\": 5, \"7\": 7, \"9\": 2, \"10\": 1, \"11\": 10}, \"duration\": 450, \"game_counter\": 1}, {\"bench\": [2, 5, 6], \"start\": 0, \"lineup\": {\"1\": 0, \"2\": 3, \"4\": 1, \"5\": 4, \"7\": 10, \"9\": 9, \"10\": 8, \"11\": 7}, \"duration\": 450, \"game_counter\": 2}, {\"subs\": {\"in\": {\"5\": 5, \"9\": 6, \"10\": 2}, \"out\": {\"5\": 4, \"9\": 9, \"10\": 8}}, \"bench\": [4, 9, 8], \"start\": 7.5, \"lineup\": {\"1\": 0, \"2\": 3, \"4\": 1, \"5\": 5, \"7\": 10, \"9\": 6, \"10\": 2, \"11\": 7}, \"duration\": 450, \"game_counter\": 2}, {\"bench\": [1, 7, 2], \"start\": 0, \"lineup\": {\"1\": 0, \"2\": 6, \"4\": 8, \"5\": 3, \"7\": 5, \"9\": 10, \"10\": 4, \"11\": 9}, \"duration\": 450, \"game_counter\": 3}, {\"subs\": {\"in\": {\"2\": 7, \"4\": 1, \"5\": 2}, \"out\": {\"2\": 6, \"4\": 8, \"5\": 3}}, \"bench\": [8, 3, 6], \"start\": 7.5, \"lineup\": {\"1\": 0, \"2\": 7, \"4\": 1, \"5\": 2, \"7\": 5, \"9\": 10, \"10\": 4, \"11\": 9}, \"duration\": 450, \"game_counter\": 3}, {\"bench\": [10, 5, 1], \"start\": 0, \"lineup\": {\"1\": 0, \"2\": 2, \"4\": 6, \"5\": 4, \"7\": 9, \"9\": 8, \"10\": 3, \"11\": 7}, \"duration\": 450, \"game_counter\": 4}, {\"subs\": {\"in\": {\"5\": 1, \"10\": 5, \"11\": 10}, \"out\": {\"5\": 4, \"10\": 3, \"11\": 7}}, \"bench\": [4, 3, 7], \"start\": 7.5, \"lineup\": {\"1\": 0, \"2\": 2, \"4\": 6, \"5\": 1, \"7\": 9, \"9\": 8, \"10\": 5, \"11\": 10}, \"duration\": 450, \"game_counter\": 4}]',1,NULL,'2026-04-20 11:49:30'),(93,NULL,'8v8_1gk_4x15',11,30010,NULL,'[{\"bench\": [5, 7, 10], \"start\": 0, \"lineup\": {\"1\": 0, \"2\": 9, \"4\": 8, \"5\": 6, \"7\": 3, \"9\": 4, \"10\": 1, \"11\": 2}, \"duration\": 450, \"game_counter\": 1}, {\"subs\": {\"in\": {\"2\": 5, \"7\": 10, \"9\": 7}, \"out\": {\"2\": 9, \"7\": 3, \"9\": 4}}, \"bench\": [3, 4, 9], \"start\": 7.5, \"lineup\": {\"1\": 0, \"2\": 5, \"4\": 8, \"5\": 6, \"7\": 10, \"9\": 7, \"10\": 1, \"11\": 2}, \"duration\": 450, \"game_counter\": 1}, {\"bench\": [8, 2, 6], \"start\": 0, \"lineup\": {\"1\": 0, \"2\": 1, \"4\": 3, \"5\": 7, \"7\": 9, \"9\": 10, \"10\": 4, \"11\": 5}, \"duration\": 450, \"game_counter\": 2}, {\"subs\": {\"in\": {\"2\": 2, \"7\": 6, \"10\": 8}, \"out\": {\"2\": 1, \"7\": 9, \"10\": 4}}, \"bench\": [4, 1, 9], \"start\": 7.5, \"lineup\": {\"1\": 0, \"2\": 2, \"4\": 3, \"5\": 7, \"7\": 6, \"9\": 10, \"10\": 8, \"11\": 5}, \"duration\": 450, \"game_counter\": 2}, {\"bench\": [1, 2, 7], \"start\": 0, \"lineup\": {\"1\": 0, \"2\": 6, \"4\": 3, \"5\": 9, \"7\": 5, \"9\": 8, \"10\": 10, \"11\": 4}, \"duration\": 450, \"game_counter\": 3}, {\"subs\": {\"in\": {\"2\": 7, \"4\": 1, \"9\": 2}, \"out\": {\"2\": 6, \"4\": 3, \"9\": 8}}, \"bench\": [3, 6, 8], \"start\": 7.5, \"lineup\": {\"1\": 0, \"2\": 7, \"4\": 1, \"5\": 9, \"7\": 5, \"9\": 2, \"10\": 10, \"11\": 4}, \"duration\": 450, \"game_counter\": 3}, {\"bench\": [1, 5, 10], \"start\": 0, \"lineup\": {\"1\": 0, \"2\": 9, \"4\": 8, \"5\": 7, \"7\": 2, \"9\": 4, \"10\": 3, \"11\": 6}, \"duration\": 450, \"game_counter\": 4}, {\"subs\": {\"in\": {\"5\": 10, \"9\": 5, \"10\": 1}, \"out\": {\"5\": 7, \"9\": 4, \"10\": 3}}, \"bench\": [3, 4, 7], \"start\": 7.5, \"lineup\": {\"1\": 0, \"2\": 9, \"4\": 8, \"5\": 10, \"7\": 2, \"9\": 5, \"10\": 1, \"11\": 6}, \"duration\": 450, \"game_counter\": 4}]',1,NULL,'2026-04-20 11:49:30'),(95,NULL,'8v8_1gk_4x15',11,30011,NULL,'[{\"bench\": [7, 10, 5], \"start\": 0, \"lineup\": {\"1\": 0, \"2\": 9, \"4\": 2, \"5\": 6, \"7\": 3, \"9\": 8, \"10\": 1, \"11\": 4}, \"duration\": 450, \"game_counter\": 1}, {\"subs\": {\"in\": {\"2\": 5, \"7\": 10, \"11\": 7}, \"out\": {\"2\": 9, \"7\": 3, \"11\": 4}}, \"bench\": [4, 9, 3], \"start\": 7.5, \"lineup\": {\"1\": 0, \"2\": 5, \"4\": 2, \"5\": 6, \"7\": 10, \"9\": 8, \"10\": 1, \"11\": 7}, \"duration\": 450, \"game_counter\": 1}, {\"bench\": [2, 5, 6], \"start\": 0, \"lineup\": {\"1\": 0, \"2\": 7, \"4\": 1, \"5\": 9, \"7\": 4, \"9\": 10, \"10\": 8, \"11\": 3}, \"duration\": 450, \"game_counter\": 2}, {\"subs\": {\"in\": {\"5\": 5, \"7\": 6, \"10\": 2}, \"out\": {\"5\": 9, \"7\": 4, \"10\": 8}}, \"bench\": [4, 9, 8], \"start\": 7.5, \"lineup\": {\"1\": 0, \"2\": 7, \"4\": 1, \"5\": 5, \"7\": 6, \"9\": 10, \"10\": 2, \"11\": 3}, \"duration\": 450, \"game_counter\": 2}, {\"bench\": [1, 7, 2], \"start\": 0, \"lineup\": {\"1\": 0, \"2\": 6, \"4\": 8, \"5\": 3, \"7\": 4, \"9\": 10, \"10\": 5, \"11\": 9}, \"duration\": 450, \"game_counter\": 3}, {\"subs\": {\"in\": {\"2\": 2, \"4\": 1, \"5\": 7}, \"out\": {\"2\": 6, \"4\": 8, \"5\": 3}}, \"bench\": [8, 3, 6], \"start\": 7.5, \"lineup\": {\"1\": 0, \"2\": 2, \"4\": 1, \"5\": 7, \"7\": 4, \"9\": 10, \"10\": 5, \"11\": 9}, \"duration\": 450, \"game_counter\": 3}, {\"bench\": [10, 5, 1], \"start\": 0, \"lineup\": {\"1\": 0, \"2\": 2, \"4\": 8, \"5\": 4, \"7\": 9, \"9\": 3, \"10\": 6, \"11\": 7}, \"duration\": 450, \"game_counter\": 4}, {\"subs\": {\"in\": {\"5\": 1, \"9\": 5, \"11\": 10}, \"out\": {\"5\": 4, \"9\": 3, \"11\": 7}}, \"bench\": [4, 3, 7], \"start\": 7.5, \"lineup\": {\"1\": 0, \"2\": 2, \"4\": 8, \"5\": 1, \"7\": 9, \"9\": 5, \"10\": 6, \"11\": 10}, \"duration\": 450, \"game_counter\": 4}]',1,NULL,'2026-04-20 11:49:30'),(96,NULL,'8v8_1gk_4x15',11,20002,NULL,'[{\"bench\": [7, 10, 5], \"start\": 0, \"lineup\": {\"1\": 0, \"2\": 9, \"4\": 8, \"5\": 6, \"7\": 3, \"9\": 2, \"10\": 1, \"11\": 4}, \"duration\": 450, \"game_counter\": 1}, {\"subs\": {\"in\": {\"2\": 5, \"7\": 10, \"11\": 7}, \"out\": {\"2\": 9, \"7\": 3, \"11\": 4}}, \"bench\": [4, 9, 3], \"start\": 7.5, \"lineup\": {\"1\": 0, \"2\": 5, \"4\": 8, \"5\": 6, \"7\": 10, \"9\": 2, \"10\": 1, \"11\": 7}, \"duration\": 450, \"game_counter\": 1}, {\"bench\": [2, 5, 6], \"start\": 0, \"lineup\": {\"1\": 0, \"2\": 7, \"4\": 1, \"5\": 9, \"7\": 4, \"9\": 10, \"10\": 8, \"11\": 3}, \"duration\": 450, \"game_counter\": 2}, {\"subs\": {\"in\": {\"5\": 5, \"7\": 6, \"10\": 2}, \"out\": {\"5\": 9, \"7\": 4, \"10\": 8}}, \"bench\": [4, 9, 8], \"start\": 7.5, \"lineup\": {\"1\": 0, \"2\": 7, \"4\": 1, \"5\": 5, \"7\": 6, \"9\": 10, \"10\": 2, \"11\": 3}, \"duration\": 450, \"game_counter\": 2}, {\"bench\": [1, 7, 2], \"start\": 0, \"lineup\": {\"1\": 0, \"2\": 6, \"4\": 8, \"5\": 3, \"7\": 4, \"9\": 10, \"10\": 9, \"11\": 5}, \"duration\": 450, \"game_counter\": 3}, {\"subs\": {\"in\": {\"2\": 2, \"4\": 1, \"5\": 7}, \"out\": {\"2\": 6, \"4\": 8, \"5\": 3}}, \"bench\": [8, 3, 6], \"start\": 7.5, \"lineup\": {\"1\": 0, \"2\": 2, \"4\": 1, \"5\": 7, \"7\": 4, \"9\": 10, \"10\": 9, \"11\": 5}, \"duration\": 450, \"game_counter\": 3}, {\"bench\": [10, 5, 1], \"start\": 0, \"lineup\": {\"1\": 0, \"2\": 2, \"4\": 8, \"5\": 4, \"7\": 9, \"9\": 6, \"10\": 3, \"11\": 7}, \"duration\": 450, \"game_counter\": 4}, {\"subs\": {\"in\": {\"5\": 1, \"10\": 5, \"11\": 10}, \"out\": {\"5\": 4, \"10\": 3, \"11\": 7}}, \"bench\": [4, 3, 7], \"start\": 7.5, \"lineup\": {\"1\": 0, \"2\": 2, \"4\": 8, \"5\": 1, \"7\": 9, \"9\": 6, \"10\": 5, \"11\": 10}, \"duration\": 450, \"game_counter\": 4}]',1,NULL,'2026-04-20 11:49:30'),(97,NULL,'8v8_1gk_4x15',11,30012,NULL,'[{\"bench\": [5, 7, 10], \"start\": 0, \"lineup\": {\"1\": 0, \"2\": 9, \"4\": 8, \"5\": 6, \"7\": 3, \"9\": 4, \"10\": 1, \"11\": 2}, \"duration\": 450, \"game_counter\": 1}, {\"subs\": {\"in\": {\"2\": 5, \"7\": 10, \"9\": 7}, \"out\": {\"2\": 9, \"7\": 3, \"9\": 4}}, \"bench\": [3, 4, 9], \"start\": 7.5, \"lineup\": {\"1\": 0, \"2\": 5, \"4\": 8, \"5\": 6, \"7\": 10, \"9\": 7, \"10\": 1, \"11\": 2}, \"duration\": 450, \"game_counter\": 1}, {\"bench\": [8, 2, 6], \"start\": 0, \"lineup\": {\"1\": 0, \"2\": 1, \"4\": 3, \"5\": 7, \"7\": 9, \"9\": 10, \"10\": 4, \"11\": 5}, \"duration\": 450, \"game_counter\": 2}, {\"subs\": {\"in\": {\"2\": 2, \"7\": 6, \"10\": 8}, \"out\": {\"2\": 1, \"7\": 9, \"10\": 4}}, \"bench\": [4, 1, 9], \"start\": 7.5, \"lineup\": {\"1\": 0, \"2\": 2, \"4\": 3, \"5\": 7, \"7\": 6, \"9\": 10, \"10\": 8, \"11\": 5}, \"duration\": 450, \"game_counter\": 2}, {\"bench\": [1, 2, 7], \"start\": 0, \"lineup\": {\"1\": 0, \"2\": 6, \"4\": 3, \"5\": 9, \"7\": 5, \"9\": 8, \"10\": 10, \"11\": 4}, \"duration\": 450, \"game_counter\": 3}, {\"subs\": {\"in\": {\"2\": 7, \"4\": 1, \"9\": 2}, \"out\": {\"2\": 6, \"4\": 3, \"9\": 8}}, \"bench\": [3, 6, 8], \"start\": 7.5, \"lineup\": {\"1\": 0, \"2\": 7, \"4\": 1, \"5\": 9, \"7\": 5, \"9\": 2, \"10\": 10, \"11\": 4}, \"duration\": 450, \"game_counter\": 3}, {\"bench\": [1, 10, 5], \"start\": 0, \"lineup\": {\"1\": 0, \"2\": 9, \"4\": 8, \"5\": 7, \"7\": 2, \"9\": 4, \"10\": 3, \"11\": 6}, \"duration\": 450, \"game_counter\": 4}, {\"subs\": {\"in\": {\"5\": 5, \"9\": 10, \"10\": 1}, \"out\": {\"5\": 7, \"9\": 4, \"10\": 3}}, \"bench\": [3, 4, 7], \"start\": 7.5, \"lineup\": {\"1\": 0, \"2\": 9, \"4\": 8, \"5\": 5, \"7\": 2, \"9\": 10, \"10\": 1, \"11\": 6}, \"duration\": 450, \"game_counter\": 4}]',1,NULL,'2026-04-20 11:49:30'),(98,NULL,'8v8_1gk_4x15',12,20000,NULL,'[{\"bench\": [7, 10, 5, 1], \"start\": 0, \"lineup\": {\"1\": 0, \"2\": 9, \"4\": 8, \"5\": 6, \"7\": 4, \"9\": 11, \"10\": 2, \"11\": 3}, \"duration\": 450, \"game_counter\": 1}, {\"subs\": {\"in\": {\"2\": 5, \"7\": 7, \"10\": 1, \"11\": 10}, \"out\": {\"2\": 9, \"7\": 4, \"10\": 2, \"11\": 3}}, \"bench\": [4, 9, 3, 2], \"start\": 7.5, \"lineup\": {\"1\": 0, \"2\": 5, \"4\": 8, \"5\": 6, \"7\": 7, \"9\": 11, \"10\": 1, \"11\": 10}, \"duration\": 450, \"game_counter\": 1}, {\"bench\": [2, 5, 6, 10], \"start\": 0, \"lineup\": {\"1\": 0, \"2\": 4, \"4\": 3, \"5\": 7, \"7\": 1, \"9\": 9, \"10\": 8, \"11\": 11}, \"duration\": 450, \"game_counter\": 2}, {\"subs\": {\"in\": {\"2\": 5, \"7\": 6, \"10\": 2, \"11\": 10}, \"out\": {\"2\": 4, \"7\": 1, \"10\": 8, \"11\": 11}}, \"bench\": [4, 1, 8, 11], \"start\": 7.5, \"lineup\": {\"1\": 0, \"2\": 5, \"4\": 3, \"5\": 7, \"7\": 6, \"9\": 9, \"10\": 2, \"11\": 10}, \"duration\": 450, \"game_counter\": 2}, {\"bench\": [7, 1, 3, 2], \"start\": 0, \"lineup\": {\"1\": 0, \"2\": 9, \"4\": 8, \"5\": 11, \"7\": 4, \"9\": 10, \"10\": 6, \"11\": 5}, \"duration\": 450, \"game_counter\": 3}, {\"subs\": {\"in\": {\"2\": 7, \"4\": 1, \"5\": 3, \"10\": 2}, \"out\": {\"2\": 9, \"4\": 8, \"5\": 11, \"10\": 6}}, \"bench\": [8, 6, 11, 9], \"start\": 5, \"lineup\": {\"1\": 0, \"2\": 7, \"4\": 1, \"5\": 3, \"7\": 4, \"9\": 10, \"10\": 2, \"11\": 5}, \"duration\": 450, \"game_counter\": 3}, {\"bench\": [7, 3, 5, 4], \"start\": 7.5, \"lineup\": {\"1\": 0, \"2\": 6, \"4\": 1, \"5\": 8, \"7\": 9, \"9\": 10, \"10\": 11, \"11\": 2}, \"duration\": 450, \"game_counter\": 4}, {\"subs\": {\"in\": {\"2\": 7, \"5\": 4, \"7\": 5, \"10\": 3}, \"out\": {\"2\": 6, \"5\": 8, \"7\": 9, \"10\": 11}}, \"bench\": [9, 8, 6, 11], \"start\": 15, \"lineup\": {\"1\": 0, \"2\": 7, \"4\": 1, \"5\": 4, \"7\": 5, \"9\": 10, \"10\": 3, \"11\": 2}, \"duration\": 450, \"game_counter\": 4}]',1,NULL,'2026-04-20 11:49:30'),(100,NULL,'8v8_1gk_4x15',9,10000,NULL,'[{\"bench\": [2], \"start\": 0, \"lineup\": {\"1\": 0, \"2\": 5, \"4\": 8, \"5\": 4, \"7\": 7, \"9\": 6, \"10\": 1, \"11\": 3}, \"duration\": 450, \"game_counter\": 1}, {\"subs\": {\"in\": {\"2\": 2}, \"out\": {\"2\": 5}}, \"bench\": [5], \"start\": 7.5, \"lineup\": {\"1\": 0, \"2\": 2, \"4\": 8, \"5\": 4, \"7\": 7, \"9\": 6, \"10\": 1, \"11\": 3}, \"duration\": 450, \"game_counter\": 1}, {\"bench\": [3], \"start\": 0, \"lineup\": {\"1\": 0, \"2\": 5, \"4\": 1, \"5\": 2, \"7\": 7, \"9\": 4, \"10\": 8, \"11\": 6}, \"duration\": 450, \"game_counter\": 2}, {\"subs\": {\"in\": {\"9\": 3}, \"out\": {\"9\": 4}}, \"bench\": [4], \"start\": 7.5, \"lineup\": {\"1\": 0, \"2\": 5, \"4\": 1, \"5\": 2, \"7\": 7, \"9\": 3, \"10\": 8, \"11\": 6}, \"duration\": 450, \"game_counter\": 2}, {\"bench\": [6], \"start\": 0, \"lineup\": {\"1\": 0, \"2\": 3, \"4\": 2, \"5\": 4, \"7\": 8, \"9\": 7, \"10\": 1, \"11\": 5}, \"duration\": 450, \"game_counter\": 3}, {\"subs\": {\"in\": {\"7\": 6}, \"out\": {\"7\": 8}}, \"bench\": [8], \"start\": 7.5, \"lineup\": {\"1\": 0, \"2\": 3, \"4\": 2, \"5\": 4, \"7\": 6, \"9\": 7, \"10\": 1, \"11\": 5}, \"duration\": 450, \"game_counter\": 3}, {\"bench\": [1], \"start\": 0, \"lineup\": {\"1\": 0, \"2\": 7, \"4\": 5, \"5\": 4, \"7\": 6, \"9\": 8, \"10\": 3, \"11\": 2}, \"duration\": 450, \"game_counter\": 4}, {\"subs\": {\"in\": {\"2\": 1}, \"out\": {\"2\": 7}}, \"bench\": [7], \"start\": 7.5, \"lineup\": {\"1\": 0, \"2\": 1, \"4\": 5, \"5\": 4, \"7\": 6, \"9\": 8, \"10\": 3, \"11\": 2}, \"duration\": 450, \"game_counter\": 4}]',1,NULL,'2026-04-20 11:49:30'),(101,NULL,'8v8_1gk_4x15',9,20000,NULL,'[{\"bench\": [6], \"start\": 0, \"lineup\": {\"1\": 0, \"2\": 5, \"4\": 8, \"5\": 4, \"7\": 7, \"9\": 2, \"10\": 1, \"11\": 3}, \"duration\": 450, \"game_counter\": 1}, {\"subs\": {\"in\": {\"2\": 6}, \"out\": {\"2\": 5}}, \"bench\": [5], \"start\": 7.5, \"lineup\": {\"1\": 0, \"2\": 6, \"4\": 8, \"5\": 4, \"7\": 7, \"9\": 2, \"10\": 1, \"11\": 3}, \"duration\": 450, \"game_counter\": 1}, {\"bench\": [3], \"start\": 0, \"lineup\": {\"1\": 0, \"2\": 5, \"4\": 1, \"5\": 2, \"7\": 7, \"9\": 4, \"10\": 8, \"11\": 6}, \"duration\": 450, \"game_counter\": 2}, {\"subs\": {\"in\": {\"9\": 3}, \"out\": {\"9\": 4}}, \"bench\": [4], \"start\": 7.5, \"lineup\": {\"1\": 0, \"2\": 5, \"4\": 1, \"5\": 2, \"7\": 7, \"9\": 3, \"10\": 8, \"11\": 6}, \"duration\": 450, \"game_counter\": 2}, {\"bench\": [8], \"start\": 0, \"lineup\": {\"1\": 0, \"2\": 1, \"4\": 6, \"5\": 3, \"7\": 2, \"9\": 7, \"10\": 4, \"11\": 5}, \"duration\": 450, \"game_counter\": 3}, {\"subs\": {\"in\": {\"7\": 8}, \"out\": {\"7\": 2}}, \"bench\": [2], \"start\": 7.5, \"lineup\": {\"1\": 0, \"2\": 1, \"4\": 6, \"5\": 3, \"7\": 8, \"9\": 7, \"10\": 4, \"11\": 5}, \"duration\": 450, \"game_counter\": 3}, {\"bench\": [1], \"start\": 0, \"lineup\": {\"1\": 0, \"2\": 7, \"4\": 5, \"5\": 4, \"7\": 6, \"9\": 8, \"10\": 3, \"11\": 2}, \"duration\": 450, \"game_counter\": 4}, {\"subs\": {\"in\": {\"2\": 1}, \"out\": {\"2\": 7}}, \"bench\": [7], \"start\": 7.5, \"lineup\": {\"1\": 0, \"2\": 1, \"4\": 5, \"5\": 4, \"7\": 6, \"9\": 8, \"10\": 3, \"11\": 2}, \"duration\": 450, \"game_counter\": 4}]',1,NULL,'2026-04-20 11:49:30'),(102,NULL,'8v8_1gk_4x15',9,20001,NULL,'[{\"bench\": [6], \"start\": 0, \"lineup\": {\"1\": 0, \"2\": 5, \"4\": 8, \"5\": 4, \"7\": 7, \"9\": 2, \"10\": 1, \"11\": 3}, \"duration\": 450, \"game_counter\": 1}, {\"subs\": {\"in\": {\"2\": 6}, \"out\": {\"2\": 5}}, \"bench\": [5], \"start\": 7.5, \"lineup\": {\"1\": 0, \"2\": 6, \"4\": 8, \"5\": 4, \"7\": 7, \"9\": 2, \"10\": 1, \"11\": 3}, \"duration\": 450, \"game_counter\": 1}, {\"bench\": [3], \"start\": 0, \"lineup\": {\"1\": 0, \"2\": 5, \"4\": 1, \"5\": 4, \"7\": 7, \"9\": 2, \"10\": 8, \"11\": 6}, \"duration\": 450, \"game_counter\": 2}, {\"subs\": {\"in\": {\"9\": 3}, \"out\": {\"9\": 2}}, \"bench\": [2], \"start\": 7.5, \"lineup\": {\"1\": 0, \"2\": 5, \"4\": 1, \"5\": 4, \"7\": 7, \"9\": 3, \"10\": 8, \"11\": 6}, \"duration\": 450, \"game_counter\": 2}, {\"bench\": [8], \"start\": 0, \"lineup\": {\"1\": 0, \"2\": 1, \"4\": 6, \"5\": 3, \"7\": 2, \"9\": 7, \"10\": 4, \"11\": 5}, \"duration\": 450, \"game_counter\": 3}, {\"subs\": {\"in\": {\"10\": 8}, \"out\": {\"10\": 4}}, \"bench\": [4], \"start\": 7.5, \"lineup\": {\"1\": 0, \"2\": 1, \"4\": 6, \"5\": 3, \"7\": 2, \"9\": 7, \"10\": 8, \"11\": 5}, \"duration\": 450, \"game_counter\": 3}, {\"bench\": [1], \"start\": 0, \"lineup\": {\"1\": 0, \"2\": 7, \"4\": 5, \"5\": 4, \"7\": 6, \"9\": 8, \"10\": 3, \"11\": 2}, \"duration\": 450, \"game_counter\": 4}, {\"subs\": {\"in\": {\"2\": 1}, \"out\": {\"2\": 7}}, \"bench\": [7], \"start\": 7.5, \"lineup\": {\"1\": 0, \"2\": 1, \"4\": 5, \"5\": 4, \"7\": 6, \"9\": 8, \"10\": 3, \"11\": 2}, \"duration\": 450, \"game_counter\": 4}]',1,NULL,'2026-04-20 11:49:30'),(103,NULL,'8v8_1gk_4x15',9,20002,NULL,'[{\"bench\": [6], \"start\": 0, \"lineup\": {\"1\": 0, \"2\": 5, \"4\": 8, \"5\": 4, \"7\": 7, \"9\": 2, \"10\": 1, \"11\": 3}, \"duration\": 450, \"game_counter\": 1}, {\"subs\": {\"in\": {\"2\": 6}, \"out\": {\"2\": 5}}, \"bench\": [5], \"start\": 7.5, \"lineup\": {\"1\": 0, \"2\": 6, \"4\": 8, \"5\": 4, \"7\": 7, \"9\": 2, \"10\": 1, \"11\": 3}, \"duration\": 450, \"game_counter\": 1}, {\"bench\": [4], \"start\": 0, \"lineup\": {\"1\": 0, \"2\": 5, \"4\": 1, \"5\": 3, \"7\": 7, \"9\": 8, \"10\": 2, \"11\": 6}, \"duration\": 450, \"game_counter\": 2}, {\"subs\": {\"in\": {\"9\": 4}, \"out\": {\"9\": 8}}, \"bench\": [8], \"start\": 7.5, \"lineup\": {\"1\": 0, \"2\": 5, \"4\": 1, \"5\": 3, \"7\": 7, \"9\": 4, \"10\": 2, \"11\": 6}, \"duration\": 450, \"game_counter\": 2}, {\"bench\": [3], \"start\": 0, \"lineup\": {\"1\": 0, \"2\": 1, \"4\": 8, \"5\": 6, \"7\": 2, \"9\": 7, \"10\": 4, \"11\": 5}, \"duration\": 450, \"game_counter\": 3}, {\"subs\": {\"in\": {\"7\": 3}, \"out\": {\"7\": 2}}, \"bench\": [2], \"start\": 7.5, \"lineup\": {\"1\": 0, \"2\": 1, \"4\": 8, \"5\": 6, \"7\": 3, \"9\": 7, \"10\": 4, \"11\": 5}, \"duration\": 450, \"game_counter\": 3}, {\"bench\": [1], \"start\": 0, \"lineup\": {\"1\": 0, \"2\": 7, \"4\": 5, \"5\": 4, \"7\": 6, \"9\": 3, \"10\": 8, \"11\": 2}, \"duration\": 450, \"game_counter\": 4}, {\"subs\": {\"in\": {\"2\": 1}, \"out\": {\"2\": 7}}, \"bench\": [7], \"start\": 7.5, \"lineup\": {\"1\": 0, \"2\": 1, \"4\": 5, \"5\": 4, \"7\": 6, \"9\": 3, \"10\": 8, \"11\": 2}, \"duration\": 450, \"game_counter\": 4}]',1,NULL,'2026-04-20 11:49:30'),(104,NULL,'8v8_1gk_4x15',9,20003,NULL,'[{\"bench\": [6], \"start\": 0, \"lineup\": {\"1\": 0, \"2\": 5, \"4\": 8, \"5\": 4, \"7\": 7, \"9\": 2, \"10\": 1, \"11\": 3}, \"duration\": 450, \"game_counter\": 1}, {\"subs\": {\"in\": {\"2\": 6}, \"out\": {\"2\": 5}}, \"bench\": [5], \"start\": 7.5, \"lineup\": {\"1\": 0, \"2\": 6, \"4\": 8, \"5\": 4, \"7\": 7, \"9\": 2, \"10\": 1, \"11\": 3}, \"duration\": 450, \"game_counter\": 1}, {\"bench\": [3], \"start\": 0, \"lineup\": {\"1\": 0, \"2\": 4, \"4\": 1, \"5\": 5, \"7\": 7, \"9\": 2, \"10\": 8, \"11\": 6}, \"duration\": 450, \"game_counter\": 2}, {\"subs\": {\"in\": {\"9\": 3}, \"out\": {\"9\": 2}}, \"bench\": [2], \"start\": 7.5, \"lineup\": {\"1\": 0, \"2\": 4, \"4\": 1, \"5\": 5, \"7\": 7, \"9\": 3, \"10\": 8, \"11\": 6}, \"duration\": 450, \"game_counter\": 2}, {\"bench\": [8], \"start\": 0, \"lineup\": {\"1\": 0, \"2\": 4, \"4\": 6, \"5\": 1, \"7\": 2, \"9\": 7, \"10\": 3, \"11\": 5}, \"duration\": 450, \"game_counter\": 3}, {\"subs\": {\"in\": {\"2\": 8}, \"out\": {\"2\": 4}}, \"bench\": [4], \"start\": 7.5, \"lineup\": {\"1\": 0, \"2\": 8, \"4\": 6, \"5\": 1, \"7\": 2, \"9\": 7, \"10\": 3, \"11\": 5}, \"duration\": 450, \"game_counter\": 3}, {\"bench\": [1], \"start\": 0, \"lineup\": {\"1\": 0, \"2\": 7, \"4\": 5, \"5\": 4, \"7\": 6, \"9\": 8, \"10\": 3, \"11\": 2}, \"duration\": 450, \"game_counter\": 4}, {\"subs\": {\"in\": {\"2\": 1}, \"out\": {\"2\": 7}}, \"bench\": [7], \"start\": 7.5, \"lineup\": {\"1\": 0, \"2\": 1, \"4\": 5, \"5\": 4, \"7\": 6, \"9\": 8, \"10\": 3, \"11\": 2}, \"duration\": 450, \"game_counter\": 4}]',1,NULL,'2026-04-20 11:49:30'),(105,NULL,'8v8_1gk_4x15',9,10001,NULL,'[{\"bench\": [6], \"start\": 0, \"lineup\": {\"1\": 0, \"2\": 2, \"4\": 8, \"5\": 4, \"7\": 7, \"9\": 5, \"10\": 1, \"11\": 3}, \"duration\": 450, \"game_counter\": 1}, {\"subs\": {\"in\": {\"2\": 6}, \"out\": {\"2\": 2}}, \"bench\": [2], \"start\": 7.5, \"lineup\": {\"1\": 0, \"2\": 6, \"4\": 8, \"5\": 4, \"7\": 7, \"9\": 5, \"10\": 1, \"11\": 3}, \"duration\": 450, \"game_counter\": 1}, {\"bench\": [5], \"start\": 0, \"lineup\": {\"1\": 0, \"2\": 6, \"4\": 8, \"5\": 4, \"7\": 7, \"9\": 2, \"10\": 1, \"11\": 3}, \"duration\": 450, \"game_counter\": 2}, {\"subs\": {\"in\": {\"4\": 5}, \"out\": {\"4\": 8}}, \"bench\": [8], \"start\": 7.5, \"lineup\": {\"1\": 0, \"2\": 6, \"4\": 5, \"5\": 4, \"7\": 7, \"9\": 2, \"10\": 1, \"11\": 3}, \"duration\": 450, \"game_counter\": 2}, {\"bench\": [3], \"start\": 0, \"lineup\": {\"1\": 0, \"2\": 6, \"4\": 5, \"5\": 4, \"7\": 7, \"9\": 2, \"10\": 8, \"11\": 1}, \"duration\": 450, \"game_counter\": 3}, {\"subs\": {\"in\": {\"5\": 3}, \"out\": {\"5\": 4}}, \"bench\": [4], \"start\": 7.5, \"lineup\": {\"1\": 0, \"2\": 6, \"4\": 5, \"5\": 3, \"7\": 7, \"9\": 2, \"10\": 8, \"11\": 1}, \"duration\": 450, \"game_counter\": 3}, {\"bench\": [1], \"start\": 0, \"lineup\": {\"1\": 0, \"2\": 6, \"4\": 5, \"5\": 3, \"7\": 7, \"9\": 2, \"10\": 8, \"11\": 4}, \"duration\": 450, \"game_counter\": 4}, {\"subs\": {\"in\": {\"7\": 1}, \"out\": {\"7\": 7}}, \"bench\": [7], \"start\": 7.5, \"lineup\": {\"1\": 0, \"2\": 6, \"4\": 5, \"5\": 3, \"7\": 1, \"9\": 2, \"10\": 8, \"11\": 4}, \"duration\": 450, \"game_counter\": 4}]',1,NULL,'2026-04-20 11:49:30'),(106,NULL,'8v8_1gk_4x15',9,30000,NULL,'[{\"bench\": [8], \"start\": 0, \"lineup\": {\"1\": 0, \"2\": 5, \"4\": 4, \"5\": 6, \"7\": 7, \"9\": 2, \"10\": 1, \"11\": 3}, \"duration\": 450, \"game_counter\": 1}, {\"subs\": {\"in\": {\"2\": 8}, \"out\": {\"2\": 5}}, \"bench\": [5], \"start\": 7.5, \"lineup\": {\"1\": 0, \"2\": 8, \"4\": 4, \"5\": 6, \"7\": 7, \"9\": 2, \"10\": 1, \"11\": 3}, \"duration\": 450, \"game_counter\": 1}, {\"bench\": [4], \"start\": 0, \"lineup\": {\"1\": 0, \"2\": 5, \"4\": 1, \"5\": 2, \"7\": 7, \"9\": 3, \"10\": 8, \"11\": 6}, \"duration\": 450, \"game_counter\": 2}, {\"subs\": {\"in\": {\"9\": 4}, \"out\": {\"9\": 3}}, \"bench\": [3], \"start\": 7.5, \"lineup\": {\"1\": 0, \"2\": 5, \"4\": 1, \"5\": 2, \"7\": 7, \"9\": 4, \"10\": 8, \"11\": 6}, \"duration\": 450, \"game_counter\": 2}, {\"bench\": [6], \"start\": 0, \"lineup\": {\"1\": 0, \"2\": 1, \"4\": 8, \"5\": 3, \"7\": 2, \"9\": 7, \"10\": 4, \"11\": 5}, \"duration\": 450, \"game_counter\": 3}, {\"subs\": {\"in\": {\"7\": 6}, \"out\": {\"7\": 2}}, \"bench\": [2], \"start\": 7.5, \"lineup\": {\"1\": 0, \"2\": 1, \"4\": 8, \"5\": 3, \"7\": 6, \"9\": 7, \"10\": 4, \"11\": 5}, \"duration\": 450, \"game_counter\": 3}, {\"bench\": [1], \"start\": 0, \"lineup\": {\"1\": 0, \"2\": 7, \"4\": 5, \"5\": 4, \"7\": 6, \"9\": 3, \"10\": 8, \"11\": 2}, \"duration\": 450, \"game_counter\": 4}, {\"subs\": {\"in\": {\"2\": 1}, \"out\": {\"2\": 7}}, \"bench\": [7], \"start\": 7.5, \"lineup\": {\"1\": 0, \"2\": 1, \"4\": 5, \"5\": 4, \"7\": 6, \"9\": 3, \"10\": 8, \"11\": 2}, \"duration\": 450, \"game_counter\": 4}]',1,NULL,'2026-04-20 11:49:30'),(107,NULL,'8v8_1gk_4x15',9,30001,NULL,'[{\"bench\": [7], \"start\": 0, \"lineup\": {\"1\": 0, \"2\": 4, \"4\": 8, \"5\": 1, \"7\": 6, \"9\": 2, \"10\": 5, \"11\": 3}, \"duration\": 450, \"game_counter\": 1}, {\"subs\": {\"in\": {\"11\": 7}, \"out\": {\"11\": 3}}, \"bench\": [3], \"start\": 7.5, \"lineup\": {\"1\": 0, \"2\": 4, \"4\": 8, \"5\": 1, \"7\": 6, \"9\": 2, \"10\": 5, \"11\": 7}, \"duration\": 450, \"game_counter\": 1}, {\"bench\": [4], \"start\": 0, \"lineup\": {\"1\": 0, \"2\": 8, \"4\": 1, \"5\": 6, \"7\": 7, \"9\": 3, \"10\": 5, \"11\": 2}, \"duration\": 450, \"game_counter\": 2}, {\"subs\": {\"in\": {\"11\": 4}, \"out\": {\"11\": 2}}, \"bench\": [2], \"start\": 7.5, \"lineup\": {\"1\": 0, \"2\": 8, \"4\": 1, \"5\": 6, \"7\": 7, \"9\": 3, \"10\": 5, \"11\": 4}, \"duration\": 450, \"game_counter\": 2}, {\"bench\": [5], \"start\": 0, \"lineup\": {\"1\": 0, \"2\": 3, \"4\": 1, \"5\": 4, \"7\": 7, \"9\": 2, \"10\": 8, \"11\": 6}, \"duration\": 450, \"game_counter\": 3}, {\"subs\": {\"in\": {\"11\": 5}, \"out\": {\"11\": 6}}, \"bench\": [6], \"start\": 7.5, \"lineup\": {\"1\": 0, \"2\": 3, \"4\": 1, \"5\": 4, \"7\": 7, \"9\": 2, \"10\": 8, \"11\": 5}, \"duration\": 450, \"game_counter\": 3}, {\"bench\": [8], \"start\": 0, \"lineup\": {\"1\": 0, \"2\": 7, \"4\": 5, \"5\": 4, \"7\": 2, \"9\": 3, \"10\": 1, \"11\": 6}, \"duration\": 450, \"game_counter\": 4}, {\"subs\": {\"in\": {\"10\": 8}, \"out\": {\"10\": 1}}, \"bench\": [1], \"start\": 7.5, \"lineup\": {\"1\": 0, \"2\": 7, \"4\": 5, \"5\": 4, \"7\": 2, \"9\": 3, \"10\": 8, \"11\": 6}, \"duration\": 450, \"game_counter\": 4}]',1,NULL,'2026-04-20 11:49:30'),(108,NULL,'8v8_1gk_4x15',9,30002,NULL,'[{\"bench\": [3], \"start\": 0, \"lineup\": {\"1\": 0, \"2\": 8, \"4\": 1, \"5\": 4, \"7\": 6, \"9\": 7, \"10\": 5, \"11\": 2}, \"duration\": 450, \"game_counter\": 1}, {\"subs\": {\"in\": {\"10\": 3}, \"out\": {\"10\": 5}}, \"bench\": [5], \"start\": 7.5, \"lineup\": {\"1\": 0, \"2\": 8, \"4\": 1, \"5\": 4, \"7\": 6, \"9\": 7, \"10\": 3, \"11\": 2}, \"duration\": 450, \"game_counter\": 1}, {\"bench\": [4], \"start\": 0, \"lineup\": {\"1\": 0, \"2\": 6, \"4\": 1, \"5\": 2, \"7\": 7, \"9\": 3, \"10\": 8, \"11\": 5}, \"duration\": 450, \"game_counter\": 2}, {\"subs\": {\"in\": {\"7\": 4}, \"out\": {\"7\": 7}}, \"bench\": [7], \"start\": 7.5, \"lineup\": {\"1\": 0, \"2\": 6, \"4\": 1, \"5\": 2, \"7\": 4, \"9\": 3, \"10\": 8, \"11\": 5}, \"duration\": 450, \"game_counter\": 2}, {\"bench\": [8], \"start\": 0, \"lineup\": {\"1\": 0, \"2\": 4, \"4\": 5, \"5\": 6, \"7\": 2, \"9\": 3, \"10\": 1, \"11\": 7}, \"duration\": 450, \"game_counter\": 3}, {\"subs\": {\"in\": {\"10\": 8}, \"out\": {\"10\": 1}}, \"bench\": [1], \"start\": 7.5, \"lineup\": {\"1\": 0, \"2\": 4, \"4\": 5, \"5\": 6, \"7\": 2, \"9\": 3, \"10\": 8, \"11\": 7}, \"duration\": 450, \"game_counter\": 3}, {\"bench\": [2], \"start\": 0, \"lineup\": {\"1\": 0, \"2\": 1, \"4\": 8, \"5\": 4, \"7\": 7, \"9\": 6, \"10\": 5, \"11\": 3}, \"duration\": 450, \"game_counter\": 4}, {\"subs\": {\"in\": {\"9\": 2}, \"out\": {\"9\": 6}}, \"bench\": [6], \"start\": 7.5, \"lineup\": {\"1\": 0, \"2\": 1, \"4\": 8, \"5\": 4, \"7\": 7, \"9\": 2, \"10\": 5, \"11\": 3}, \"duration\": 450, \"game_counter\": 4}]',1,NULL,'2026-04-20 11:49:30'),(109,NULL,'8v8_1gk_4x15',9,30003,NULL,'[{\"bench\": [6], \"start\": 0, \"lineup\": {\"1\": 0, \"2\": 4, \"4\": 1, \"5\": 8, \"7\": 7, \"9\": 2, \"10\": 5, \"11\": 3}, \"duration\": 450, \"game_counter\": 1}, {\"subs\": {\"in\": {\"5\": 6}, \"out\": {\"5\": 8}}, \"bench\": [8], \"start\": 7.5, \"lineup\": {\"1\": 0, \"2\": 4, \"4\": 1, \"5\": 6, \"7\": 7, \"9\": 2, \"10\": 5, \"11\": 3}, \"duration\": 450, \"game_counter\": 1}, {\"bench\": [4], \"start\": 0, \"lineup\": {\"1\": 0, \"2\": 7, \"4\": 8, \"5\": 1, \"7\": 2, \"9\": 3, \"10\": 5, \"11\": 6}, \"duration\": 450, \"game_counter\": 2}, {\"subs\": {\"in\": {\"10\": 4}, \"out\": {\"10\": 5}}, \"bench\": [5], \"start\": 7.5, \"lineup\": {\"1\": 0, \"2\": 7, \"4\": 8, \"5\": 1, \"7\": 2, \"9\": 3, \"10\": 4, \"11\": 6}, \"duration\": 450, \"game_counter\": 2}, {\"bench\": [1], \"start\": 0, \"lineup\": {\"1\": 0, \"2\": 4, \"4\": 8, \"5\": 5, \"7\": 6, \"9\": 2, \"10\": 3, \"11\": 7}, \"duration\": 450, \"game_counter\": 3}, {\"subs\": {\"in\": {\"11\": 1}, \"out\": {\"11\": 7}}, \"bench\": [7], \"start\": 7.5, \"lineup\": {\"1\": 0, \"2\": 4, \"4\": 8, \"5\": 5, \"7\": 6, \"9\": 2, \"10\": 3, \"11\": 1}, \"duration\": 450, \"game_counter\": 3}, {\"bench\": [3], \"start\": 0, \"lineup\": {\"1\": 0, \"2\": 5, \"4\": 1, \"5\": 4, \"7\": 6, \"9\": 7, \"10\": 8, \"11\": 2}, \"duration\": 450, \"game_counter\": 4}, {\"subs\": {\"in\": {\"11\": 3}, \"out\": {\"11\": 2}}, \"bench\": [2], \"start\": 7.5, \"lineup\": {\"1\": 0, \"2\": 5, \"4\": 1, \"5\": 4, \"7\": 6, \"9\": 7, \"10\": 8, \"11\": 3}, \"duration\": 450, \"game_counter\": 4}]',1,NULL,'2026-04-20 11:49:30'),(110,NULL,'8v8_1gk_4x15',9,30004,NULL,'[{\"bench\": [8], \"start\": 0, \"lineup\": {\"1\": 0, \"2\": 3, \"4\": 1, \"5\": 6, \"7\": 2, \"9\": 7, \"10\": 5, \"11\": 4}, \"duration\": 450, \"game_counter\": 1}, {\"subs\": {\"in\": {\"7\": 8}, \"out\": {\"7\": 2}}, \"bench\": [2], \"start\": 7.5, \"lineup\": {\"1\": 0, \"2\": 3, \"4\": 1, \"5\": 6, \"7\": 8, \"9\": 7, \"10\": 5, \"11\": 4}, \"duration\": 450, \"game_counter\": 1}, {\"bench\": [7], \"start\": 0, \"lineup\": {\"1\": 0, \"2\": 5, \"4\": 8, \"5\": 4, \"7\": 6, \"9\": 3, \"10\": 1, \"11\": 2}, \"duration\": 450, \"game_counter\": 2}, {\"subs\": {\"in\": {\"7\": 7}, \"out\": {\"7\": 6}}, \"bench\": [6], \"start\": 7.5, \"lineup\": {\"1\": 0, \"2\": 5, \"4\": 8, \"5\": 4, \"7\": 7, \"9\": 3, \"10\": 1, \"11\": 2}, \"duration\": 450, \"game_counter\": 2}, {\"bench\": [1], \"start\": 0, \"lineup\": {\"1\": 0, \"2\": 4, \"4\": 5, \"5\": 7, \"7\": 6, \"9\": 3, \"10\": 8, \"11\": 2}, \"duration\": 450, \"game_counter\": 3}, {\"subs\": {\"in\": {\"2\": 1}, \"out\": {\"2\": 4}}, \"bench\": [4], \"start\": 7.5, \"lineup\": {\"1\": 0, \"2\": 1, \"4\": 5, \"5\": 7, \"7\": 6, \"9\": 3, \"10\": 8, \"11\": 2}, \"duration\": 450, \"game_counter\": 3}, {\"bench\": [3], \"start\": 0, \"lineup\": {\"1\": 0, \"2\": 4, \"4\": 1, \"5\": 2, \"7\": 5, \"9\": 6, \"10\": 8, \"11\": 7}, \"duration\": 450, \"game_counter\": 4}, {\"subs\": {\"in\": {\"7\": 3}, \"out\": {\"7\": 5}}, \"bench\": [5], \"start\": 7.5, \"lineup\": {\"1\": 0, \"2\": 4, \"4\": 1, \"5\": 2, \"7\": 3, \"9\": 6, \"10\": 8, \"11\": 7}, \"duration\": 450, \"game_counter\": 4}]',1,NULL,'2026-04-20 11:49:30'),(111,NULL,'8v8_1gk_4x15',9,30005,NULL,'[{\"bench\": [7], \"start\": 0, \"lineup\": {\"1\": 0, \"2\": 4, \"4\": 1, \"5\": 3, \"7\": 6, \"9\": 2, \"10\": 8, \"11\": 5}, \"duration\": 450, \"game_counter\": 1}, {\"subs\": {\"in\": {\"7\": 7}, \"out\": {\"7\": 6}}, \"bench\": [6], \"start\": 7.5, \"lineup\": {\"1\": 0, \"2\": 4, \"4\": 1, \"5\": 3, \"7\": 7, \"9\": 2, \"10\": 8, \"11\": 5}, \"duration\": 450, \"game_counter\": 1}, {\"bench\": [2], \"start\": 0, \"lineup\": {\"1\": 0, \"2\": 1, \"4\": 8, \"5\": 4, \"7\": 3, \"9\": 7, \"10\": 5, \"11\": 6}, \"duration\": 450, \"game_counter\": 2}, {\"subs\": {\"in\": {\"7\": 2}, \"out\": {\"7\": 3}}, \"bench\": [3], \"start\": 7.5, \"lineup\": {\"1\": 0, \"2\": 1, \"4\": 8, \"5\": 4, \"7\": 2, \"9\": 7, \"10\": 5, \"11\": 6}, \"duration\": 450, \"game_counter\": 2}, {\"bench\": [5], \"start\": 0, \"lineup\": {\"1\": 0, \"2\": 4, \"4\": 8, \"5\": 1, \"7\": 6, \"9\": 2, \"10\": 3, \"11\": 7}, \"duration\": 450, \"game_counter\": 3}, {\"subs\": {\"in\": {\"4\": 5}, \"out\": {\"4\": 8}}, \"bench\": [8], \"start\": 7.5, \"lineup\": {\"1\": 0, \"2\": 4, \"4\": 5, \"5\": 1, \"7\": 6, \"9\": 2, \"10\": 3, \"11\": 7}, \"duration\": 450, \"game_counter\": 3}, {\"bench\": [4], \"start\": 0, \"lineup\": {\"1\": 0, \"2\": 2, \"4\": 1, \"5\": 6, \"7\": 7, \"9\": 3, \"10\": 5, \"11\": 8}, \"duration\": 450, \"game_counter\": 4}, {\"subs\": {\"in\": {\"4\": 4}, \"out\": {\"4\": 1}}, \"bench\": [1], \"start\": 7.5, \"lineup\": {\"1\": 0, \"2\": 2, \"4\": 4, \"5\": 6, \"7\": 7, \"9\": 3, \"10\": 5, \"11\": 8}, \"duration\": 450, \"game_counter\": 4}]',1,NULL,'2026-04-20 11:49:30'),(112,NULL,'8v8_1gk_4x15',9,30006,NULL,'[{\"bench\": [6], \"start\": 0, \"lineup\": {\"1\": 0, \"2\": 4, \"4\": 5, \"5\": 8, \"7\": 2, \"9\": 3, \"10\": 1, \"11\": 7}, \"duration\": 450, \"game_counter\": 1}, {\"subs\": {\"in\": {\"4\": 6}, \"out\": {\"4\": 5}}, \"bench\": [5], \"start\": 7.5, \"lineup\": {\"1\": 0, \"2\": 4, \"4\": 6, \"5\": 8, \"7\": 2, \"9\": 3, \"10\": 1, \"11\": 7}, \"duration\": 450, \"game_counter\": 1}, {\"bench\": [1], \"start\": 0, \"lineup\": {\"1\": 0, \"2\": 2, \"4\": 8, \"5\": 6, \"7\": 7, \"9\": 3, \"10\": 5, \"11\": 4}, \"duration\": 450, \"game_counter\": 2}, {\"subs\": {\"in\": {\"11\": 1}, \"out\": {\"11\": 4}}, \"bench\": [4], \"start\": 7.5, \"lineup\": {\"1\": 0, \"2\": 2, \"4\": 8, \"5\": 6, \"7\": 7, \"9\": 3, \"10\": 5, \"11\": 1}, \"duration\": 450, \"game_counter\": 2}, {\"bench\": [7], \"start\": 0, \"lineup\": {\"1\": 0, \"2\": 4, \"4\": 1, \"5\": 5, \"7\": 6, \"9\": 2, \"10\": 8, \"11\": 3}, \"duration\": 450, \"game_counter\": 3}, {\"subs\": {\"in\": {\"9\": 7}, \"out\": {\"9\": 2}}, \"bench\": [2], \"start\": 7.5, \"lineup\": {\"1\": 0, \"2\": 4, \"4\": 1, \"5\": 5, \"7\": 6, \"9\": 7, \"10\": 8, \"11\": 3}, \"duration\": 450, \"game_counter\": 3}, {\"bench\": [8], \"start\": 0, \"lineup\": {\"1\": 0, \"2\": 2, \"4\": 1, \"5\": 4, \"7\": 3, \"9\": 6, \"10\": 5, \"11\": 7}, \"duration\": 450, \"game_counter\": 4}, {\"subs\": {\"in\": {\"7\": 8}, \"out\": {\"7\": 3}}, \"bench\": [3], \"start\": 7.5, \"lineup\": {\"1\": 0, \"2\": 2, \"4\": 1, \"5\": 4, \"7\": 8, \"9\": 6, \"10\": 5, \"11\": 7}, \"duration\": 450, \"game_counter\": 4}]',1,NULL,'2026-04-20 11:49:30'),(113,NULL,'8v8_1gk_4x15',9,30007,NULL,'[{\"bench\": [4], \"start\": 0, \"lineup\": {\"1\": 0, \"2\": 6, \"4\": 1, \"5\": 2, \"7\": 5, \"9\": 3, \"10\": 8, \"11\": 7}, \"duration\": 450, \"game_counter\": 1}, {\"subs\": {\"in\": {\"4\": 4}, \"out\": {\"4\": 1}}, \"bench\": [1], \"start\": 7.5, \"lineup\": {\"1\": 0, \"2\": 6, \"4\": 4, \"5\": 2, \"7\": 5, \"9\": 3, \"10\": 8, \"11\": 7}, \"duration\": 450, \"game_counter\": 1}, {\"bench\": [6], \"start\": 0, \"lineup\": {\"1\": 0, \"2\": 4, \"4\": 1, \"5\": 3, \"7\": 8, \"9\": 7, \"10\": 5, \"11\": 2}, \"duration\": 450, \"game_counter\": 2}, {\"subs\": {\"in\": {\"10\": 6}, \"out\": {\"10\": 5}}, \"bench\": [5], \"start\": 7.5, \"lineup\": {\"1\": 0, \"2\": 4, \"4\": 1, \"5\": 3, \"7\": 8, \"9\": 7, \"10\": 6, \"11\": 2}, \"duration\": 450, \"game_counter\": 2}, {\"bench\": [2], \"start\": 0, \"lineup\": {\"1\": 0, \"2\": 1, \"4\": 5, \"5\": 4, \"7\": 7, \"9\": 3, \"10\": 8, \"11\": 6}, \"duration\": 450, \"game_counter\": 3}, {\"subs\": {\"in\": {\"7\": 2}, \"out\": {\"7\": 7}}, \"bench\": [7], \"start\": 7.5, \"lineup\": {\"1\": 0, \"2\": 1, \"4\": 5, \"5\": 4, \"7\": 2, \"9\": 3, \"10\": 8, \"11\": 6}, \"duration\": 450, \"game_counter\": 3}, {\"bench\": [3], \"start\": 0, \"lineup\": {\"1\": 0, \"2\": 4, \"4\": 8, \"5\": 6, \"7\": 7, \"9\": 1, \"10\": 5, \"11\": 2}, \"duration\": 450, \"game_counter\": 4}, {\"subs\": {\"in\": {\"4\": 3}, \"out\": {\"4\": 8}}, \"bench\": [8], \"start\": 7.5, \"lineup\": {\"1\": 0, \"2\": 4, \"4\": 3, \"5\": 6, \"7\": 7, \"9\": 1, \"10\": 5, \"11\": 2}, \"duration\": 450, \"game_counter\": 4}]',1,NULL,'2026-04-20 11:49:30'),(114,NULL,'8v8_1gk_4x15',9,30008,NULL,'[{\"bench\": [8], \"start\": 0, \"lineup\": {\"1\": 0, \"2\": 2, \"4\": 1, \"5\": 4, \"7\": 3, \"9\": 7, \"10\": 5, \"11\": 6}, \"duration\": 450, \"game_counter\": 1}, {\"subs\": {\"in\": {\"11\": 8}, \"out\": {\"11\": 6}}, \"bench\": [6], \"start\": 7.5, \"lineup\": {\"1\": 0, \"2\": 2, \"4\": 1, \"5\": 4, \"7\": 3, \"9\": 7, \"10\": 5, \"11\": 8}, \"duration\": 450, \"game_counter\": 1}, {\"bench\": [2], \"start\": 0, \"lineup\": {\"1\": 0, \"2\": 4, \"4\": 8, \"5\": 6, \"7\": 7, \"9\": 3, \"10\": 1, \"11\": 5}, \"duration\": 450, \"game_counter\": 2}, {\"subs\": {\"in\": {\"10\": 2}, \"out\": {\"10\": 1}}, \"bench\": [1], \"start\": 7.5, \"lineup\": {\"1\": 0, \"2\": 4, \"4\": 8, \"5\": 6, \"7\": 7, \"9\": 3, \"10\": 2, \"11\": 5}, \"duration\": 450, \"game_counter\": 2}, {\"bench\": [4], \"start\": 0, \"lineup\": {\"1\": 0, \"2\": 1, \"4\": 5, \"5\": 2, \"7\": 7, \"9\": 3, \"10\": 8, \"11\": 6}, \"duration\": 450, \"game_counter\": 3}, {\"subs\": {\"in\": {\"7\": 4}, \"out\": {\"7\": 7}}, \"bench\": [7], \"start\": 7.5, \"lineup\": {\"1\": 0, \"2\": 1, \"4\": 5, \"5\": 2, \"7\": 4, \"9\": 3, \"10\": 8, \"11\": 6}, \"duration\": 450, \"game_counter\": 3}, {\"bench\": [5], \"start\": 0, \"lineup\": {\"1\": 0, \"2\": 3, \"4\": 1, \"5\": 4, \"7\": 6, \"9\": 2, \"10\": 8, \"11\": 7}, \"duration\": 450, \"game_counter\": 4}, {\"subs\": {\"in\": {\"2\": 5}, \"out\": {\"2\": 3}}, \"bench\": [3], \"start\": 7.5, \"lineup\": {\"1\": 0, \"2\": 5, \"4\": 1, \"5\": 4, \"7\": 6, \"9\": 2, \"10\": 8, \"11\": 7}, \"duration\": 450, \"game_counter\": 4}]',1,NULL,'2026-04-20 11:49:30'),(117,NULL,'8v8_1gk_6x15',10,20000,NULL,'[{\"bench\": [4, 6], \"start\": 0, \"lineup\": {\"1\": 0, \"2\": 5, \"4\": 8, \"5\": 9, \"7\": 3, \"9\": 2, \"10\": 1, \"11\": 7}, \"duration\": 450, \"game_counter\": 1}, {\"subs\": {\"in\": {\"2\": 6, \"11\": 4}, \"out\": {\"2\": 5, \"11\": 7}}, \"bench\": [7, 5], \"start\": 7.5, \"lineup\": {\"1\": 0, \"2\": 6, \"4\": 8, \"5\": 9, \"7\": 3, \"9\": 2, \"10\": 1, \"11\": 4}, \"duration\": 450, \"game_counter\": 1}, {\"bench\": [8, 3], \"start\": 0, \"lineup\": {\"1\": 0, \"2\": 5, \"4\": 1, \"5\": 4, \"7\": 7, \"9\": 2, \"10\": 9, \"11\": 6}, \"duration\": 450, \"game_counter\": 2}, {\"subs\": {\"in\": {\"9\": 3, \"10\": 8}, \"out\": {\"9\": 2, \"10\": 9}}, \"bench\": [9, 2], \"start\": 7.5, \"lineup\": {\"1\": 0, \"2\": 5, \"4\": 1, \"5\": 4, \"7\": 7, \"9\": 3, \"10\": 8, \"11\": 6}, \"duration\": 450, \"game_counter\": 2}, {\"bench\": [1, 6], \"start\": 0, \"lineup\": {\"1\": 0, \"2\": 9, \"4\": 8, \"5\": 3, \"7\": 2, \"9\": 7, \"10\": 4, \"11\": 5}, \"duration\": 450, \"game_counter\": 3}, {\"subs\": {\"in\": {\"4\": 1, \"7\": 6}, \"out\": {\"4\": 8, \"7\": 2}}, \"bench\": [8, 2], \"start\": 7.5, \"lineup\": {\"1\": 0, \"2\": 9, \"4\": 1, \"5\": 3, \"7\": 6, \"9\": 7, \"10\": 4, \"11\": 5}, \"duration\": 450, \"game_counter\": 3}, {\"bench\": [5, 1], \"start\": 0, \"lineup\": {\"1\": 0, \"2\": 7, \"4\": 9, \"5\": 4, \"7\": 6, \"9\": 3, \"10\": 8, \"11\": 2}, \"duration\": 450, \"game_counter\": 4}, {\"subs\": {\"in\": {\"2\": 1, \"5\": 5}, \"out\": {\"2\": 7, \"5\": 4}}, \"bench\": [7, 4], \"start\": 7.5, \"lineup\": {\"1\": 0, \"2\": 1, \"4\": 9, \"5\": 5, \"7\": 6, \"9\": 3, \"10\": 8, \"11\": 2}, \"duration\": 450, \"game_counter\": 4}, {\"bench\": [4, 6], \"start\": 0, \"lineup\": {\"1\": 0, \"2\": 5, \"4\": 8, \"5\": 9, \"7\": 7, \"9\": 2, \"10\": 1, \"11\": 3}, \"duration\": 450, \"game_counter\": 5}, {\"subs\": {\"in\": {\"2\": 6, \"7\": 4}, \"out\": {\"2\": 5, \"7\": 7}}, \"bench\": [7, 5], \"start\": 7.5, \"lineup\": {\"1\": 0, \"2\": 6, \"4\": 8, \"5\": 9, \"7\": 4, \"9\": 2, \"10\": 1, \"11\": 3}, \"duration\": 450, \"game_counter\": 5}, {\"bench\": [8, 3], \"start\": 0, \"lineup\": {\"1\": 0, \"2\": 5, \"4\": 1, \"5\": 4, \"7\": 7, \"9\": 2, \"10\": 9, \"11\": 6}, \"duration\": 450, \"game_counter\": 6}, {\"subs\": {\"in\": {\"9\": 3, \"10\": 8}, \"out\": {\"9\": 2, \"10\": 9}}, \"bench\": [9, 2], \"start\": 7.5, \"lineup\": {\"1\": 0, \"2\": 5, \"4\": 1, \"5\": 4, \"7\": 7, \"9\": 3, \"10\": 8, \"11\": 6}, \"duration\": 450, \"game_counter\": 6}]',1,NULL,'2026-04-20 11:49:30'),(118,NULL,'8v8_1gk_6x15',9,10000,NULL,'[{\"bench\": [0], \"start\": 0, \"lineup\": {\"1\": 1, \"2\": 5, \"4\": 4, \"5\": 3, \"7\": 2, \"9\": 8, \"10\": 7, \"11\": 6}, \"duration\": 450, \"game_counter\": 1}, {\"subs\": {\"in\": {\"2\": 0}, \"out\": {\"2\": 5}}, \"bench\": [5], \"start\": 7.5, \"lineup\": {\"1\": 1, \"2\": 0, \"4\": 4, \"5\": 3, \"7\": 2, \"9\": 8, \"10\": 7, \"11\": 6}, \"duration\": 450, \"game_counter\": 1}, {\"bench\": [2], \"start\": 0, \"lineup\": {\"1\": 3, \"2\": 8, \"4\": 4, \"5\": 6, \"7\": 5, \"9\": 1, \"10\": 7, \"11\": 0}, \"duration\": 450, \"game_counter\": 2}, {\"subs\": {\"in\": {\"2\": 2}, \"out\": {\"2\": 8}}, \"bench\": [8], \"start\": 7.5, \"lineup\": {\"1\": 3, \"2\": 2, \"4\": 4, \"5\": 6, \"7\": 5, \"9\": 1, \"10\": 7, \"11\": 0}, \"duration\": 450, \"game_counter\": 2}, {\"bench\": [7], \"start\": 0, \"lineup\": {\"1\": 1, \"2\": 5, \"4\": 3, \"5\": 2, \"7\": 0, \"9\": 8, \"10\": 4, \"11\": 6}, \"duration\": 450, \"game_counter\": 3}, {\"subs\": {\"in\": {\"10\": 7}, \"out\": {\"10\": 4}}, \"bench\": [4], \"start\": 7.5, \"lineup\": {\"1\": 1, \"2\": 5, \"4\": 3, \"5\": 2, \"7\": 0, \"9\": 8, \"10\": 7, \"11\": 6}, \"duration\": 450, \"game_counter\": 3}, {\"bench\": [1], \"start\": 0, \"lineup\": {\"1\": 3, \"2\": 5, \"4\": 4, \"5\": 8, \"7\": 6, \"9\": 2, \"10\": 7, \"11\": 0}, \"duration\": 450, \"game_counter\": 4}, {\"subs\": {\"in\": {\"7\": 1}, \"out\": {\"7\": 6}}, \"bench\": [6], \"start\": 7.5, \"lineup\": {\"1\": 3, \"2\": 5, \"4\": 4, \"5\": 8, \"7\": 1, \"9\": 2, \"10\": 7, \"11\": 0}, \"duration\": 450, \"game_counter\": 4}, {\"bench\": [3], \"start\": 0, \"lineup\": {\"1\": 1, \"2\": 2, \"4\": 4, \"5\": 5, \"7\": 0, \"9\": 8, \"10\": 7, \"11\": 6}, \"duration\": 450, \"game_counter\": 5}, {\"subs\": {\"in\": {\"2\": 3}, \"out\": {\"2\": 2}}, \"bench\": [2], \"start\": 7.5, \"lineup\": {\"1\": 1, \"2\": 3, \"4\": 4, \"5\": 5, \"7\": 0, \"9\": 8, \"10\": 7, \"11\": 6}, \"duration\": 450, \"game_counter\": 5}]',1,NULL,'2026-04-20 11:49:30'),(119,NULL,'8v8_1gk_7x15',11,30000,NULL,'[{\"bench\": [7, 10, 5], \"start\": 0, \"lineup\": {\"1\": 0, \"2\": 9, \"4\": 8, \"5\": 6, \"7\": 3, \"9\": 2, \"10\": 1, \"11\": 4}, \"duration\": 450, \"game_counter\": 1}, {\"subs\": {\"in\": {\"2\": 5, \"7\": 10, \"11\": 7}, \"out\": {\"2\": 9, \"7\": 3, \"11\": 4}}, \"bench\": [4, 9, 3], \"start\": 7.5, \"lineup\": {\"1\": 0, \"2\": 5, \"4\": 8, \"5\": 6, \"7\": 10, \"9\": 2, \"10\": 1, \"11\": 7}, \"duration\": 450, \"game_counter\": 1}, {\"bench\": [2, 5, 6], \"start\": 0, \"lineup\": {\"1\": 0, \"2\": 4, \"4\": 3, \"5\": 7, \"7\": 9, \"9\": 10, \"10\": 8, \"11\": 1}, \"duration\": 450, \"game_counter\": 2}, {\"subs\": {\"in\": {\"2\": 5, \"7\": 6, \"10\": 2}, \"out\": {\"2\": 4, \"7\": 9, \"10\": 8}}, \"bench\": [4, 9, 8], \"start\": 7.5, \"lineup\": {\"1\": 0, \"2\": 5, \"4\": 3, \"5\": 7, \"7\": 6, \"9\": 10, \"10\": 2, \"11\": 1}, \"duration\": 450, \"game_counter\": 2}, {\"bench\": [1, 7, 2], \"start\": 0, \"lineup\": {\"1\": 0, \"2\": 6, \"4\": 3, \"5\": 8, \"7\": 10, \"9\": 5, \"10\": 4, \"11\": 9}, \"duration\": 450, \"game_counter\": 3}, {\"subs\": {\"in\": {\"2\": 7, \"4\": 1, \"5\": 2}, \"out\": {\"2\": 6, \"4\": 3, \"5\": 8}}, \"bench\": [8, 3, 6], \"start\": 7.5, \"lineup\": {\"1\": 0, \"2\": 7, \"4\": 1, \"5\": 2, \"7\": 10, \"9\": 5, \"10\": 4, \"11\": 9}, \"duration\": 450, \"game_counter\": 3}, {\"bench\": [10, 5, 1], \"start\": 0, \"lineup\": {\"1\": 0, \"2\": 6, \"4\": 8, \"5\": 4, \"7\": 9, \"9\": 2, \"10\": 3, \"11\": 7}, \"duration\": 450, \"game_counter\": 4}, {\"subs\": {\"in\": {\"5\": 5, \"10\": 1, \"11\": 10}, \"out\": {\"5\": 4, \"10\": 3, \"11\": 7}}, \"bench\": [4, 3, 7], \"start\": 7.5, \"lineup\": {\"1\": 0, \"2\": 6, \"4\": 8, \"5\": 5, \"7\": 9, \"9\": 2, \"10\": 1, \"11\": 10}, \"duration\": 450, \"game_counter\": 4}, {\"bench\": [8, 9, 2], \"start\": 0, \"lineup\": {\"1\": 0, \"2\": 6, \"4\": 5, \"5\": 7, \"7\": 3, \"9\": 10, \"10\": 1, \"11\": 4}, \"duration\": 450, \"game_counter\": 5}, {\"subs\": {\"in\": {\"2\": 9, \"9\": 2, \"10\": 8}, \"out\": {\"2\": 6, \"9\": 10, \"10\": 1}}, \"bench\": [1, 6, 10], \"start\": 7.5, \"lineup\": {\"1\": 0, \"2\": 9, \"4\": 5, \"5\": 7, \"7\": 3, \"9\": 2, \"10\": 8, \"11\": 4}, \"duration\": 450, \"game_counter\": 5}, {\"bench\": [7, 10, 5], \"start\": 0, \"lineup\": {\"1\": 0, \"2\": 9, \"4\": 8, \"5\": 6, \"7\": 3, \"9\": 2, \"10\": 1, \"11\": 4}, \"duration\": 450, \"game_counter\": 6}, {\"subs\": {\"in\": {\"2\": 5, \"7\": 10, \"11\": 7}, \"out\": {\"2\": 9, \"7\": 3, \"11\": 4}}, \"bench\": [4, 9, 3], \"start\": 7.5, \"lineup\": {\"1\": 0, \"2\": 5, \"4\": 8, \"5\": 6, \"7\": 10, \"9\": 2, \"10\": 1, \"11\": 7}, \"duration\": 450, \"game_counter\": 6}, {\"bench\": [6, 5, 1], \"start\": 0, \"lineup\": {\"1\": 0, \"2\": 7, \"4\": 3, \"5\": 2, \"7\": 9, \"9\": 4, \"10\": 8, \"11\": 10}, \"duration\": 450, \"game_counter\": 7}, {\"subs\": {\"in\": {\"2\": 6, \"5\": 5, \"10\": 1}, \"out\": {\"2\": 7, \"5\": 2, \"10\": 8}}, \"bench\": [2, 8, 7], \"start\": 7.5, \"lineup\": {\"1\": 0, \"2\": 6, \"4\": 3, \"5\": 5, \"7\": 9, \"9\": 4, \"10\": 1, \"11\": 10}, \"duration\": 450, \"game_counter\": 7}]',1,NULL,'2026-04-20 11:49:30'),(121,NULL,'8v8_2gk_4x15',10,20000,NULL,'[{\"bench\": [1, 3], \"start\": 0, \"lineup\": {\"1\": 0, \"2\": 8, \"4\": 4, \"5\": 6, \"7\": 7, \"9\": 5, \"10\": 9, \"11\": 2}, \"duration\": 450, \"game_counter\": 1}, {\"subs\": {\"in\": {\"1\": 1, \"11\": 3}, \"out\": {\"1\": 0, \"11\": 2}}, \"bench\": [0, 2], \"start\": 7.5, \"lineup\": {\"1\": 1, \"2\": 8, \"4\": 4, \"5\": 6, \"7\": 7, \"9\": 5, \"10\": 9, \"11\": 3}, \"duration\": 450, \"game_counter\": 1}, {\"bench\": [1, 6], \"start\": 0, \"lineup\": {\"1\": 0, \"2\": 2, \"4\": 9, \"5\": 8, \"7\": 5, \"9\": 7, \"10\": 4, \"11\": 3}, \"duration\": 450, \"game_counter\": 2}, {\"subs\": {\"in\": {\"1\": 1, \"9\": 6}, \"out\": {\"1\": 0, \"9\": 7}}, \"bench\": [0, 7], \"start\": 7.5, \"lineup\": {\"1\": 1, \"2\": 2, \"4\": 9, \"5\": 8, \"7\": 5, \"9\": 6, \"10\": 4, \"11\": 3}, \"duration\": 450, \"game_counter\": 2}, {\"bench\": [0, 4], \"start\": 0, \"lineup\": {\"1\": 1, \"2\": 6, \"4\": 9, \"5\": 3, \"7\": 2, \"9\": 7, \"10\": 8, \"11\": 5}, \"duration\": 450, \"game_counter\": 3}, {\"subs\": {\"in\": {\"1\": 0, \"10\": 4}, \"out\": {\"1\": 1, \"10\": 8}}, \"bench\": [1, 8], \"start\": 7.5, \"lineup\": {\"1\": 0, \"2\": 6, \"4\": 9, \"5\": 3, \"7\": 2, \"9\": 7, \"10\": 4, \"11\": 5}, \"duration\": 450, \"game_counter\": 3}, {\"bench\": [0, 9], \"start\": 0, \"lineup\": {\"1\": 1, \"2\": 5, \"4\": 4, \"5\": 6, \"7\": 2, \"9\": 3, \"10\": 8, \"11\": 7}, \"duration\": 450, \"game_counter\": 4}, {\"subs\": {\"in\": {\"1\": 0, \"2\": 9}, \"out\": {\"1\": 1, \"2\": 5}}, \"bench\": [1, 5], \"start\": 7.5, \"lineup\": {\"1\": 0, \"2\": 9, \"4\": 4, \"5\": 6, \"7\": 2, \"9\": 3, \"10\": 8, \"11\": 7}, \"duration\": 450, \"game_counter\": 4}]',1,NULL,'2026-04-20 11:49:30'),(122,NULL,'8v8_2gk_4x15',10,20001,NULL,'[{\"bench\": [1, 3], \"start\": 0, \"lineup\": {\"1\": 0, \"2\": 8, \"4\": 4, \"5\": 6, \"7\": 7, \"9\": 5, \"10\": 9, \"11\": 2}, \"duration\": 450, \"game_counter\": 1}, {\"subs\": {\"in\": {\"1\": 1, \"11\": 3}, \"out\": {\"1\": 0, \"11\": 2}}, \"bench\": [0, 2], \"start\": 7.5, \"lineup\": {\"1\": 1, \"2\": 8, \"4\": 4, \"5\": 6, \"7\": 7, \"9\": 5, \"10\": 9, \"11\": 3}, \"duration\": 450, \"game_counter\": 1}, {\"bench\": [1, 6], \"start\": 0, \"lineup\": {\"1\": 0, \"2\": 2, \"4\": 9, \"5\": 8, \"7\": 5, \"9\": 7, \"10\": 4, \"11\": 3}, \"duration\": 450, \"game_counter\": 2}, {\"subs\": {\"in\": {\"1\": 1, \"9\": 6}, \"out\": {\"1\": 0, \"9\": 7}}, \"bench\": [0, 7], \"start\": 7.5, \"lineup\": {\"1\": 1, \"2\": 2, \"4\": 9, \"5\": 8, \"7\": 5, \"9\": 6, \"10\": 4, \"11\": 3}, \"duration\": 450, \"game_counter\": 2}, {\"bench\": [0, 4], \"start\": 0, \"lineup\": {\"1\": 1, \"2\": 6, \"4\": 9, \"5\": 3, \"7\": 2, \"9\": 7, \"10\": 8, \"11\": 5}, \"duration\": 450, \"game_counter\": 3}, {\"subs\": {\"in\": {\"1\": 0, \"10\": 4}, \"out\": {\"1\": 1, \"10\": 8}}, \"bench\": [1, 8], \"start\": 7.5, \"lineup\": {\"1\": 0, \"2\": 6, \"4\": 9, \"5\": 3, \"7\": 2, \"9\": 7, \"10\": 4, \"11\": 5}, \"duration\": 450, \"game_counter\": 3}, {\"bench\": [0, 9], \"start\": 0, \"lineup\": {\"1\": 1, \"2\": 5, \"4\": 4, \"5\": 8, \"7\": 2, \"9\": 3, \"10\": 6, \"11\": 7}, \"duration\": 450, \"game_counter\": 4}, {\"subs\": {\"in\": {\"1\": 0, \"2\": 9}, \"out\": {\"1\": 1, \"2\": 5}}, \"bench\": [1, 5], \"start\": 7.5, \"lineup\": {\"1\": 0, \"2\": 9, \"4\": 4, \"5\": 8, \"7\": 2, \"9\": 3, \"10\": 6, \"11\": 7}, \"duration\": 450, \"game_counter\": 4}]',1,NULL,'2026-04-20 11:49:30'),(123,NULL,'8v8_2gk_4x15',10,10000,NULL,'[{\"bench\": [6, 9], \"start\": 0, \"lineup\": {\"1\": 1, \"2\": 5, \"4\": 4, \"5\": 0, \"7\": 2, \"9\": 7, \"10\": 8, \"11\": 3}, \"duration\": 450, \"game_counter\": 1}, {\"subs\": {\"in\": {\"9\": 9, \"11\": 6}, \"out\": {\"9\": 7, \"11\": 3}}, \"bench\": [3, 7], \"start\": 7.5, \"lineup\": {\"1\": 1, \"2\": 5, \"4\": 4, \"5\": 0, \"7\": 2, \"9\": 9, \"10\": 8, \"11\": 6}, \"duration\": 450, \"game_counter\": 1}, {\"bench\": [4, 2], \"start\": 0, \"lineup\": {\"1\": 0, \"2\": 7, \"4\": 9, \"5\": 1, \"7\": 6, \"9\": 5, \"10\": 8, \"11\": 3}, \"duration\": 450, \"game_counter\": 2}, {\"subs\": {\"in\": {\"9\": 2, \"10\": 4}, \"out\": {\"9\": 5, \"10\": 8}}, \"bench\": [8, 5], \"start\": 7.5, \"lineup\": {\"1\": 0, \"2\": 7, \"4\": 9, \"5\": 1, \"7\": 6, \"9\": 2, \"10\": 4, \"11\": 3}, \"duration\": 450, \"game_counter\": 2}, {\"bench\": [6, 0], \"start\": 0, \"lineup\": {\"1\": 1, \"2\": 9, \"4\": 4, \"5\": 3, \"7\": 2, \"9\": 7, \"10\": 8, \"11\": 5}, \"duration\": 450, \"game_counter\": 3}, {\"subs\": {\"in\": {\"7\": 6, \"11\": 0}, \"out\": {\"7\": 2, \"11\": 5}}, \"bench\": [2, 5], \"start\": 7.5, \"lineup\": {\"1\": 1, \"2\": 9, \"4\": 4, \"5\": 3, \"7\": 6, \"9\": 7, \"10\": 8, \"11\": 0}, \"duration\": 450, \"game_counter\": 3}, {\"bench\": [1, 4], \"start\": 0, \"lineup\": {\"1\": 0, \"2\": 9, \"4\": 5, \"5\": 6, \"7\": 7, \"9\": 3, \"10\": 8, \"11\": 2}, \"duration\": 450, \"game_counter\": 4}, {\"subs\": {\"in\": {\"7\": 4, \"9\": 1}, \"out\": {\"7\": 7, \"9\": 3}}, \"bench\": [7, 3], \"start\": 7.5, \"lineup\": {\"1\": 0, \"2\": 9, \"4\": 5, \"5\": 6, \"7\": 4, \"9\": 1, \"10\": 8, \"11\": 2}, \"duration\": 450, \"game_counter\": 4}]',1,NULL,'2026-04-20 11:49:30'),(130,NULL,'8v8_2gk_5x15',12,20001,NULL,'[{\"bench\": [3, 7, 4, 1], \"start\": 0, \"lineup\": {\"1\": 0, \"2\": 5, \"4\": 6, \"5\": 10, \"7\": 8, \"9\": 2, \"10\": 9, \"11\": 11}, \"duration\": 450, \"game_counter\": 1}, {\"subs\": {\"in\": {\"4\": 4, \"10\": 7, \"11\": 3}, \"out\": {\"4\": 6, \"10\": 9, \"11\": 11}}, \"bench\": [1, 11, 9, 6], \"start\": 7.5, \"lineup\": {\"1\": 0, \"2\": 5, \"4\": 4, \"5\": 10, \"7\": 8, \"9\": 2, \"10\": 7, \"11\": 3}, \"duration\": 450, \"game_counter\": 1}, {\"bench\": [0, 10, 5, 8], \"start\": 0, \"lineup\": {\"1\": 1, \"2\": 7, \"4\": 4, \"5\": 3, \"7\": 6, \"9\": 9, \"10\": 11, \"11\": 2}, \"duration\": 450, \"game_counter\": 2}, {\"subs\": {\"in\": {\"7\": 8, \"9\": 5, \"11\": 10}, \"out\": {\"7\": 6, \"9\": 9, \"11\": 2}}, \"bench\": [0, 2, 9, 6], \"start\": 7.5, \"lineup\": {\"1\": 1, \"2\": 7, \"4\": 4, \"5\": 3, \"7\": 8, \"9\": 5, \"10\": 11, \"11\": 10}, \"duration\": 450, \"game_counter\": 2}, {\"bench\": [1, 4, 11, 3], \"start\": 0, \"lineup\": {\"1\": 0, \"2\": 8, \"4\": 9, \"5\": 5, \"7\": 10, \"9\": 6, \"10\": 7, \"11\": 2}, \"duration\": 450, \"game_counter\": 3}, {\"subs\": {\"in\": {\"5\": 4, \"7\": 11, \"11\": 3}, \"out\": {\"5\": 5, \"7\": 10, \"11\": 2}}, \"bench\": [2, 5, 10, 1], \"start\": 7.5, \"lineup\": {\"1\": 0, \"2\": 8, \"4\": 9, \"5\": 4, \"7\": 11, \"9\": 6, \"10\": 7, \"11\": 3}, \"duration\": 450, \"game_counter\": 3}, {\"bench\": [0, 8, 7, 6], \"start\": 0, \"lineup\": {\"1\": 1, \"2\": 3, \"4\": 11, \"5\": 10, \"7\": 5, \"9\": 2, \"10\": 4, \"11\": 9}, \"duration\": 450, \"game_counter\": 4}, {\"subs\": {\"in\": {\"4\": 6, \"10\": 7, \"11\": 8}, \"out\": {\"4\": 11, \"10\": 4, \"11\": 9}}, \"bench\": [0, 9, 4, 11], \"start\": 7.5, \"lineup\": {\"1\": 1, \"2\": 3, \"4\": 6, \"5\": 10, \"7\": 5, \"9\": 2, \"10\": 7, \"11\": 8}, \"duration\": 450, \"game_counter\": 4}, {\"bench\": [0, 2, 5, 10], \"start\": 0, \"lineup\": {\"1\": 1, \"2\": 4, \"4\": 6, \"5\": 11, \"7\": 9, \"9\": 3, \"10\": 7, \"11\": 8}, \"duration\": 450, \"game_counter\": 5}, {\"subs\": {\"in\": {\"1\": 0, \"9\": 2, \"10\": 5, \"11\": 10}, \"out\": {\"1\": 1, \"9\": 3, \"10\": 7, \"11\": 8}}, \"bench\": [1, 3, 7, 8], \"start\": 7.5, \"lineup\": {\"1\": 0, \"2\": 4, \"4\": 6, \"5\": 11, \"7\": 9, \"9\": 2, \"10\": 5, \"11\": 10}, \"duration\": 450, \"game_counter\": 5}]',1,NULL,'2026-04-20 11:49:30'),(131,NULL,'8v8_2gk_5x15',12,20002,NULL,'[{\"bench\": [3, 7, 4, 1], \"start\": 0, \"lineup\": {\"1\": 0, \"2\": 5, \"4\": 6, \"5\": 10, \"7\": 8, \"9\": 2, \"10\": 9, \"11\": 11}, \"duration\": 450, \"game_counter\": 1}, {\"subs\": {\"in\": {\"4\": 4, \"10\": 7, \"11\": 3}, \"out\": {\"4\": 6, \"10\": 9, \"11\": 11}}, \"bench\": [1, 11, 9, 6], \"start\": 7.5, \"lineup\": {\"1\": 0, \"2\": 5, \"4\": 4, \"5\": 10, \"7\": 8, \"9\": 2, \"10\": 7, \"11\": 3}, \"duration\": 450, \"game_counter\": 1}, {\"bench\": [0, 10, 5, 8], \"start\": 0, \"lineup\": {\"1\": 1, \"2\": 7, \"4\": 4, \"5\": 3, \"7\": 6, \"9\": 9, \"10\": 11, \"11\": 2}, \"duration\": 450, \"game_counter\": 2}, {\"subs\": {\"in\": {\"7\": 8, \"9\": 5, \"11\": 10}, \"out\": {\"7\": 6, \"9\": 9, \"11\": 2}}, \"bench\": [0, 2, 9, 6], \"start\": 7.5, \"lineup\": {\"1\": 1, \"2\": 7, \"4\": 4, \"5\": 3, \"7\": 8, \"9\": 5, \"10\": 11, \"11\": 10}, \"duration\": 450, \"game_counter\": 2}, {\"bench\": [1, 4, 11, 3], \"start\": 0, \"lineup\": {\"1\": 0, \"2\": 8, \"4\": 7, \"5\": 5, \"7\": 10, \"9\": 6, \"10\": 9, \"11\": 2}, \"duration\": 450, \"game_counter\": 3}, {\"subs\": {\"in\": {\"5\": 4, \"7\": 11, \"11\": 3}, \"out\": {\"5\": 5, \"7\": 10, \"11\": 2}}, \"bench\": [2, 5, 10, 1], \"start\": 7.5, \"lineup\": {\"1\": 0, \"2\": 8, \"4\": 7, \"5\": 4, \"7\": 11, \"9\": 6, \"10\": 9, \"11\": 3}, \"duration\": 450, \"game_counter\": 3}, {\"bench\": [0, 8, 7, 6], \"start\": 0, \"lineup\": {\"1\": 1, \"2\": 3, \"4\": 11, \"5\": 10, \"7\": 5, \"9\": 2, \"10\": 4, \"11\": 9}, \"duration\": 450, \"game_counter\": 4}, {\"subs\": {\"in\": {\"4\": 6, \"10\": 7, \"11\": 8}, \"out\": {\"4\": 11, \"10\": 4, \"11\": 9}}, \"bench\": [0, 9, 4, 11], \"start\": 7.5, \"lineup\": {\"1\": 1, \"2\": 3, \"4\": 6, \"5\": 10, \"7\": 5, \"9\": 2, \"10\": 7, \"11\": 8}, \"duration\": 450, \"game_counter\": 4}, {\"bench\": [0, 2, 5, 10], \"start\": 0, \"lineup\": {\"1\": 1, \"2\": 4, \"4\": 6, \"5\": 11, \"7\": 9, \"9\": 3, \"10\": 7, \"11\": 8}, \"duration\": 450, \"game_counter\": 5}, {\"subs\": {\"in\": {\"1\": 0, \"9\": 2, \"10\": 5, \"11\": 10}, \"out\": {\"1\": 1, \"9\": 3, \"10\": 7, \"11\": 8}}, \"bench\": [1, 3, 7, 8], \"start\": 7.5, \"lineup\": {\"1\": 0, \"2\": 4, \"4\": 6, \"5\": 11, \"7\": 9, \"9\": 2, \"10\": 5, \"11\": 10}, \"duration\": 450, \"game_counter\": 5}]',1,NULL,'2026-04-20 11:49:30');
/*!40000 ALTER TABLE `lineups` ENABLE KEYS */;
UNLOCK TABLES;

--
-- Table structure for table `player_scores`
--

DROP TABLE IF EXISTS `player_scores`;
/*!40101 SET @saved_cs_client     = @@character_set_client */;
/*!50503 SET character_set_client = utf8mb4 */;
CREATE TABLE `player_scores` (
  `id` int NOT NULL AUTO_INCREMENT,
  `player_id` int DEFAULT NULL,
  `position` int DEFAULT NULL,
  `score` int DEFAULT NULL,
  `score_date` date DEFAULT NULL,
  PRIMARY KEY (`id`),
  KEY `player_id` (`player_id`),
  CONSTRAINT `player_scores_ibfk_1` FOREIGN KEY (`player_id`) REFERENCES `players` (`id`)
) ENGINE=InnoDB AUTO_INCREMENT=1331 DEFAULT CHARSET=utf8mb4 COLLATE=utf8mb4_0900_ai_ci;
/*!40101 SET character_set_client = @saved_cs_client */;

--
-- Dumping data for table `player_scores`
--

LOCK TABLES `player_scores` WRITE;
/*!40000 ALTER TABLE `player_scores` DISABLE KEYS */;
INSERT INTO `player_scores` VALUES (1,3,1,0,'2026-01-23'),(2,3,4,40,'2026-01-23'),(3,3,7,85,'2026-01-23'),(4,3,11,85,'2026-01-23'),(5,3,9,80,'2026-01-23'),(6,3,2,90,'2026-01-23'),(7,3,5,70,'2026-01-23'),(8,3,10,30,'2026-01-23'),(9,21,1,0,'2026-01-23'),(10,21,4,80,'2026-01-23'),(11,21,7,55,'2026-01-23'),(12,21,11,55,'2026-01-23'),(13,21,9,85,'2026-01-23'),(14,21,2,55,'2026-01-23'),(15,21,5,50,'2026-01-23'),(16,21,10,70,'2026-01-23'),(17,35,1,0,'2026-01-23'),(18,35,4,65,'2026-01-23'),(19,35,7,85,'2026-01-23'),(20,35,11,85,'2026-01-23'),(21,35,9,85,'2026-01-23'),(22,35,2,65,'2026-01-23'),(23,35,5,60,'2026-01-23'),(24,35,10,65,'2026-01-23'),(25,17,1,0,'2026-01-23'),(26,17,4,65,'2026-01-23'),(27,17,7,70,'2026-01-23'),(28,17,11,75,'2026-01-23'),(29,17,9,70,'2026-01-23'),(30,17,2,75,'2026-01-23'),(31,17,5,85,'2026-01-23'),(32,17,10,80,'2026-01-23'),(33,6,1,0,'2026-01-23'),(34,6,4,90,'2026-01-23'),(35,6,7,70,'2026-01-23'),(36,6,11,70,'2026-01-23'),(37,6,9,75,'2026-01-23'),(38,6,2,70,'2026-01-23'),(39,6,5,70,'2026-01-23'),(40,6,10,80,'2026-01-23'),(41,7,1,0,'2026-01-23'),(42,7,4,90,'2026-01-23'),(43,7,7,80,'2026-01-23'),(44,7,11,80,'2026-01-23'),(45,7,9,80,'2026-01-23'),(46,7,2,65,'2026-01-23'),(47,7,5,75,'2026-01-23'),(48,7,10,90,'2026-01-23'),(49,22,1,0,'2026-01-23'),(50,22,4,40,'2026-01-23'),(51,22,7,80,'2026-01-23'),(52,22,11,85,'2026-01-23'),(53,22,9,70,'2026-01-23'),(54,22,2,55,'2026-01-23'),(55,22,5,70,'2026-01-23'),(56,22,10,60,'2026-01-23'),(57,4,1,70,'2026-01-23'),(58,4,4,0,'2026-01-23'),(59,4,7,0,'2026-01-23'),(60,4,11,0,'2026-01-23'),(61,4,9,0,'2026-01-23'),(62,4,2,0,'2026-01-23'),(63,4,5,0,'2026-01-23'),(64,4,10,0,'2026-01-23'),(65,14,1,0,'2026-01-23'),(66,14,4,40,'2026-01-23'),(67,14,7,90,'2026-01-23'),(68,14,11,90,'2026-01-23'),(69,14,9,85,'2026-01-23'),(70,14,2,75,'2026-01-23'),(71,14,5,70,'2026-01-23'),(72,14,10,75,'2026-01-23'),(73,34,1,0,'2026-01-23'),(74,34,4,30,'2026-01-23'),(75,34,7,85,'2026-01-23'),(76,34,11,85,'2026-01-23'),(77,34,9,70,'2026-01-23'),(78,34,2,75,'2026-01-23'),(79,34,5,65,'2026-01-23'),(80,34,10,70,'2026-01-23'),(81,20,1,0,'2026-01-23'),(82,20,4,25,'2026-01-23'),(83,20,7,60,'2026-01-23'),(84,20,11,60,'2026-01-23'),(85,20,9,50,'2026-01-23'),(86,20,2,60,'2026-01-23'),(87,20,5,55,'2026-01-23'),(88,20,10,0,'2026-01-23'),(89,9,1,0,'2026-01-23'),(90,9,4,0,'2026-01-23'),(91,9,7,65,'2026-01-23'),(92,9,11,65,'2026-01-23'),(93,9,9,60,'2026-01-23'),(94,9,2,40,'2026-01-23'),(95,9,5,50,'2026-01-23'),(96,9,10,0,'2026-01-23'),(97,8,1,0,'2026-01-23'),(98,8,4,0,'2026-01-23'),(99,8,7,60,'2026-01-23'),(100,8,11,60,'2026-01-23'),(101,8,9,65,'2026-01-23'),(102,8,2,70,'2026-01-23'),(103,8,5,65,'2026-01-23'),(104,8,10,0,'2026-01-23'),(105,5,1,0,'2026-01-23'),(106,5,4,85,'2026-01-23'),(107,5,7,65,'2026-01-23'),(108,5,11,65,'2026-01-23'),(109,5,9,50,'2026-01-23'),(110,5,2,90,'2026-01-23'),(111,5,5,100,'2026-01-23'),(112,5,10,70,'2026-01-23'),(113,16,1,0,'2026-01-23'),(114,16,4,60,'2026-01-23'),(115,16,7,75,'2026-01-23'),(116,16,11,75,'2026-01-23'),(117,16,9,65,'2026-01-23'),(118,16,2,95,'2026-01-23'),(119,16,5,85,'2026-01-23'),(120,16,10,20,'2026-01-23'),(121,11,1,0,'2026-01-23'),(122,11,4,80,'2026-01-23'),(123,11,7,80,'2026-01-23'),(124,11,11,80,'2026-01-23'),(125,11,9,80,'2026-01-23'),(126,11,2,75,'2026-01-23'),(127,11,5,70,'2026-01-23'),(128,11,10,100,'2026-01-23'),(129,12,1,0,'2026-01-23'),(130,12,4,20,'2026-01-23'),(131,12,7,80,'2026-01-23'),(132,12,11,80,'2026-01-23'),(133,12,9,75,'2026-01-23'),(134,12,2,80,'2026-01-23'),(135,12,5,75,'2026-01-23'),(136,12,10,70,'2026-01-23'),(137,10,1,0,'2026-01-23'),(138,10,4,40,'2026-01-23'),(139,10,7,65,'2026-01-23'),(140,10,11,65,'2026-01-23'),(141,10,9,50,'2026-01-23'),(142,10,2,70,'2026-01-23'),(143,10,5,66,'2026-01-23'),(144,10,10,1,'2026-01-23'),(145,19,1,70,'2026-01-23'),(146,19,4,0,'2026-01-23'),(147,19,7,50,'2026-01-23'),(148,19,11,50,'2026-01-23'),(149,19,9,50,'2026-01-23'),(150,19,2,50,'2026-01-23'),(151,19,5,40,'2026-01-23'),(152,19,10,50,'2026-01-23'),(153,13,1,0,'2026-01-23'),(154,13,4,0,'2026-01-23'),(155,13,7,75,'2026-01-23'),(156,13,11,75,'2026-01-23'),(157,13,9,71,'2026-01-23'),(158,13,2,60,'2026-01-23'),(159,13,5,50,'2026-01-23'),(160,13,10,45,'2026-01-23'),(161,15,1,0,'2026-01-23'),(162,15,4,100,'2026-01-23'),(163,15,7,85,'2026-01-23'),(164,15,11,85,'2026-01-23'),(165,15,9,70,'2026-01-23'),(166,15,2,70,'2026-01-23'),(167,15,5,65,'2026-01-23'),(168,15,10,90,'2026-01-23'),(169,2,1,0,'2026-01-23'),(170,2,4,50,'2026-01-23'),(171,2,7,80,'2026-01-23'),(172,2,11,80,'2026-01-23'),(173,2,9,90,'2026-01-23'),(174,2,2,70,'2026-01-23'),(175,2,5,70,'2026-01-23'),(176,2,10,90,'2026-01-23'),(177,18,1,90,'2026-01-23'),(178,18,4,0,'2026-01-23'),(179,18,7,0,'2026-01-23'),(180,18,11,0,'2026-01-23'),(181,18,9,0,'2026-01-23'),(182,18,2,0,'2026-01-23'),(183,18,5,0,'2026-01-23'),(184,18,10,0,'2026-01-23'),(185,21,1,0,'2026-01-27'),(186,21,2,55,'2026-01-27'),(187,21,4,80,'2026-01-27'),(188,21,5,50,'2026-01-27'),(189,21,7,55,'2026-01-27'),(190,21,11,55,'2026-01-27'),(191,21,10,70,'2026-01-27'),(192,21,9,85,'2026-01-27'),(193,35,1,0,'2026-01-27'),(194,35,2,65,'2026-01-27'),(195,35,4,65,'2026-01-27'),(196,35,5,60,'2026-01-27'),(197,35,7,85,'2026-01-27'),(198,35,11,85,'2026-01-27'),(199,35,10,65,'2026-01-27'),(200,35,9,85,'2026-01-27'),(201,17,1,0,'2026-01-27'),(202,17,2,75,'2026-01-27'),(203,17,4,65,'2026-01-27'),(204,17,5,85,'2026-01-27'),(205,17,7,70,'2026-01-27'),(206,17,11,75,'2026-01-27'),(207,17,10,80,'2026-01-27'),(208,17,9,70,'2026-01-27'),(209,6,1,0,'2026-01-27'),(210,6,2,75,'2026-01-27'),(211,6,4,90,'2026-01-27'),(212,6,5,70,'2026-01-27'),(213,6,7,75,'2026-01-27'),(214,6,11,70,'2026-01-27'),(215,6,10,80,'2026-01-27'),(216,6,9,85,'2026-01-27'),(217,7,1,0,'2026-01-27'),(218,7,2,65,'2026-01-27'),(219,7,4,90,'2026-01-27'),(220,7,5,75,'2026-01-27'),(221,7,7,80,'2026-01-27'),(222,7,11,85,'2026-01-27'),(223,7,10,90,'2026-01-27'),(224,7,9,80,'2026-01-27'),(225,22,1,0,'2026-01-27'),(226,22,2,55,'2026-01-27'),(227,22,4,40,'2026-01-27'),(228,22,5,70,'2026-01-27'),(229,22,7,80,'2026-01-27'),(230,22,11,85,'2026-01-27'),(231,22,10,60,'2026-01-27'),(232,22,9,70,'2026-01-27'),(233,4,1,70,'2026-01-27'),(234,4,2,0,'2026-01-27'),(235,4,4,0,'2026-01-27'),(236,4,5,0,'2026-01-27'),(237,4,7,0,'2026-01-27'),(238,4,11,0,'2026-01-27'),(239,4,10,0,'2026-01-27'),(240,4,9,0,'2026-01-27'),(241,14,1,0,'2026-01-27'),(242,14,2,75,'2026-01-27'),(243,14,4,40,'2026-01-27'),(244,14,5,70,'2026-01-27'),(245,14,7,90,'2026-01-27'),(246,14,11,90,'2026-01-27'),(247,14,10,75,'2026-01-27'),(248,14,9,85,'2026-01-27'),(249,34,1,0,'2026-01-27'),(250,34,2,75,'2026-01-27'),(251,34,4,30,'2026-01-27'),(252,34,5,65,'2026-01-27'),(253,34,7,85,'2026-01-27'),(254,34,11,85,'2026-01-27'),(255,34,10,70,'2026-01-27'),(256,34,9,70,'2026-01-27'),(257,20,1,0,'2026-01-27'),(258,20,2,60,'2026-01-27'),(259,20,4,25,'2026-01-27'),(260,20,5,55,'2026-01-27'),(261,20,7,60,'2026-01-27'),(262,20,11,60,'2026-01-27'),(263,20,10,0,'2026-01-27'),(264,20,9,50,'2026-01-27'),(265,9,1,0,'2026-01-27'),(266,9,2,40,'2026-01-27'),(267,9,4,0,'2026-01-27'),(268,9,5,45,'2026-01-27'),(269,9,7,70,'2026-01-27'),(270,9,11,65,'2026-01-27'),(271,9,10,0,'2026-01-27'),(272,9,9,65,'2026-01-27'),(273,8,1,0,'2026-01-27'),(274,8,2,70,'2026-01-27'),(275,8,4,0,'2026-01-27'),(276,8,5,65,'2026-01-27'),(277,8,7,60,'2026-01-27'),(278,8,11,60,'2026-01-27'),(279,8,10,0,'2026-01-27'),(280,8,9,65,'2026-01-27'),(281,5,1,0,'2026-01-27'),(282,5,2,90,'2026-01-27'),(283,5,4,85,'2026-01-27'),(284,5,5,100,'2026-01-27'),(285,5,7,65,'2026-01-27'),(286,5,11,65,'2026-01-27'),(287,5,10,70,'2026-01-27'),(288,5,9,50,'2026-01-27'),(289,16,1,0,'2026-01-27'),(290,16,2,95,'2026-01-27'),(291,16,4,60,'2026-01-27'),(292,16,5,85,'2026-01-27'),(293,16,7,75,'2026-01-27'),(294,16,11,75,'2026-01-27'),(295,16,10,20,'2026-01-27'),(296,16,9,65,'2026-01-27'),(297,11,1,0,'2026-01-27'),(298,11,2,75,'2026-01-27'),(299,11,4,80,'2026-01-27'),(300,11,5,70,'2026-01-27'),(301,11,7,80,'2026-01-27'),(302,11,11,80,'2026-01-27'),(303,11,10,100,'2026-01-27'),(304,11,9,80,'2026-01-27'),(305,12,1,0,'2026-01-27'),(306,12,2,80,'2026-01-27'),(307,12,4,20,'2026-01-27'),(308,12,5,75,'2026-01-27'),(309,12,7,80,'2026-01-27'),(310,12,11,80,'2026-01-27'),(311,12,10,70,'2026-01-27'),(312,12,9,75,'2026-01-27'),(313,10,1,0,'2026-01-27'),(314,10,2,50,'2026-01-27'),(315,10,4,20,'2026-01-27'),(316,10,5,50,'2026-01-27'),(317,10,7,60,'2026-01-27'),(318,10,11,60,'2026-01-27'),(319,10,10,50,'2026-01-27'),(320,10,9,60,'2026-01-27'),(321,19,1,100,'2026-01-27'),(322,19,2,0,'2026-01-27'),(323,19,4,0,'2026-01-27'),(324,19,5,0,'2026-01-27'),(325,19,7,0,'2026-01-27'),(326,19,11,0,'2026-01-27'),(327,19,10,0,'2026-01-27'),(328,19,9,0,'2026-01-27'),(329,3,1,0,'2026-01-27'),(330,3,2,90,'2026-01-27'),(331,3,4,80,'2026-01-27'),(332,3,5,100,'2026-01-27'),(333,3,7,75,'2026-01-27'),(334,3,11,75,'2026-01-27'),(335,3,10,85,'2026-01-27'),(336,3,9,75,'2026-01-27'),(337,13,1,0,'2026-01-27'),(338,13,2,85,'2026-01-27'),(339,13,4,45,'2026-01-27'),(340,13,5,70,'2026-01-27'),(341,13,7,80,'2026-01-27'),(342,13,11,80,'2026-01-27'),(343,13,10,70,'2026-01-27'),(344,13,9,75,'2026-01-27'),(345,18,1,0,'2026-01-27'),(346,18,2,75,'2026-01-27'),(347,18,4,60,'2026-01-27'),(348,18,5,75,'2026-01-27'),(349,18,7,80,'2026-01-27'),(350,18,11,80,'2026-01-27'),(351,18,10,65,'2026-01-27'),(352,18,9,60,'2026-01-27'),(353,21,1,0,'2026-01-30'),(354,21,2,55,'2026-01-30'),(355,21,4,80,'2026-01-30'),(356,21,5,50,'2026-01-30'),(357,21,7,55,'2026-01-30'),(358,21,11,55,'2026-01-30'),(359,21,10,70,'2026-01-30'),(360,21,9,85,'2026-01-30'),(361,35,1,0,'2026-01-30'),(362,35,2,65,'2026-01-30'),(363,35,4,65,'2026-01-30'),(364,35,5,60,'2026-01-30'),(365,35,7,85,'2026-01-30'),(366,35,11,85,'2026-01-30'),(367,35,10,65,'2026-01-30'),(368,35,9,85,'2026-01-30'),(369,17,1,0,'2026-01-30'),(370,17,2,75,'2026-01-30'),(371,17,4,65,'2026-01-30'),(372,17,5,85,'2026-01-30'),(373,17,7,70,'2026-01-30'),(374,17,11,75,'2026-01-30'),(375,17,10,80,'2026-01-30'),(376,17,9,70,'2026-01-30'),(377,6,1,0,'2026-01-30'),(378,6,2,75,'2026-01-30'),(379,6,4,90,'2026-01-30'),(380,6,5,70,'2026-01-30'),(381,6,7,75,'2026-01-30'),(382,6,11,70,'2026-01-30'),(383,6,10,80,'2026-01-30'),(384,6,9,85,'2026-01-30'),(385,7,1,0,'2026-01-30'),(386,7,2,65,'2026-01-30'),(387,7,4,90,'2026-01-30'),(388,7,5,75,'2026-01-30'),(389,7,7,80,'2026-01-30'),(390,7,11,85,'2026-01-30'),(391,7,10,90,'2026-01-30'),(392,7,9,80,'2026-01-30'),(393,22,1,0,'2026-01-30'),(394,22,2,55,'2026-01-30'),(395,22,4,40,'2026-01-30'),(396,22,5,70,'2026-01-30'),(397,22,7,80,'2026-01-30'),(398,22,11,85,'2026-01-30'),(399,22,10,60,'2026-01-30'),(400,22,9,70,'2026-01-30'),(401,4,1,70,'2026-01-30'),(402,4,2,0,'2026-01-30'),(403,4,4,0,'2026-01-30'),(404,4,5,0,'2026-01-30'),(405,4,7,0,'2026-01-30'),(406,4,11,0,'2026-01-30'),(407,4,10,0,'2026-01-30'),(408,4,9,0,'2026-01-30'),(409,14,1,0,'2026-01-30'),(410,14,2,75,'2026-01-30'),(411,14,4,40,'2026-01-30'),(412,14,5,70,'2026-01-30'),(413,14,7,90,'2026-01-30'),(414,14,11,90,'2026-01-30'),(415,14,10,75,'2026-01-30'),(416,14,9,85,'2026-01-30'),(417,34,1,0,'2026-01-30'),(418,34,2,75,'2026-01-30'),(419,34,4,30,'2026-01-30'),(420,34,5,65,'2026-01-30'),(421,34,7,85,'2026-01-30'),(422,34,11,85,'2026-01-30'),(423,34,10,70,'2026-01-30'),(424,34,9,70,'2026-01-30'),(425,20,1,0,'2026-01-30'),(426,20,2,60,'2026-01-30'),(427,20,4,25,'2026-01-30'),(428,20,5,55,'2026-01-30'),(429,20,7,60,'2026-01-30'),(430,20,11,60,'2026-01-30'),(431,20,10,0,'2026-01-30'),(432,20,9,50,'2026-01-30'),(433,9,1,0,'2026-01-30'),(434,9,2,40,'2026-01-30'),(435,9,4,0,'2026-01-30'),(436,9,5,45,'2026-01-30'),(437,9,7,70,'2026-01-30'),(438,9,11,65,'2026-01-30'),(439,9,10,0,'2026-01-30'),(440,9,9,65,'2026-01-30'),(441,8,1,0,'2026-01-30'),(442,8,2,70,'2026-01-30'),(443,8,4,0,'2026-01-30'),(444,8,5,65,'2026-01-30'),(445,8,7,60,'2026-01-30'),(446,8,11,60,'2026-01-30'),(447,8,10,0,'2026-01-30'),(448,8,9,65,'2026-01-30'),(449,5,1,0,'2026-01-30'),(450,5,2,90,'2026-01-30'),(451,5,4,85,'2026-01-30'),(452,5,5,100,'2026-01-30'),(453,5,7,65,'2026-01-30'),(454,5,11,65,'2026-01-30'),(455,5,10,70,'2026-01-30'),(456,5,9,50,'2026-01-30'),(457,16,1,0,'2026-01-30'),(458,16,2,95,'2026-01-30'),(459,16,4,60,'2026-01-30'),(460,16,5,85,'2026-01-30'),(461,16,7,75,'2026-01-30'),(462,16,11,80,'2026-01-30'),(463,16,10,20,'2026-01-30'),(464,16,9,65,'2026-01-30'),(465,11,1,0,'2026-01-30'),(466,11,2,75,'2026-01-30'),(467,11,4,80,'2026-01-30'),(468,11,5,70,'2026-01-30'),(469,11,7,80,'2026-01-30'),(470,11,11,80,'2026-01-30'),(471,11,10,100,'2026-01-30'),(472,11,9,80,'2026-01-30'),(473,12,1,0,'2026-01-30'),(474,12,2,80,'2026-01-30'),(475,12,4,20,'2026-01-30'),(476,12,5,75,'2026-01-30'),(477,12,7,80,'2026-01-30'),(478,12,11,80,'2026-01-30'),(479,12,10,70,'2026-01-30'),(480,12,9,75,'2026-01-30'),(481,10,1,0,'2026-01-30'),(482,10,2,70,'2026-01-30'),(483,10,4,40,'2026-01-30'),(484,10,5,65,'2026-01-30'),(485,10,7,70,'2026-01-30'),(486,10,11,65,'2026-01-30'),(487,10,10,0,'2026-01-30'),(488,10,9,50,'2026-01-30'),(489,19,1,70,'2026-01-30'),(490,19,2,50,'2026-01-30'),(491,19,4,0,'2026-01-30'),(492,19,5,40,'2026-01-30'),(493,19,7,50,'2026-01-30'),(494,19,11,50,'2026-01-30'),(495,19,10,50,'2026-01-30'),(496,19,9,50,'2026-01-30'),(497,3,1,0,'2026-01-30'),(498,3,2,90,'2026-01-30'),(499,3,4,80,'2026-01-30'),(500,3,5,100,'2026-01-30'),(501,3,7,75,'2026-01-30'),(502,3,11,75,'2026-01-30'),(503,3,10,85,'2026-01-30'),(504,3,9,75,'2026-01-30'),(505,13,1,0,'2026-01-30'),(506,13,2,55,'2026-01-30'),(507,13,4,0,'2026-01-30'),(508,13,5,50,'2026-01-30'),(509,13,7,75,'2026-01-30'),(510,13,11,70,'2026-01-30'),(511,13,10,45,'2026-01-30'),(512,13,9,71,'2026-01-30'),(513,15,1,0,'2026-01-30'),(514,15,2,70,'2026-01-30'),(515,15,4,100,'2026-01-30'),(516,15,5,65,'2026-01-30'),(517,15,7,85,'2026-01-30'),(518,15,11,85,'2026-01-30'),(519,15,10,90,'2026-01-30'),(520,15,9,70,'2026-01-30'),(521,2,1,0,'2026-01-30'),(522,2,2,65,'2026-01-30'),(523,2,4,50,'2026-01-30'),(524,2,5,60,'2026-01-30'),(525,2,7,75,'2026-01-30'),(526,2,11,70,'2026-01-30'),(527,2,10,65,'2026-01-30'),(528,2,9,95,'2026-01-30'),(529,18,1,90,'2026-01-30'),(530,18,2,0,'2026-01-30'),(531,18,4,0,'2026-01-30'),(532,18,5,0,'2026-01-30'),(533,18,7,0,'2026-01-30'),(534,18,11,0,'2026-01-30'),(535,18,10,0,'2026-01-30'),(536,18,9,0,'2026-01-30'),(537,21,1,0,'2026-02-06'),(538,21,2,55,'2026-02-06'),(539,21,4,80,'2026-02-06'),(540,21,5,50,'2026-02-06'),(541,21,7,55,'2026-02-06'),(542,21,11,55,'2026-02-06'),(543,21,10,70,'2026-02-06'),(544,21,9,85,'2026-02-06'),(545,35,1,0,'2026-02-06'),(546,35,2,65,'2026-02-06'),(547,35,4,65,'2026-02-06'),(548,35,5,60,'2026-02-06'),(549,35,7,85,'2026-02-06'),(550,35,11,85,'2026-02-06'),(551,35,10,35,'2026-02-06'),(552,35,9,85,'2026-02-06'),(553,17,1,0,'2026-02-06'),(554,17,2,75,'2026-02-06'),(555,17,4,65,'2026-02-06'),(556,17,5,85,'2026-02-06'),(557,17,7,70,'2026-02-06'),(558,17,11,75,'2026-02-06'),(559,17,10,80,'2026-02-06'),(560,17,9,70,'2026-02-06'),(561,6,1,0,'2026-02-06'),(562,6,2,75,'2026-02-06'),(563,6,4,90,'2026-02-06'),(564,6,5,70,'2026-02-06'),(565,6,7,75,'2026-02-06'),(566,6,11,70,'2026-02-06'),(567,6,10,80,'2026-02-06'),(568,6,9,85,'2026-02-06'),(569,7,1,0,'2026-02-06'),(570,7,2,65,'2026-02-06'),(571,7,4,90,'2026-02-06'),(572,7,5,75,'2026-02-06'),(573,7,7,80,'2026-02-06'),(574,7,11,85,'2026-02-06'),(575,7,10,90,'2026-02-06'),(576,7,9,80,'2026-02-06'),(577,22,1,0,'2026-02-06'),(578,22,2,55,'2026-02-06'),(579,22,4,35,'2026-02-06'),(580,22,5,70,'2026-02-06'),(581,22,7,80,'2026-02-06'),(582,22,11,85,'2026-02-06'),(583,22,10,45,'2026-02-06'),(584,22,9,65,'2026-02-06'),(585,4,1,70,'2026-02-06'),(586,4,2,0,'2026-02-06'),(587,4,4,0,'2026-02-06'),(588,4,5,0,'2026-02-06'),(589,4,7,0,'2026-02-06'),(590,4,11,0,'2026-02-06'),(591,4,10,0,'2026-02-06'),(592,4,9,0,'2026-02-06'),(593,14,1,0,'2026-02-06'),(594,14,2,75,'2026-02-06'),(595,14,4,40,'2026-02-06'),(596,14,5,70,'2026-02-06'),(597,14,7,90,'2026-02-06'),(598,14,11,90,'2026-02-06'),(599,14,10,75,'2026-02-06'),(600,14,9,85,'2026-02-06'),(601,34,1,0,'2026-02-06'),(602,34,2,75,'2026-02-06'),(603,34,4,30,'2026-02-06'),(604,34,5,65,'2026-02-06'),(605,34,7,85,'2026-02-06'),(606,34,11,85,'2026-02-06'),(607,34,10,70,'2026-02-06'),(608,34,9,70,'2026-02-06'),(609,20,1,0,'2026-02-06'),(610,20,2,60,'2026-02-06'),(611,20,4,25,'2026-02-06'),(612,20,5,55,'2026-02-06'),(613,20,7,60,'2026-02-06'),(614,20,11,60,'2026-02-06'),(615,20,10,0,'2026-02-06'),(616,20,9,50,'2026-02-06'),(617,9,1,0,'2026-02-06'),(618,9,2,40,'2026-02-06'),(619,9,4,0,'2026-02-06'),(620,9,5,45,'2026-02-06'),(621,9,7,65,'2026-02-06'),(622,9,11,60,'2026-02-06'),(623,9,10,0,'2026-02-06'),(624,9,9,65,'2026-02-06'),(625,8,1,0,'2026-02-06'),(626,8,2,70,'2026-02-06'),(627,8,4,0,'2026-02-06'),(628,8,5,65,'2026-02-06'),(629,8,7,60,'2026-02-06'),(630,8,11,60,'2026-02-06'),(631,8,10,0,'2026-02-06'),(632,8,9,65,'2026-02-06'),(633,5,1,0,'2026-02-06'),(634,5,2,90,'2026-02-06'),(635,5,4,85,'2026-02-06'),(636,5,5,100,'2026-02-06'),(637,5,7,65,'2026-02-06'),(638,5,11,65,'2026-02-06'),(639,5,10,70,'2026-02-06'),(640,5,9,50,'2026-02-06'),(641,16,1,0,'2026-02-06'),(642,16,2,95,'2026-02-06'),(643,16,4,60,'2026-02-06'),(644,16,5,85,'2026-02-06'),(645,16,7,75,'2026-02-06'),(646,16,11,80,'2026-02-06'),(647,16,10,70,'2026-02-06'),(648,16,9,55,'2026-02-06'),(649,11,1,0,'2026-02-06'),(650,11,2,75,'2026-02-06'),(651,11,4,80,'2026-02-06'),(652,11,5,70,'2026-02-06'),(653,11,7,80,'2026-02-06'),(654,11,11,80,'2026-02-06'),(655,11,10,100,'2026-02-06'),(656,11,9,80,'2026-02-06'),(657,12,1,0,'2026-02-06'),(658,12,2,80,'2026-02-06'),(659,12,4,20,'2026-02-06'),(660,12,5,75,'2026-02-06'),(661,12,7,80,'2026-02-06'),(662,12,11,80,'2026-02-06'),(663,12,10,70,'2026-02-06'),(664,12,9,75,'2026-02-06'),(665,10,1,0,'2026-02-06'),(666,10,2,75,'2026-02-06'),(667,10,4,40,'2026-02-06'),(668,10,5,70,'2026-02-06'),(669,10,7,65,'2026-02-06'),(670,10,11,60,'2026-02-06'),(671,10,10,0,'2026-02-06'),(672,10,9,50,'2026-02-06'),(673,19,1,70,'2026-02-06'),(674,19,2,50,'2026-02-06'),(675,19,4,0,'2026-02-06'),(676,19,5,40,'2026-02-06'),(677,19,7,50,'2026-02-06'),(678,19,11,50,'2026-02-06'),(679,19,10,50,'2026-02-06'),(680,19,9,50,'2026-02-06'),(681,3,1,0,'2026-02-06'),(682,3,2,90,'2026-02-06'),(683,3,4,45,'2026-02-06'),(684,3,5,70,'2026-02-06'),(685,3,7,85,'2026-02-06'),(686,3,11,85,'2026-02-06'),(687,3,10,30,'2026-02-06'),(688,3,9,80,'2026-02-06'),(689,13,1,0,'2026-02-06'),(690,13,2,60,'2026-02-06'),(691,13,4,0,'2026-02-06'),(692,13,5,55,'2026-02-06'),(693,13,7,75,'2026-02-06'),(694,13,11,70,'2026-02-06'),(695,13,10,35,'2026-02-06'),(696,13,9,71,'2026-02-06'),(697,15,1,0,'2026-02-06'),(698,15,2,70,'2026-02-06'),(699,15,4,100,'2026-02-06'),(700,15,5,65,'2026-02-06'),(701,15,7,85,'2026-02-06'),(702,15,11,85,'2026-02-06'),(703,15,10,90,'2026-02-06'),(704,15,9,70,'2026-02-06'),(705,2,1,0,'2026-02-06'),(706,2,2,65,'2026-02-06'),(707,2,4,50,'2026-02-06'),(708,2,5,60,'2026-02-06'),(709,2,7,75,'2026-02-06'),(710,2,11,70,'2026-02-06'),(711,2,10,65,'2026-02-06'),(712,2,9,95,'2026-02-06'),(713,18,1,90,'2026-02-06'),(714,18,2,0,'2026-02-06'),(715,18,4,0,'2026-02-06'),(716,18,5,0,'2026-02-06'),(717,18,7,0,'2026-02-06'),(718,18,11,0,'2026-02-06'),(719,18,10,0,'2026-02-06'),(720,18,9,0,'2026-02-06'),(721,13,1,0,'2026-03-27'),(722,13,2,75,'2026-03-27'),(723,13,4,85,'2026-03-27'),(724,13,5,55,'2026-03-27'),(725,13,7,75,'2026-03-27'),(726,13,11,70,'2026-03-27'),(727,13,10,35,'2026-03-27'),(728,13,9,71,'2026-03-27'),(729,6,1,0,'2026-03-27'),(730,6,2,75,'2026-03-27'),(731,6,4,80,'2026-03-27'),(732,6,5,70,'2026-03-27'),(733,6,7,75,'2026-03-27'),(734,6,11,70,'2026-03-27'),(735,6,10,80,'2026-03-27'),(736,6,9,85,'2026-03-27'),(737,16,1,0,'2026-03-27'),(738,16,2,95,'2026-03-27'),(739,16,4,85,'2026-03-27'),(740,16,5,85,'2026-03-27'),(741,16,7,75,'2026-03-27'),(742,16,11,80,'2026-03-27'),(743,16,10,70,'2026-03-27'),(744,16,9,55,'2026-03-27'),(745,7,1,0,'2026-03-27'),(746,7,2,65,'2026-03-27'),(747,7,4,60,'2026-03-27'),(748,7,5,75,'2026-03-27'),(749,7,7,80,'2026-03-27'),(750,7,11,85,'2026-03-27'),(751,7,10,95,'2026-03-27'),(752,7,9,80,'2026-03-27'),(753,16,1,70,'2026-04-10'),(754,16,2,95,'2026-04-10'),(755,16,4,85,'2026-04-10'),(756,16,5,85,'2026-04-10'),(757,16,7,75,'2026-04-10'),(758,16,11,80,'2026-04-10'),(759,16,10,70,'2026-04-10'),(760,16,9,55,'2026-04-10'),(761,35,1,50,'2026-04-10'),(762,35,2,70,'2026-04-12'),(763,35,4,65,'2026-04-10'),(764,35,5,60,'2026-04-10'),(765,35,7,75,'2026-04-12'),(766,35,11,70,'2026-04-12'),(767,35,10,35,'2026-04-10'),(768,35,9,85,'2026-04-10'),(769,3,1,0,'2026-04-12'),(770,3,2,70,'2026-04-12'),(771,3,4,45,'2026-04-12'),(772,3,5,40,'2026-04-12'),(773,3,7,85,'2026-04-12'),(774,3,11,85,'2026-04-12'),(775,3,10,30,'2026-04-12'),(776,3,9,80,'2026-04-12'),(777,7,1,0,'2026-04-12'),(778,7,2,65,'2026-04-12'),(779,7,4,40,'2026-04-12'),(780,7,5,75,'2026-04-12'),(781,7,7,80,'2026-04-12'),(782,7,11,85,'2026-04-12'),(783,7,10,95,'2026-04-12'),(784,7,9,80,'2026-04-12'),(785,10,1,0,'2026-04-12'),(786,10,2,75,'2026-04-12'),(787,10,4,40,'2026-04-12'),(788,10,5,70,'2026-04-12'),(789,10,7,65,'2026-04-12'),(790,10,11,60,'2026-04-12'),(791,10,10,0,'2026-04-12'),(792,10,9,50,'2026-04-12'),(793,3,1,0,'2026-04-17'),(794,3,2,80,'2026-04-17'),(795,3,4,55,'2026-04-17'),(796,3,5,60,'2026-04-17'),(797,3,7,90,'2026-04-17'),(798,3,11,85,'2026-04-17'),(799,3,10,30,'2026-04-17'),(800,3,9,75,'2026-04-17'),(801,35,1,50,'2026-04-18'),(802,35,2,70,'2026-04-18'),(803,35,4,0,'2026-04-18'),(804,35,5,60,'2026-04-18'),(805,35,7,75,'2026-04-18'),(806,35,11,70,'2026-04-18'),(807,35,10,35,'2026-04-18'),(808,35,9,85,'2026-04-18'),(993,2,1,0,'2026-04-19'),(994,2,4,61,'2026-04-19'),(995,2,5,56,'2026-04-19'),(996,2,7,63,'2026-04-19'),(997,2,9,100,'2026-04-19'),(998,2,10,81,'2026-04-19'),(999,2,11,81,'2026-04-19'),(1000,2,2,76,'2026-04-19'),(1001,3,1,0,'2026-04-19'),(1002,3,4,50,'2026-04-19'),(1003,3,5,50,'2026-04-19'),(1004,3,7,95,'2026-04-19'),(1005,3,9,55,'2026-04-19'),(1006,3,10,0,'2026-04-19'),(1007,3,11,95,'2026-04-19'),(1008,3,2,52,'2026-04-19'),(1009,4,1,63,'2026-04-19'),(1010,4,4,0,'2026-04-19'),(1011,4,5,0,'2026-04-19'),(1012,4,7,0,'2026-04-19'),(1013,4,9,0,'2026-04-19'),(1014,4,10,0,'2026-04-19'),(1015,4,11,0,'2026-04-19'),(1016,4,2,0,'2026-04-19'),(1017,5,1,0,'2026-04-19'),(1018,5,4,79,'2026-04-19'),(1019,5,5,100,'2026-04-19'),(1020,5,7,52,'2026-04-19'),(1021,5,9,52,'2026-04-19'),(1022,5,10,77,'2026-04-19'),(1023,5,11,72,'2026-04-19'),(1024,5,2,82,'2026-04-19'),(1025,6,1,0,'2026-04-19'),(1026,6,4,81,'2026-04-19'),(1027,6,5,64,'2026-04-19'),(1028,6,7,84,'2026-04-19'),(1029,6,9,64,'2026-04-19'),(1030,6,10,64,'2026-04-19'),(1031,6,11,64,'2026-04-19'),(1032,6,2,69,'2026-04-19'),(1033,7,1,0,'2026-04-19'),(1034,7,4,58,'2026-04-19'),(1035,7,5,65,'2026-04-19'),(1036,7,7,53,'2026-04-19'),(1037,7,9,78,'2026-04-19'),(1038,7,10,100,'2026-04-19'),(1039,7,11,78,'2026-04-19'),(1040,7,2,53,'2026-04-19'),(1041,8,1,0,'2026-04-19'),(1042,8,4,0,'2026-04-19'),(1043,8,5,71,'2026-04-19'),(1044,8,7,49,'2026-04-19'),(1045,8,9,64,'2026-04-19'),(1046,8,10,0,'2026-04-19'),(1047,8,11,49,'2026-04-19'),(1048,8,2,64,'2026-04-19'),(1049,9,1,0,'2026-04-19'),(1050,9,4,0,'2026-04-19'),(1051,9,5,41,'2026-04-19'),(1052,9,7,43,'2026-04-19'),(1053,9,9,46,'2026-04-19'),(1054,9,10,0,'2026-04-19'),(1055,9,11,51,'2026-04-19'),(1056,9,2,0,'2026-04-19'),(1057,10,1,0,'2026-04-19'),(1058,10,4,0,'2026-04-19'),(1059,10,5,52,'2026-04-19'),(1060,10,7,49,'2026-04-19'),(1061,10,9,47,'2026-04-19'),(1062,10,10,0,'2026-04-19'),(1063,10,11,47,'2026-04-19'),(1064,10,2,57,'2026-04-19'),(1065,11,1,0,'2026-04-19'),(1066,11,4,69,'2026-04-19'),(1067,11,5,79,'2026-04-19'),(1068,11,7,96,'2026-04-19'),(1069,11,9,79,'2026-04-19'),(1070,11,10,100,'2026-04-19'),(1071,11,11,64,'2026-04-19'),(1072,11,2,94,'2026-04-19'),(1073,12,1,0,'2026-04-19'),(1074,12,4,51,'2026-04-19'),(1075,12,5,51,'2026-04-19'),(1076,12,7,61,'2026-04-19'),(1077,12,9,91,'2026-04-19'),(1078,12,10,51,'2026-04-19'),(1079,12,11,88,'2026-04-19'),(1080,12,2,51,'2026-04-19'),(1081,13,1,0,'2026-04-19'),(1082,13,4,73,'2026-04-19'),(1083,13,5,48,'2026-04-19'),(1084,13,7,48,'2026-04-19'),(1085,13,9,93,'2026-04-19'),(1086,13,10,0,'2026-04-19'),(1087,13,11,48,'2026-04-19'),(1088,13,2,60,'2026-04-19'),(1089,14,1,0,'2026-04-19'),(1090,14,4,90,'2026-04-19'),(1091,14,5,90,'2026-04-19'),(1092,14,7,100,'2026-04-19'),(1093,14,9,100,'2026-04-19'),(1094,14,10,75,'2026-04-19'),(1095,14,11,100,'2026-04-19'),(1096,14,2,100,'2026-04-19'),(1097,15,1,0,'2026-04-19'),(1098,15,4,100,'2026-04-19'),(1099,15,5,99,'2026-04-19'),(1100,15,7,86,'2026-04-19'),(1101,15,9,54,'2026-04-19'),(1102,15,10,94,'2026-04-19'),(1103,15,11,54,'2026-04-19'),(1104,15,2,94,'2026-04-19'),(1105,16,1,0,'2026-04-19'),(1106,16,4,88,'2026-04-19'),(1107,16,5,81,'2026-04-19'),(1108,16,7,61,'2026-04-19'),(1109,16,9,46,'2026-04-19'),(1110,16,10,56,'2026-04-19'),(1111,16,11,51,'2026-04-19'),(1112,16,2,86,'2026-04-19'),(1113,17,1,0,'2026-04-19'),(1114,17,4,45,'2026-04-19'),(1115,17,5,43,'2026-04-19'),(1116,17,7,43,'2026-04-19'),(1117,17,9,43,'2026-04-19'),(1118,17,10,58,'2026-04-19'),(1119,17,11,48,'2026-04-19'),(1120,17,2,0,'2026-04-19'),(1121,18,1,88,'2026-04-19'),(1122,18,4,0,'2026-04-19'),(1123,18,5,0,'2026-04-19'),(1124,18,7,0,'2026-04-19'),(1125,18,9,0,'2026-04-19'),(1126,18,10,0,'2026-04-19'),(1127,18,11,0,'2026-04-19'),(1128,18,2,0,'2026-04-19'),(1129,19,1,0,'2026-04-19'),(1130,19,4,0,'2026-04-19'),(1131,19,5,0,'2026-04-19'),(1132,19,7,69,'2026-04-19'),(1133,19,9,54,'2026-04-19'),(1134,19,10,0,'2026-04-19'),(1135,19,11,46,'2026-04-19'),(1136,19,2,44,'2026-04-19'),(1137,20,1,0,'2026-04-19'),(1138,20,4,0,'2026-04-19'),(1139,20,5,0,'2026-04-19'),(1140,20,7,43,'2026-04-19'),(1141,20,9,41,'2026-04-19'),(1142,20,10,0,'2026-04-19'),(1143,20,11,41,'2026-04-19'),(1144,20,2,51,'2026-04-19'),(1145,21,1,0,'2026-04-19'),(1146,21,4,60,'2026-04-22'),(1147,21,5,44,'2026-04-19'),(1148,21,7,44,'2026-04-19'),(1149,21,9,44,'2026-04-19'),(1150,21,10,51,'2026-04-22'),(1151,21,11,44,'2026-04-19'),(1152,21,2,46,'2026-04-19'),(1153,22,1,0,'2026-04-19'),(1154,22,4,0,'2026-04-19'),(1155,22,5,42,'2026-04-19'),(1156,22,7,44,'2026-04-19'),(1157,22,9,47,'2026-04-19'),(1158,22,10,42,'2026-04-19'),(1159,22,11,52,'2026-04-19'),(1160,22,2,0,'2026-04-19'),(1161,34,1,0,'2026-04-19'),(1162,34,4,0,'2026-04-19'),(1163,34,5,0,'2026-04-19'),(1164,34,7,51,'2026-04-19'),(1165,34,9,56,'2026-04-19'),(1166,34,10,0,'2026-04-19'),(1167,34,11,48,'2026-04-19'),(1168,34,2,46,'2026-04-19'),(1169,35,1,0,'2026-04-19'),(1170,35,4,0,'2026-04-19'),(1171,35,5,45,'2026-04-19'),(1172,35,7,50,'2026-04-19'),(1173,35,9,55,'2026-04-19'),(1174,35,10,45,'2026-04-19'),(1175,35,11,47,'2026-04-19'),(1176,35,2,45,'2026-04-19'),(1177,37,1,0,'2026-04-20'),(1178,37,2,50,'2026-04-20'),(1179,37,3,50,'2026-04-20'),(1180,37,4,50,'2026-04-20'),(1181,37,5,50,'2026-04-20'),(1182,37,6,50,'2026-04-20'),(1183,37,7,50,'2026-04-20'),(1184,37,8,50,'2026-04-20'),(1185,37,9,50,'2026-04-20'),(1186,37,10,50,'2026-04-20'),(1187,37,11,50,'2026-04-20'),(1188,38,1,0,'2026-04-20'),(1189,38,2,50,'2026-04-20'),(1190,38,3,50,'2026-04-20'),(1191,38,4,50,'2026-04-20'),(1192,38,5,50,'2026-04-20'),(1193,38,6,50,'2026-04-20'),(1194,38,7,50,'2026-04-20'),(1195,38,8,50,'2026-04-20'),(1196,38,9,50,'2026-04-20'),(1197,38,10,50,'2026-04-20'),(1198,38,11,50,'2026-04-20'),(1199,39,1,0,'2026-04-20'),(1200,39,2,50,'2026-04-20'),(1201,39,3,50,'2026-04-20'),(1202,39,4,50,'2026-04-20'),(1203,39,5,50,'2026-04-20'),(1204,39,6,50,'2026-04-20'),(1205,39,7,50,'2026-04-20'),(1206,39,8,50,'2026-04-20'),(1207,39,9,50,'2026-04-20'),(1208,39,10,50,'2026-04-20'),(1209,39,11,50,'2026-04-20'),(1210,40,1,0,'2026-04-20'),(1211,40,2,50,'2026-04-20'),(1212,40,3,50,'2026-04-20'),(1213,40,4,50,'2026-04-20'),(1214,40,5,50,'2026-04-20'),(1215,40,6,50,'2026-04-20'),(1216,40,7,50,'2026-04-20'),(1217,40,8,50,'2026-04-20'),(1218,40,9,50,'2026-04-20'),(1219,40,10,50,'2026-04-20'),(1220,40,11,50,'2026-04-20'),(1221,41,1,0,'2026-04-20'),(1222,41,2,50,'2026-04-20'),(1223,41,3,50,'2026-04-20'),(1224,41,4,50,'2026-04-20'),(1225,41,5,50,'2026-04-20'),(1226,41,6,50,'2026-04-20'),(1227,41,7,50,'2026-04-20'),(1228,41,8,50,'2026-04-20'),(1229,41,9,50,'2026-04-20'),(1230,41,10,50,'2026-04-20'),(1231,41,11,50,'2026-04-20'),(1232,42,1,0,'2026-04-20'),(1233,42,2,50,'2026-04-20'),(1234,42,3,50,'2026-04-20'),(1235,42,4,50,'2026-04-20'),(1236,42,5,50,'2026-04-20'),(1237,42,6,50,'2026-04-20'),(1238,42,7,50,'2026-04-20'),(1239,42,8,50,'2026-04-20'),(1240,42,9,50,'2026-04-20'),(1241,42,10,50,'2026-04-20'),(1242,42,11,50,'2026-04-20'),(1243,43,1,0,'2026-04-20'),(1244,43,2,50,'2026-04-20'),(1245,43,3,50,'2026-04-20'),(1246,43,4,50,'2026-04-20'),(1247,43,5,50,'2026-04-20'),(1248,43,6,50,'2026-04-20'),(1249,43,7,50,'2026-04-20'),(1250,43,8,50,'2026-04-20'),(1251,43,9,50,'2026-04-20'),(1252,43,10,50,'2026-04-20'),(1253,43,11,50,'2026-04-20'),(1254,44,1,0,'2026-04-20'),(1255,44,2,50,'2026-04-20'),(1256,44,3,50,'2026-04-20'),(1257,44,4,50,'2026-04-20'),(1258,44,5,50,'2026-04-20'),(1259,44,6,50,'2026-04-20'),(1260,44,7,50,'2026-04-20'),(1261,44,8,50,'2026-04-20'),(1262,44,9,50,'2026-04-20'),(1263,44,10,50,'2026-04-20'),(1264,44,11,50,'2026-04-20'),(1265,45,1,0,'2026-04-20'),(1266,45,2,50,'2026-04-20'),(1267,45,3,50,'2026-04-20'),(1268,45,4,50,'2026-04-20'),(1269,45,5,50,'2026-04-20'),(1270,45,6,50,'2026-04-20'),(1271,45,7,50,'2026-04-20'),(1272,45,8,50,'2026-04-20'),(1273,45,9,50,'2026-04-20'),(1274,45,10,50,'2026-04-20'),(1275,45,11,50,'2026-04-20'),(1276,46,1,0,'2026-04-20'),(1277,46,2,50,'2026-04-20'),(1278,46,3,50,'2026-04-20'),(1279,46,4,50,'2026-04-20'),(1280,46,5,50,'2026-04-20'),(1281,46,6,50,'2026-04-20'),(1282,46,7,50,'2026-04-20'),(1283,46,8,50,'2026-04-20'),(1284,46,9,50,'2026-04-20'),(1285,46,10,50,'2026-04-20'),(1286,46,11,50,'2026-04-20'),(1287,47,1,0,'2026-04-20'),(1288,47,2,50,'2026-04-20'),(1289,47,3,50,'2026-04-20'),(1290,47,4,50,'2026-04-20'),(1291,47,5,50,'2026-04-20'),(1292,47,6,50,'2026-04-20'),(1293,47,7,50,'2026-04-20'),(1294,47,8,50,'2026-04-20'),(1295,47,9,50,'2026-04-20'),(1296,47,10,50,'2026-04-20'),(1297,47,11,50,'2026-04-20'),(1298,48,1,0,'2026-04-20'),(1299,48,2,50,'2026-04-20'),(1300,48,3,50,'2026-04-20'),(1301,48,4,50,'2026-04-20'),(1302,48,5,50,'2026-04-20'),(1303,48,6,50,'2026-04-20'),(1304,48,7,50,'2026-04-20'),(1305,48,8,50,'2026-04-20'),(1306,48,9,50,'2026-04-20'),(1307,48,10,50,'2026-04-20'),(1308,48,11,50,'2026-04-20'),(1309,49,1,0,'2026-04-20'),(1310,49,2,50,'2026-04-20'),(1311,49,3,50,'2026-04-20'),(1312,49,4,50,'2026-04-20'),(1313,49,5,50,'2026-04-20'),(1314,49,6,50,'2026-04-20'),(1315,49,7,50,'2026-04-20'),(1316,49,8,50,'2026-04-20'),(1317,49,9,50,'2026-04-20'),(1318,49,10,50,'2026-04-20'),(1319,49,11,50,'2026-04-20'),(1320,50,1,0,'2026-04-20'),(1321,50,2,50,'2026-04-20'),(1322,50,3,50,'2026-04-20'),(1323,50,4,50,'2026-04-20'),(1324,50,5,50,'2026-04-20'),(1325,50,6,50,'2026-04-20'),(1326,50,7,50,'2026-04-20'),(1327,50,8,50,'2026-04-20'),(1328,50,9,50,'2026-04-20'),(1329,50,10,50,'2026-04-20'),(1330,50,11,50,'2026-04-20');
/*!40000 ALTER TABLE `player_scores` ENABLE KEYS */;
UNLOCK TABLES;

--
-- Table structure for table `player_team_ranking`
--

DROP TABLE IF EXISTS `player_team_ranking`;
/*!40101 SET @saved_cs_client     = @@character_set_client */;
/*!50503 SET character_set_client = utf8mb4 */;
CREATE TABLE `player_team_ranking` (
  `player_id` int NOT NULL,
  `team_rank` int NOT NULL,
  PRIMARY KEY (`player_id`)
) ENGINE=InnoDB DEFAULT CHARSET=utf8mb4 COLLATE=utf8mb4_0900_ai_ci;
/*!40101 SET character_set_client = @saved_cs_client */;

--
-- Dumping data for table `player_team_ranking`
--

LOCK TABLES `player_team_ranking` WRITE;
/*!40000 ALTER TABLE `player_team_ranking` DISABLE KEYS */;
INSERT INTO `player_team_ranking` VALUES (2,7),(3,8),(5,5),(6,9),(7,4),(8,10),(9,21),(10,12),(11,3),(12,6),(13,11),(14,1),(15,2),(16,13),(17,18),(19,17),(20,20),(21,16),(22,19),(34,14),(35,15);
/*!40000 ALTER TABLE `player_team_ranking` ENABLE KEYS */;
UNLOCK TABLES;

--
-- Table structure for table `players`
--

DROP TABLE IF EXISTS `players`;
/*!40101 SET @saved_cs_client     = @@character_set_client */;
/*!50503 SET character_set_client = utf8mb4 */;
CREATE TABLE `players` (
  `id` int NOT NULL AUTO_INCREMENT,
  `first_name` varchar(100) DEFAULT NULL,
  `last_name` varchar(100) DEFAULT NULL,
  `birthdate` date DEFAULT NULL,
  `team` varchar(50) DEFAULT NULL,
  `team_id` int NOT NULL,
  `favorite_positions` varchar(255) DEFAULT NULL,
  `is_doelman` tinyint(1) DEFAULT '0',
  `updated_at` timestamp NULL DEFAULT CURRENT_TIMESTAMP ON UPDATE CURRENT_TIMESTAMP,
  PRIMARY KEY (`id`),
  KEY `FK_Players_Teams` (`team_id`),
  CONSTRAINT `FK_Players_Teams` FOREIGN KEY (`team_id`) REFERENCES `teams` (`id`)
) ENGINE=InnoDB AUTO_INCREMENT=51 DEFAULT CHARSET=utf8mb4 COLLATE=utf8mb4_0900_ai_ci;
/*!40101 SET character_set_client = @saved_cs_client */;

--
-- Dumping data for table `players`
--

LOCK TABLES `players` WRITE;
/*!40000 ALTER TABLE `players` DISABLE KEYS */;
INSERT INTO `players` VALUES (2,'Miel','T\\\'Syen','2015-07-30','Shirley',1,'9,2,7',0,'2026-04-19 21:38:20'),(3,'Jack','Stroobants','2015-08-06','Shirley',1,'7,11,2',0,'2026-04-19 21:38:33'),(4,'Staf','Van Genechten','2015-05-16','both',1,'',1,'2026-04-20 07:06:19'),(5,'Thibo','Fierens','2015-05-19','Shirley',1,'5,2,4',0,'2026-04-19 21:37:17'),(6,'Tiebe','Leduc','2015-08-23','Brent',1,'7,2,4',0,'2026-04-19 21:39:18'),(7,'Loris','Liberato','2015-10-13','Brent',1,'10,9,11',0,'2026-04-19 22:02:35'),(8,'Murat','Cilingir','2015-06-05','Shirley',1,'2,9,5',0,'2026-04-19 21:37:25'),(9,'Murat','Yagmuroglu','2015-04-09','Brent',1,'11,9,7',0,'2026-04-19 21:35:51'),(10,'Arda','Shakir','2015-04-23','Shirley',1,'2,5,7',0,'2026-04-19 21:36:09'),(11,'Senn','Goossens','2015-11-25','Shirley',1,'10,2,7',0,'2026-04-19 22:27:31'),(12,'Léno','Kerckhofs','2015-07-24','Shirley',1,'9,7,11',0,'2026-04-19 21:38:14'),(13,'Jayden','Theys','2015-07-05','Shirley',1,'9,4,2',0,'2026-04-19 21:37:49'),(14,'Wannes','Van Gestel','2015-11-03','Brent',1,'9,7,2',0,'2026-04-19 21:39:40'),(15,'Rune','Truyers','2015-04-22','Shirley',1,'4,10,7',0,'2026-04-19 21:36:02'),(16,'Seppe','Geukens','2015-04-30','Shirley',1,'2,5,4',0,'2026-04-19 21:36:29'),(17,'Otis','Laurent','2015-03-06','Brent',1,'10,11,4',0,'2026-04-19 21:34:50'),(18,'Franklin','Tebe','2015-06-28','Brent',1,NULL,1,'2026-04-19 21:37:03'),(19,'Noah','Sterckx-Geukens','2015-01-23','both',1,'9,7,11',0,'2026-04-19 21:34:36'),(20,'Noah','Willems','2015-12-23','Brent',1,'2,5,7',0,'2026-04-19 21:39:46'),(21,'Alessio','Armento','2015-06-09','Brent',1,'4,10,2',0,'2026-04-22 21:25:02'),(22,'Tyrone','Monkau','2015-08-10','Brent',1,'11,9,7',0,'2026-04-19 21:38:41'),(34,'Scout','Vannuffelen','2015-08-05','Brent',1,'9,7,11',0,'2026-04-19 21:38:27'),(35,'Vinn','Van Broeckhoven','2015-09-21','Brent',1,'9,7,11',0,'2026-04-19 21:39:27'),(37,'Jack','Stroobants',NULL,NULL,2,NULL,0,'2026-04-20 18:01:03'),(38,'Loris','Liberato',NULL,NULL,2,NULL,0,'2026-04-20 18:01:03'),(39,'Seppe','Geukens',NULL,NULL,2,NULL,0,'2026-04-20 18:01:03'),(40,'Vinn','Broeckhoven',NULL,NULL,2,NULL,0,'2026-04-20 18:01:03'),(41,'Franklin','Tabe',NULL,NULL,2,'',1,'2026-04-20 21:48:26'),(42,'Staf','Van Genechten',NULL,NULL,2,'',1,'2026-04-20 21:48:36'),(43,'Wannes','Van Gestel',NULL,NULL,2,NULL,0,'2026-04-20 18:01:03'),(44,'Scout','Vannuffelen',NULL,NULL,2,NULL,0,'2026-04-20 18:01:03'),(45,'Miel','T’Syen',NULL,NULL,2,NULL,0,'2026-04-20 18:01:03'),(46,'Noah','Sterckx',NULL,NULL,2,NULL,0,'2026-04-20 18:01:03'),(47,'Arda','Shakir',NULL,NULL,2,NULL,0,'2026-04-20 18:01:03'),(48,'Tiebe','Leduc',NULL,NULL,2,NULL,0,'2026-04-20 18:01:03'),(49,'Senn','Goossens',NULL,NULL,2,NULL,0,'2026-04-20 18:01:03'),(50,'Léno','Kerckhofs',NULL,NULL,2,NULL,0,'2026-04-20 18:01:03');
/*!40000 ALTER TABLE `players` ENABLE KEYS */;
UNLOCK TABLES;

--
-- Table structure for table `position_rankings`
--

DROP TABLE IF EXISTS `position_rankings`;
/*!40101 SET @saved_cs_client     = @@character_set_client */;
/*!50503 SET character_set_client = utf8mb4 */;
CREATE TABLE `position_rankings` (
  `id` int NOT NULL AUTO_INCREMENT,
  `position_id` int NOT NULL,
  `player_id` int NOT NULL,
  `pos_rank` int NOT NULL,
  PRIMARY KEY (`id`),
  UNIQUE KEY `uq_pos_player` (`position_id`,`player_id`)
) ENGINE=InnoDB AUTO_INCREMENT=1570 DEFAULT CHARSET=utf8mb4 COLLATE=utf8mb4_0900_ai_ci;
/*!40101 SET character_set_client = @saved_cs_client */;

--
-- Dumping data for table `position_rankings`
--

LOCK TABLES `position_rankings` WRITE;
/*!40000 ALTER TABLE `position_rankings` DISABLE KEYS */;
INSERT INTO `position_rankings` VALUES (7,1,18,1),(8,1,4,2),(9,1,16,3),(10,1,35,4),(260,4,15,1),(261,4,16,2),(262,4,14,3),(263,4,6,4),(264,4,5,5),(265,4,13,6),(266,4,11,7),(267,4,2,8),(268,4,7,9),(269,4,3,10),(270,4,21,11),(271,4,12,12),(272,4,17,13),(483,5,15,1),(484,5,5,2),(485,5,14,3),(486,5,16,4),(487,5,11,5),(488,5,8,6),(489,5,6,7),(490,5,7,8),(491,5,2,9),(492,5,13,10),(493,5,12,11),(494,5,3,12),(495,5,17,13),(496,5,21,14),(497,5,35,15),(498,5,9,16),(499,5,10,17),(500,5,22,18),(756,7,14,1),(757,7,11,2),(758,7,3,3),(759,7,15,4),(760,7,6,5),(761,7,19,6),(762,7,16,7),(763,7,2,8),(764,7,12,9),(765,7,5,10),(766,7,13,11),(767,7,8,12),(768,7,10,13),(769,7,34,14),(770,7,35,15),(771,7,17,16),(772,7,20,17),(773,7,21,18),(774,7,22,19),(775,7,7,20),(776,7,9,21),(1005,9,2,1),(1006,9,14,2),(1007,9,13,3),(1008,9,12,4),(1009,9,11,5),(1010,9,7,6),(1011,9,6,7),(1012,9,8,8),(1013,9,3,9),(1014,9,34,10),(1015,9,5,11),(1016,9,19,12),(1017,9,21,13),(1018,9,16,14),(1019,9,9,15),(1020,9,17,16),(1021,9,15,17),(1022,9,35,18),(1023,9,22,19),(1024,9,10,20),(1025,9,20,21),(1183,10,11,1),(1184,10,7,2),(1185,10,15,3),(1186,10,2,4),(1187,10,5,5),(1188,10,14,6),(1189,10,6,7),(1190,10,16,8),(1191,10,17,9),(1192,10,12,10),(1193,10,21,11),(1194,10,22,12),(1195,10,35,13),(1513,11,14,1),(1514,11,3,2),(1515,11,12,3),(1516,11,2,4),(1517,11,7,5),(1518,11,5,6),(1519,11,6,7),(1520,11,11,8),(1521,11,16,9),(1522,11,15,10),(1523,11,17,11),(1524,11,19,12),(1525,11,35,13),(1526,11,34,14),(1527,11,21,15),(1528,11,8,16),(1529,11,22,17),(1530,11,13,18),(1531,11,10,19),(1532,11,9,20),(1533,11,20,21),(1552,2,14,1),(1553,2,15,2),(1554,2,11,3),(1555,2,16,4),(1556,2,5,5),(1557,2,2,6),(1558,2,6,7),(1559,2,13,8),(1560,2,8,9),(1561,2,12,10),(1562,2,3,11),(1563,2,7,12),(1564,2,21,13),(1565,2,35,14),(1566,2,10,15),(1567,2,19,16),(1568,2,20,17),(1569,2,34,18);
/*!40000 ALTER TABLE `position_rankings` ENABLE KEYS */;
UNLOCK TABLES;

--
-- Table structure for table `system_logs`
--

DROP TABLE IF EXISTS `system_logs`;
/*!40101 SET @saved_cs_client     = @@character_set_client */;
/*!50503 SET character_set_client = utf8mb4 */;
CREATE TABLE `system_logs` (
  `id` int NOT NULL AUTO_INCREMENT,
  `action_name` varchar(255) COLLATE utf8mb4_unicode_ci NOT NULL,
  `execution_time_ms` decimal(10,4) NOT NULL,
  `memory_usage_mb` decimal(10,2) NOT NULL,
  `user_id` int DEFAULT NULL,
  `created_at` timestamp NULL DEFAULT CURRENT_TIMESTAMP,
  `context` text COLLATE utf8mb4_unicode_ci,
  PRIMARY KEY (`id`),
  KEY `idx_action_name` (`action_name`),
  KEY `idx_created_at` (`created_at`)
) ENGINE=InnoDB AUTO_INCREMENT=43 DEFAULT CHARSET=utf8mb4 COLLATE=utf8mb4_unicode_ci;
/*!40101 SET character_set_client = @saved_cs_client */;

--
-- Dumping data for table `system_logs`
--

LOCK TABLES `system_logs` WRITE;
/*!40000 ALTER TABLE `system_logs` DISABLE KEYS */;
INSERT INTO `system_logs` VALUES (1,'Generator Recursive Backtracking',814.1890,2.00,NULL,'2026-04-19 18:09:18',NULL),(2,'Generator Recursive Backtracking',814.5730,2.00,NULL,'2026-04-19 18:09:23',NULL),(3,'Generator Recursive Backtracking',803.1230,2.00,NULL,'2026-04-19 18:10:18',NULL),(4,'Generator Recursive Backtracking',812.3460,1.47,NULL,'2026-04-19 18:11:54',NULL),(5,'Generator Recursive Backtracking',808.2101,1.47,NULL,'2026-04-19 18:11:55',NULL),(6,'Generator Recursive Backtracking',839.5021,1.27,NULL,'2026-04-19 20:26:57',NULL),(7,'Generator Recursive Backtracking',803.5071,1.27,NULL,'2026-04-19 21:50:40',NULL),(8,'Generator Recursive Backtracking',810.8499,1.27,NULL,'2026-04-19 21:53:09',NULL),(9,'Generator Recursive Backtracking',810.1370,1.27,NULL,'2026-04-19 21:53:11',NULL),(10,'Generator Recursive Backtracking',812.4359,1.27,NULL,'2026-04-19 21:53:14',NULL),(11,'Generator Recursive Backtracking',810.2028,1.27,NULL,'2026-04-19 21:53:17',NULL),(12,'Generator Recursive Backtracking',810.9159,1.27,NULL,'2026-04-19 21:53:19',NULL),(13,'Generator Recursive Backtracking',795.3310,1.27,NULL,'2026-04-19 22:38:33',NULL),(14,'Generator Recursive Backtracking',797.6279,1.27,NULL,'2026-04-19 22:49:29',NULL),(15,'Generator Recursive Backtracking',902.3151,1.27,NULL,'2026-04-19 22:54:05',NULL),(16,'Generator Recursive Backtracking',796.2148,1.32,NULL,'2026-04-20 06:50:42',NULL),(17,'Generator Recursive Backtracking',864.4440,1.27,NULL,'2026-04-20 07:02:51',NULL),(18,'Generator Recursive Backtracking',798.7938,1.27,NULL,'2026-04-20 07:03:04',NULL),(19,'Generator Recursive Backtracking',808.6259,1.27,NULL,'2026-04-20 07:05:52',NULL),(20,'Generator Recursive Backtracking',3675.5261,3.12,NULL,'2026-04-20 08:21:17',NULL),(21,'Generator Recursive Backtracking',94.3069,1.12,NULL,'2026-04-20 09:08:22',NULL),(22,'Generator Recursive Backtracking',785.9778,1.32,NULL,'2026-04-20 09:17:36',NULL),(23,'Generator Recursive Backtracking',809.1931,1.32,NULL,'2026-04-20 09:51:52',NULL),(24,'Generator Recursive Backtracking',798.3179,1.32,NULL,'2026-04-20 09:51:54',NULL),(25,'Generator Recursive Backtracking',815.2609,1.32,NULL,'2026-04-20 09:52:15',NULL),(26,'Generator Recursive Backtracking',849.7889,1.49,NULL,'2026-04-20 11:53:48',NULL),(27,'Generator Recursive Backtracking',3550.1339,2.41,NULL,'2026-04-20 11:54:10',NULL),(28,'Generator Recursive Backtracking',3675.0450,2.41,NULL,'2026-04-20 12:34:28',NULL),(29,'Generator Recursive Backtracking',3615.6070,2.46,NULL,'2026-04-20 21:23:02',NULL),(30,'Generator Recursive DFS',3845.9270,2.37,NULL,'2026-04-21 20:41:40','Format: 8v8_1gk_4x15 (10 Spelers)'),(31,'Generator Recursive DFS',3688.6971,2.37,NULL,'2026-04-21 20:43:07','Format: 8v8_1gk_4x15 (10 Spelers)'),(32,'Generator Recursive DFS',631.7041,1.32,NULL,'2026-04-22 22:44:05','Format: 8v8_1gk_4x15 (9 Spelers)'),(33,'Generator Recursive DFS',686.7750,1.43,NULL,'2026-04-22 22:49:59','Format: 8v8_1gk_4x15 (9 Spelers)'),(34,'Generator Recursive DFS',620.9810,1.31,NULL,'2026-04-22 22:53:23','Format: 8v8_1gk_4x15 (9 Spelers)'),(35,'Generator Recursive DFS',636.0650,1.31,NULL,'2026-04-22 22:53:47','Format: 8v8_1gk_4x15 (9 Spelers)'),(36,'Generator Recursive DFS',4342.1631,2.41,NULL,'2026-04-22 23:04:39','Format: 8v8_1gk_4x15 (10 Spelers)'),(37,'Generator Recursive DFS',3851.4781,2.41,NULL,'2026-04-23 07:22:39','Format: 8v8_1gk_4x15 (10 Spelers)'),(38,'Generator Recursive DFS',4168.2601,2.41,NULL,'2026-04-23 07:28:27','Format: 8v8_1gk_4x15 (10 Spelers)'),(39,'Generator Recursive DFS',3976.9468,2.41,NULL,'2026-04-23 07:35:38','Format: 8v8_1gk_4x15 (10 Spelers)'),(40,'Generator Recursive DFS',3967.8130,2.41,NULL,'2026-04-23 07:36:50','Format: 8v8_1gk_4x15 (10 Spelers)'),(41,'Generator Recursive DFS',3908.9148,2.42,NULL,'2026-04-23 08:38:55','Format: 8v8_1gk_4x15 (10 Spelers)'),(42,'Generator Recursive DFS',3962.9381,2.41,NULL,'2026-04-23 08:46:05','Format: 8v8_1gk_4x15 (10 Spelers)');
/*!40000 ALTER TABLE `system_logs` ENABLE KEYS */;
UNLOCK TABLES;

--
-- Table structure for table `system_migrations`
--

DROP TABLE IF EXISTS `system_migrations`;
/*!40101 SET @saved_cs_client     = @@character_set_client */;
/*!50503 SET character_set_client = utf8mb4 */;
CREATE TABLE `system_migrations` (
  `id` int NOT NULL AUTO_INCREMENT,
  `migration_name` varchar(255) NOT NULL,
  `executed_at` datetime DEFAULT CURRENT_TIMESTAMP,
  PRIMARY KEY (`id`),
  UNIQUE KEY `migration_name` (`migration_name`)
) ENGINE=InnoDB AUTO_INCREMENT=8 DEFAULT CHARSET=utf8mb4 COLLATE=utf8mb4_0900_ai_ci;
/*!40101 SET character_set_client = @saved_cs_client */;

--
-- Dumping data for table `system_migrations`
--

LOCK TABLES `system_migrations` WRITE;
/*!40000 ALTER TABLE `system_migrations` DISABLE KEYS */;
INSERT INTO `system_migrations` VALUES (1,'001_saas_multi_tenancy.sql','2026-04-20 12:20:08'),(2,'002_players_coaches_isolation.sql','2026-04-20 12:54:16'),(3,'003_add_beta_user.sql','2026-04-23 08:48:14'),(5,'004_add_last_activity.sql','2026-04-23 08:48:36'),(6,'005_add_invite_status.sql','2026-04-23 08:48:36'),(7,'006_add_invite_accepted_at.sql','2026-04-23 08:48:36');
/*!40000 ALTER TABLE `system_migrations` ENABLE KEYS */;
UNLOCK TABLES;

--
-- Table structure for table `team_invitations`
--

DROP TABLE IF EXISTS `team_invitations`;
/*!40101 SET @saved_cs_client     = @@character_set_client */;
/*!50503 SET character_set_client = utf8mb4 */;
CREATE TABLE `team_invitations` (
  `id` int NOT NULL AUTO_INCREMENT,
  `team_id` int NOT NULL,
  `email` varchar(255) NOT NULL,
  `token` varchar(64) NOT NULL,
  `expires_at` datetime NOT NULL,
  `created_at` datetime NOT NULL DEFAULT CURRENT_TIMESTAMP,
  `status` enum('pending','accepted') NOT NULL DEFAULT 'pending',
  `accepted_at` datetime DEFAULT NULL,
  PRIMARY KEY (`id`),
  UNIQUE KEY `token` (`token`),
  KEY `team_id` (`team_id`),
  CONSTRAINT `FK_TI_Teams` FOREIGN KEY (`team_id`) REFERENCES `teams` (`id`) ON DELETE CASCADE
) ENGINE=InnoDB AUTO_INCREMENT=4 DEFAULT CHARSET=utf8mb4 COLLATE=utf8mb4_0900_ai_ci;
/*!40101 SET character_set_client = @saved_cs_client */;

--
-- Dumping data for table `team_invitations`
--

LOCK TABLES `team_invitations` WRITE;
/*!40000 ALTER TABLE `team_invitations` DISABLE KEYS */;
/*!40000 ALTER TABLE `team_invitations` ENABLE KEYS */;
UNLOCK TABLES;

--
-- Table structure for table `team_periods`
--

DROP TABLE IF EXISTS `team_periods`;
/*!40101 SET @saved_cs_client     = @@character_set_client */;
/*!50503 SET character_set_client = utf8mb4 */;
CREATE TABLE `team_periods` (
  `id` int NOT NULL AUTO_INCREMENT,
  `team_id` int NOT NULL,
  `season_year` int NOT NULL,
  `name` varchar(100) NOT NULL,
  `start_date` date NOT NULL,
  `end_date` date NOT NULL,
  `created_at` timestamp NULL DEFAULT CURRENT_TIMESTAMP,
  PRIMARY KEY (`id`),
  KEY `team_id` (`team_id`),
  CONSTRAINT `team_periods_ibfk_1` FOREIGN KEY (`team_id`) REFERENCES `teams` (`id`) ON DELETE CASCADE
) ENGINE=InnoDB DEFAULT CHARSET=utf8mb4 COLLATE=utf8mb4_0900_ai_ci;
/*!40101 SET character_set_client = @saved_cs_client */;

--
-- Dumping data for table `team_periods`
--

LOCK TABLES `team_periods` WRITE;
/*!40000 ALTER TABLE `team_periods` DISABLE KEYS */;
/*!40000 ALTER TABLE `team_periods` ENABLE KEYS */;
UNLOCK TABLES;

--
-- Table structure for table `teams`
--

DROP TABLE IF EXISTS `teams`;
/*!40101 SET @saved_cs_client     = @@character_set_client */;
/*!50503 SET character_set_client = utf8mb4 */;
CREATE TABLE `teams` (
  `id` int NOT NULL AUTO_INCREMENT,
  `user_id` int NOT NULL,
  `club_id` int NOT NULL,
  `name` varchar(100) NOT NULL,
  `default_format` varchar(20) NOT NULL DEFAULT '8v8',
  `default_game_parts` varchar(20) DEFAULT NULL,
  `subscription_plan` varchar(50) NOT NULL DEFAULT 'trial',
  `subscription_valid_until` datetime DEFAULT NULL,
  `is_active` tinyint(1) NOT NULL DEFAULT '1',
  PRIMARY KEY (`id`),
  KEY `FK_Teams_Users` (`user_id`),
  KEY `FK_Teams_Clubs` (`club_id`),
  CONSTRAINT `FK_Teams_Clubs` FOREIGN KEY (`club_id`) REFERENCES `clubs` (`id`),
  CONSTRAINT `FK_Teams_Users` FOREIGN KEY (`user_id`) REFERENCES `users` (`id`)
) ENGINE=InnoDB AUTO_INCREMENT=3 DEFAULT CHARSET=utf8mb4 COLLATE=utf8mb4_0900_ai_ci;
/*!40101 SET character_set_client = @saved_cs_client */;

--
-- Dumping data for table `teams`
--

LOCK TABLES `teams` WRITE;
/*!40000 ALTER TABLE `teams` DISABLE KEYS */;
INSERT INTO `teams` VALUES (1,1,1,'U11 Thes IP','8v8','4x15','yearly','2030-01-01 00:00:00',1),(2,4,1,'U9 Thes P3','8v8','4x15','trial','2026-05-20 17:25:15',1);
/*!40000 ALTER TABLE `teams` ENABLE KEYS */;
UNLOCK TABLES;

--
-- Table structure for table `user_teams`
--

DROP TABLE IF EXISTS `user_teams`;
/*!40101 SET @saved_cs_client     = @@character_set_client */;
/*!50503 SET character_set_client = utf8mb4 */;
CREATE TABLE `user_teams` (
  `user_id` int NOT NULL,
  `team_id` int NOT NULL,
  PRIMARY KEY (`user_id`,`team_id`),
  KEY `FK_UT_Teams` (`team_id`),
  CONSTRAINT `FK_UT_Teams` FOREIGN KEY (`team_id`) REFERENCES `teams` (`id`) ON DELETE CASCADE,
  CONSTRAINT `FK_UT_Users` FOREIGN KEY (`user_id`) REFERENCES `users` (`id`) ON DELETE CASCADE
) ENGINE=InnoDB DEFAULT CHARSET=utf8mb4 COLLATE=utf8mb4_0900_ai_ci;
/*!40101 SET character_set_client = @saved_cs_client */;

--
-- Dumping data for table `user_teams`
--

LOCK TABLES `user_teams` WRITE;
/*!40000 ALTER TABLE `user_teams` DISABLE KEYS */;
INSERT INTO `user_teams` VALUES (2,1),(3,1),(4,1),(4,2),(5,2);
/*!40000 ALTER TABLE `user_teams` ENABLE KEYS */;
UNLOCK TABLES;

--
-- Table structure for table `users`
--

DROP TABLE IF EXISTS `users`;
/*!40101 SET @saved_cs_client     = @@character_set_client */;
/*!50503 SET character_set_client = utf8mb4 */;
CREATE TABLE `users` (
  `id` int NOT NULL AUTO_INCREMENT,
  `team_id` int DEFAULT NULL,
  `email` varchar(255) NOT NULL,
  `first_name` varchar(50) DEFAULT NULL,
  `last_name` varchar(50) DEFAULT NULL,
  `password_hash` varchar(255) NOT NULL,
  `is_verified` tinyint(1) DEFAULT '0',
  `verification_token` varchar(64) DEFAULT NULL,
  `reset_token` varchar(64) DEFAULT NULL,
  `reset_expires_at` datetime DEFAULT NULL,
  `role` varchar(50) NOT NULL DEFAULT 'User',
  `is_beta_user` tinyint(1) DEFAULT '0',
  `oauth_provider` varchar(50) DEFAULT NULL,
  `oauth_uid` varchar(255) DEFAULT NULL,
  `created_at` datetime NOT NULL DEFAULT CURRENT_TIMESTAMP,
  `last_activity` datetime DEFAULT NULL,
  PRIMARY KEY (`id`),
  UNIQUE KEY `email` (`email`),
  KEY `FK_Users_Teams` (`team_id`),
  CONSTRAINT `FK_Users_Teams` FOREIGN KEY (`team_id`) REFERENCES `teams` (`id`) ON DELETE SET NULL
) ENGINE=InnoDB AUTO_INCREMENT=6 DEFAULT CHARSET=utf8mb4 COLLATE=utf8mb4_0900_ai_ci;
/*!40101 SET character_set_client = @saved_cs_client */;

--
-- Dumping data for table `users`
--

LOCK TABLES `users` WRITE;
/*!40000 ALTER TABLE `users` DISABLE KEYS */;
INSERT INTO `users` VALUES (1,NULL,'admin@squadly.local','Robin','Stroobants','$2y$10$cIIvGH.rzOIiDeNG35Dbue8VO.ZDpERff1b6a6vp4TKiOxFqReXHO',1,NULL,NULL,NULL,'superadmin',0,NULL,NULL,'2026-04-17 19:50:56','2026-04-23 09:56:47'),(2,1,'brent@thesip.be','Brent','Masset','$2y$10$/.a48vRh2TRV7Bfy2p9sbeylVMrG4PFrzdKAIGSmzzxIVVG6JbuR.',1,NULL,NULL,NULL,'User',0,NULL,NULL,'2026-04-20 12:20:08','2026-04-23 08:38:51'),(3,1,'shirley@thesip.be','Shirley','Leijsten','$2y$10$HdiqDH11NOtkgYdxRHwi4O5jdQ/PwY1QmAQj2CEXp1C.yJCrY41gi',1,NULL,NULL,NULL,'User',0,NULL,NULL,'2026-04-20 12:20:08',NULL),(4,2,'rstroobants@gmail.com','Robin','Stroobants','$2y$10$dK2FZu2aFL/90Sfy8ohTF.eSBVc9oa8VPEvAV4ffrb7a7kBfwJG/q',1,NULL,'4a590130af21c79b9767cfe33c01b3b9a70a4e21b3a70f8db615fa78c4b12201','2026-04-20 21:51:58','coach',1,NULL,NULL,'2026-04-20 17:25:15',NULL),(5,2,'robin@webbit.be','Robin','Stroobants','$2y$10$5kN69FbNJ4IsSi4A/yhPnOIiunQ1NVQERRTSbGItgzck8K3J4nh4q',1,NULL,NULL,NULL,'User',0,NULL,NULL,'2026-04-20 21:46:29',NULL);
/*!40000 ALTER TABLE `users` ENABLE KEYS */;
UNLOCK TABLES;
/*!40103 SET TIME_ZONE=@OLD_TIME_ZONE */;

/*!40101 SET SQL_MODE=@OLD_SQL_MODE */;
/*!40014 SET FOREIGN_KEY_CHECKS=@OLD_FOREIGN_KEY_CHECKS */;
/*!40014 SET UNIQUE_CHECKS=@OLD_UNIQUE_CHECKS */;
/*!40101 SET CHARACTER_SET_CLIENT=@OLD_CHARACTER_SET_CLIENT */;
/*!40101 SET CHARACTER_SET_RESULTS=@OLD_CHARACTER_SET_RESULTS */;
/*!40101 SET COLLATION_CONNECTION=@OLD_COLLATION_CONNECTION */;
/*!40111 SET SQL_NOTES=@OLD_SQL_NOTES */;

-- Dump completed on 2026-04-23  9:59:40
